Time(S),GPU0_Power(W),GPU1_Power(W),GPU2_Power(W),GPU3_Power(W)
0.21,71.67,74.4,69.0,71.55
0.21,71.69,74.29,68.97,71.58
0.42,71.68,74.22,68.99,71.56
0.62,71.68,74.19,68.97,71.56
0.83,71.66,74.23,68.97,71.57
1.04,71.66,74.33,68.98,71.57
1.25,71.63,74.43,68.97,71.59
1.45,71.64,74.37,68.98,71.57
1.66,71.65,74.28,68.98,71.58
1.87,71.66,74.21,69.01,71.6
2.08,71.66,74.18,69.02,71.6
2.28,71.68,74.26,68.99,71.61
2.49,71.65,74.36,68.98,71.6
2.70,71.66,74.4,68.99,71.61
2.90,71.66,74.31,69.02,71.58
3.11,71.65,74.25,69.04,71.57
3.31,71.69,74.18,69.02,71.57
3.52,71.68,74.18,69.0,71.54
3.73,71.65,74.25,69.02,71.56
3.93,71.65,74.37,69.04,71.55
4.14,71.64,74.32,69.02,71.55
4.35,71.62,74.26,69.01,71.57
4.56,71.61,74.22,69.01,71.55
4.76,71.64,74.18,69.03,71.56
4.97,71.64,74.18,69.04,71.54
5.18,71.66,74.32,69.02,71.56
5.42,71.64,74.22,68.98,71.57
6.13,71.65,74.25,69.03,71.55
6.53,71.61,74.17,69.06,71.55
7.68,71.65,74.32,69.04,71.65
8.48,71.66,74.25,69.02,71.62
8.69,71.65,74.21,69.02,71.62
8.90,71.65,74.2,69.04,71.61
9.10,71.65,74.23,69.05,71.59
9.31,71.62,74.36,69.03,71.57
9.51,71.63,74.37,69.0,71.55
9.73,71.66,74.25,69.02,71.56
10.09,81.86,74.21,69.03,71.59
10.35,92.63,74.21,69.02,71.58
10.55,100.31,74.29,69.03,71.58
10.75,109.15,74.39,69.06,71.58
10.95,118.46,74.36,69.07,71.53
11.15,117.84,74.26,69.05,71.56
11.35,117.09,74.21,69.02,71.56
11.55,116.89,74.18,68.99,71.58
11.75,116.89,74.21,69.03,71.6
11.95,116.9,74.31,69.05,71.61
12.15,116.91,74.42,69.04,71.61
12.35,116.94,74.37,69.04,71.6
12.55,117.02,74.21,69.05,71.61
12.95,117.0,74.18,69.0,71.56
13.15,117.03,74.22,68.98,71.56
13.35,116.97,74.32,68.98,71.53
13.55,117.02,74.43,68.98,71.54
13.81,116.99,74.36,69.01,71.53
14.01,117.03,74.29,69.02,71.54
14.21,117.03,74.25,69.02,71.57
14.45,117.06,74.25,69.0,71.59
14.65,117.05,74.33,68.98,71.59
14.85,117.07,74.43,69.03,71.58
15.05,117.04,74.42,69.04,71.58
15.25,117.08,74.32,69.03,71.58
15.45,117.15,74.25,69.03,71.56
15.65,117.11,74.2,69.04,71.58
15.85,117.07,74.25,69.03,71.58
16.05,117.11,74.33,69.0,71.6
16.25,117.06,74.43,69.0,71.59
16.45,117.03,74.31,69.05,71.57
16.85,117.07,74.19,69.03,71.52
17.23,117.09,74.21,68.98,71.56
17.43,117.08,74.21,68.99,71.54
18.50,117.05,74.34,68.98,71.57
19.31,117.13,74.18,69.02,71.54
20.16,117.11,74.18,69.0,71.52
21.23,117.12,74.24,69.0,71.55
21.64,117.17,74.35,69.02,71.58
22.07,117.1,74.2,69.02,71.56
22.76,117.17,74.36,69.02,71.55
23.17,117.2,74.3,69.04,71.53
23.60,117.21,74.2,69.01,71.52
24.02,117.13,74.26,69.04,71.53
24.40,117.16,74.4,68.99,71.53
24.72,117.13,74.25,69.03,71.56
25.13,117.15,74.21,69.0,71.58
25.56,117.21,74.4,69.02,71.55
25.99,117.22,74.18,69.02,71.57
26.73,117.22,74.33,68.97,71.53
27.58,117.19,74.24,68.98,71.56
28.38,117.26,74.21,69.01,71.54
29.25,117.2,74.36,68.99,71.54
30.26,117.26,74.17,69.0,71.5
31.11,117.2,74.36,69.01,71.52
31.60,117.22,74.27,69.02,71.54
31.83,117.23,74.2,69.01,71.52
32.05,117.28,74.15,69.0,71.55
32.26,117.28,74.17,69.04,71.53
32.47,117.29,74.25,69.05,71.56
32.68,117.29,74.35,69.02,71.58
32.89,117.29,74.28,69.02,71.58
33.10,117.28,74.23,69.02,71.61
33.30,117.3,74.18,69.04,71.56
33.51,117.33,74.17,69.09,71.54
33.72,117.31,74.24,69.09,71.53
33.93,117.34,74.36,69.07,71.52
34.14,117.32,74.35,69.03,71.54
34.35,117.3,74.27,69.03,71.55
34.56,117.31,74.22,69.04,71.58
34.77,117.31,74.2,69.04,71.58
34.98,117.24,74.21,69.04,71.57
35.19,117.23,74.28,69.03,71.55
35.40,117.26,74.38,69.01,71.56
35.61,117.26,74.31,69.04,71.57
35.82,117.27,74.22,69.05,71.58
36.03,117.27,74.17,69.03,71.58
36.24,117.3,74.18,69.03,71.58
36.45,117.25,74.21,69.02,71.56
36.66,117.25,74.35,69.05,71.53
36.87,117.27,74.34,69.09,71.52
37.08,117.3,74.27,69.06,71.56
37.29,117.25,74.22,69.04,71.54
37.50,117.26,74.2,68.99,71.54
37.71,117.26,74.22,69.01,71.54
37.92,117.28,74.32,69.06,71.53
38.13,117.3,74.4,69.05,71.51
38.34,117.35,74.33,69.04,71.54
38.55,117.36,74.27,69.03,71.56
38.75,117.37,74.21,69.04,71.57
38.96,117.42,74.2,69.06,71.58
39.17,117.37,74.25,69.07,71.57
39.38,117.39,74.36,69.06,71.57
39.60,117.36,74.33,69.08,71.54
39.89,117.38,74.26,69.06,71.56
40.09,117.4,74.22,69.05,71.55
40.29,117.56,74.44,69.02,71.55
41.05,117.51,74.39,69.1,71.55
41.25,117.43,74.3,69.07,71.53
41.45,117.4,74.23,69.06,71.56
41.65,117.42,74.2,69.0,71.56
41.85,117.47,74.21,69.05,71.56
42.05,117.48,74.31,69.03,71.56
42.25,117.7,74.4,69.04,71.57
42.45,117.94,74.36,69.02,71.54
42.65,118.01,74.25,69.08,71.53
42.85,118.13,74.2,69.08,71.53
43.05,118.35,74.18,69.08,71.54
43.25,118.36,74.21,69.05,71.53
43.45,118.24,74.42,69.06,71.54
43.85,118.27,74.36,69.07,71.53
44.05,118.2,74.26,69.07,71.54
44.25,118.18,74.19,69.04,71.53
44.45,118.09,74.18,69.09,71.55
44.65,118.26,74.21,69.07,71.56
44.85,118.29,74.33,69.04,71.56
45.05,118.26,74.4,69.0,71.58
45.25,118.32,74.23,69.02,71.57
45.65,118.41,74.17,69.03,71.55
45.85,118.42,74.14,69.04,71.57
46.05,118.42,74.16,69.04,71.59
46.25,118.31,74.33,69.08,71.6
46.45,118.45,74.34,69.06,71.62
46.65,118.33,74.26,69.05,71.6
46.85,118.36,74.2,69.03,71.58
47.05,118.39,74.17,69.07,71.59
47.25,118.35,74.19,69.07,71.54
47.66,118.35,74.31,69.04,71.55
47.86,118.34,74.32,69.05,71.56
48.06,118.31,74.21,69.07,71.55
48.26,118.23,74.18,69.05,71.56
48.46,118.24,74.17,69.04,71.53
48.85,118.31,74.22,69.06,71.53
49.05,118.38,74.36,69.06,71.56
49.25,118.33,74.34,69.05,71.57
49.45,118.25,74.26,69.03,71.59
49.65,118.31,74.22,69.04,71.6
49.85,118.18,74.19,69.08,71.58
50.25,118.28,74.25,69.06,71.57
50.45,118.39,74.31,69.09,71.54
50.83,118.29,74.21,69.05,71.56
51.03,118.44,74.17,69.03,71.57
51.23,118.42,74.15,69.01,71.56
51.43,118.2,74.18,69.05,71.58
51.63,118.29,74.26,69.06,71.57
51.83,118.33,74.39,69.05,71.58
52.03,118.26,74.35,69.05,71.58
52.23,118.27,74.26,69.07,71.57
52.43,118.3,74.2,69.07,71.57
52.63,118.28,74.17,69.03,71.58
52.83,118.2,74.18,69.03,71.55
53.03,118.23,74.37,69.04,71.55
53.40,118.3,74.33,69.04,71.55
53.60,118.26,74.24,69.04,71.53
53.80,118.35,74.2,69.04,71.56
54.00,118.3,74.19,69.04,71.58
54.20,118.44,74.28,69.01,71.55
54.58,118.54,74.39,69.02,71.56
54.78,118.55,74.29,69.05,71.54
54.98,118.53,74.19,69.04,71.57
55.18,118.38,74.13,69.05,71.58
55.38,118.56,74.13,69.06,71.62
55.58,118.49,74.23,69.07,71.63
55.89,118.43,74.37,69.08,71.61
56.09,118.56,74.36,69.08,71.58
56.29,118.51,74.25,69.09,71.58
56.49,118.51,74.16,69.09,71.6
56.69,118.61,74.16,69.1,71.57
57.06,118.58,74.24,69.07,71.58
57.26,118.58,74.39,69.06,71.55
57.46,118.55,74.39,69.05,71.54
57.66,118.44,74.28,69.1,71.53
57.86,118.39,74.17,69.08,71.53
58.26,118.45,74.18,69.04,71.57
58.46,118.45,74.27,69.06,71.58
58.66,118.37,74.4,69.07,71.58
58.86,118.28,74.38,69.08,71.6
59.06,118.43,74.29,69.06,71.59
59.26,118.44,74.16,69.12,71.58
59.63,118.43,74.17,69.11,71.57
59.83,118.44,74.23,69.04,71.56
60.03,118.41,74.37,69.08,71.56
60.23,118.38,74.37,69.1,71.56
60.43,118.31,74.22,69.07,71.55
60.82,118.33,74.18,69.11,71.56
61.02,118.31,74.15,69.11,71.55
61.22,118.29,74.21,69.09,71.57
61.42,118.23,74.36,69.1,71.58
61.62,118.36,74.32,69.09,71.59
61.82,118.36,74.19,69.06,71.6
62.12,118.39,74.15,69.06,71.6
62.32,118.47,74.14,69.1,71.58
62.52,118.44,74.16,69.08,71.57
62.72,118.49,74.28,69.07,71.58
62.92,118.52,74.27,69.09,71.58
63.30,118.5,74.2,69.08,71.58
63.50,118.43,74.17,69.06,71.57
63.70,118.44,74.16,69.07,71.56
63.90,118.25,74.2,69.11,71.56
64.10,118.29,74.36,69.09,71.52
64.49,118.36,74.28,69.07,71.56
64.69,118.42,74.21,69.07,71.57
64.89,118.37,74.18,69.09,71.58
65.09,118.28,74.18,69.08,71.58
65.29,118.42,74.21,69.08,71.58
65.49,118.37,74.34,69.11,71.57
65.87,118.39,74.25,69.1,71.58
66.07,118.39,74.18,69.08,71.59
66.27,118.35,74.17,69.08,71.59
66.47,118.29,74.16,69.12,71.6
66.67,118.34,74.32,69.11,71.56
67.06,118.43,74.36,69.1,71.55
67.26,118.44,74.27,69.13,71.55
67.46,118.44,74.21,69.11,71.56
67.66,118.31,74.2,69.1,71.57
67.86,118.41,74.19,69.07,71.57
68.06,118.5,74.3,69.08,71.55
68.36,118.47,74.38,69.06,71.57
68.56,118.5,74.31,69.09,71.54
68.76,118.53,74.23,69.1,71.57
68.96,118.54,74.19,69.1,71.58
69.16,118.47,74.2,69.1,71.6
69.54,118.46,74.28,69.09,71.6
69.74,118.46,74.38,69.09,71.6
69.94,118.43,74.3,69.06,71.59
70.14,118.3,74.21,69.1,71.61
70.34,118.44,74.17,69.07,71.58
70.73,118.4,74.19,69.04,71.57
70.93,118.4,74.28,69.07,71.56
71.13,118.39,74.39,69.08,71.56
71.33,118.27,74.29,69.09,71.55
71.53,118.4,74.2,69.1,71.54
71.73,118.57,74.11,69.1,71.54
72.10,118.5,74.15,69.09,71.55
72.30,118.54,74.28,69.08,71.56
72.50,118.51,74.38,69.1,71.58
72.70,118.37,74.33,69.11,71.57
72.90,118.47,74.18,69.08,71.58
73.29,118.48,74.16,69.08,71.58
73.49,118.53,74.2,69.11,71.57
73.69,118.48,74.29,69.1,71.58
73.89,118.32,74.41,69.09,71.6
74.09,118.4,74.34,69.09,71.58
74.29,118.52,74.18,69.11,71.53
74.60,118.55,74.16,69.1,71.53
74.80,118.64,74.17,69.14,71.51
75.00,118.66,74.25,69.11,71.52
75.20,118.66,74.41,69.1,71.52
75.40,118.56,74.28,69.08,71.57
75.77,118.55,74.2,69.1,71.58
75.97,118.39,74.15,69.1,71.58
76.17,118.49,74.12,69.07,71.56
76.37,118.5,74.19,69.12,71.57
76.57,118.61,74.36,69.08,71.55
76.96,118.58,74.26,69.06,71.56
77.16,118.58,74.2,69.07,71.55
77.36,118.51,74.16,69.09,71.55
77.56,118.33,74.13,69.09,71.54
77.76,118.44,74.21,69.09,71.55
77.96,118.47,74.31,69.14,71.55
78.33,118.43,74.23,69.14,71.59
78.53,118.55,74.17,69.11,71.58
78.73,118.58,74.15,69.1,71.58
78.93,118.46,74.15,69.12,71.57
79.14,118.62,74.34,69.07,71.59
79.52,118.68,74.32,69.07,71.59
79.72,118.64,74.25,69.08,71.58
79.92,118.56,74.19,69.07,71.6
80.12,118.36,74.18,69.06,71.59
80.32,118.56,74.16,69.06,71.61
80.52,118.64,74.3,69.08,71.58
80.82,118.6,74.36,69.07,71.57
81.02,118.67,74.27,69.1,71.57
81.22,118.64,74.18,69.11,71.57
81.42,118.57,74.16,69.12,71.56
81.62,118.61,74.18,69.16,71.57
82.00,118.51,74.29,69.16,71.55
82.20,118.51,74.36,69.14,71.57
82.40,118.54,74.28,69.15,71.57
82.60,118.41,74.21,69.16,71.59
82.80,118.59,74.16,69.12,71.62
83.19,118.62,74.19,69.11,71.61
83.39,118.75,74.32,69.12,71.6
83.59,118.74,74.36,69.11,71.59
83.79,118.63,74.26,69.12,71.57
83.99,118.83,74.18,69.1,71.58
84.19,118.77,74.15,69.1,71.57
84.56,118.71,74.2,69.08,71.58
84.76,118.61,74.33,69.07,71.59
84.96,118.57,74.39,69.09,71.59
85.16,118.39,74.3,69.14,71.58
85.36,118.46,74.21,69.14,71.57
85.75,118.43,74.18,69.11,71.57
85.95,118.46,74.22,69.12,71.57
86.15,118.56,74.35,69.11,71.57
86.35,118.42,74.39,69.11,71.6
86.55,118.54,74.27,69.11,71.59
86.75,118.58,74.18,69.12,71.58
87.05,118.5,74.17,69.14,71.57
87.25,118.53,74.19,69.14,71.58
87.45,118.51,74.28,69.12,71.57
87.65,118.56,74.4,69.11,71.55
87.85,118.57,74.21,69.13,71.53
88.23,118.58,74.17,69.13,71.56
88.43,118.6,74.13,69.13,71.57
88.63,118.56,74.15,69.13,71.58
88.83,118.42,74.27,69.13,71.59
89.03,118.45,74.31,69.12,71.61
89.42,118.46,74.22,69.08,71.59
89.62,118.45,74.17,69.12,71.58
89.82,118.42,74.14,69.12,71.58
90.02,118.39,74.17,69.1,71.58
90.22,118.53,74.3,69.07,71.58
90.42,118.63,74.33,69.1,71.55
90.79,118.68,74.24,69.11,71.56
90.99,118.6,74.17,69.1,71.53
91.19,118.66,74.15,69.11,71.52
91.39,118.66,74.16,69.14,71.52
91.59,118.59,74.38,69.1,71.57
91.97,118.68,74.33,69.09,71.59
92.17,118.57,74.24,69.1,71.59
92.37,118.59,74.19,69.1,71.59
92.57,118.55,74.16,69.1,71.58
92.77,118.7,74.16,69.1,71.58
92.97,118.6,74.36,69.11,71.58
93.29,118.6,74.37,69.08,71.59
93.49,118.63,74.27,69.12,71.6
93.69,118.6,74.22,69.1,71.59
93.89,118.58,74.18,69.08,71.59
94.09,118.64,74.19,69.14,71.54
94.46,118.58,74.33,69.13,71.57
94.66,118.67,74.33,69.14,71.58
94.86,118.61,74.22,69.13,71.59
95.06,118.41,74.16,69.15,71.57
95.26,118.48,74.14,69.12,71.58
95.66,118.44,74.19,69.11,71.57
95.86,118.49,74.35,69.12,71.57
96.06,118.5,74.37,69.13,71.58
96.26,118.35,74.27,69.13,71.61
96.46,118.44,74.21,69.11,71.59
96.66,118.43,74.16,69.12,71.59
97.03,118.45,74.21,69.14,71.59
97.23,118.47,74.33,69.13,71.59
97.43,118.47,74.36,69.14,71.58
97.63,118.51,74.25,69.16,71.59
97.83,118.52,74.17,69.13,71.57
98.21,118.53,74.15,69.12,71.56
98.41,118.52,74.2,69.16,71.56
98.61,118.53,74.35,69.16,71.57
98.81,118.4,74.37,69.16,71.56
99.01,118.49,74.29,69.15,71.58
99.21,118.59,74.21,69.15,71.61
99.52,118.54,74.18,69.12,71.61
99.72,118.5,74.2,69.15,71.62
99.92,118.47,74.31,69.13,71.63
100.12,118.45,74.38,69.12,71.61
100.32,118.45,74.24,69.16,71.57
100.70,118.45,74.18,69.15,71.59
100.90,118.51,74.17,69.14,71.59
101.10,118.54,74.21,69.14,71.58
101.30,118.4,74.34,69.14,71.59
101.50,118.48,74.31,69.17,71.55
101.89,118.47,74.23,69.14,71.54
102.09,118.44,74.18,69.16,71.55
102.29,118.43,74.15,69.15,71.56
102.49,118.43,74.19,69.14,71.57
102.69,118.5,74.32,69.11,71.58
102.89,118.56,74.32,69.14,71.57
103.26,118.56,74.22,69.14,71.56
103.46,118.56,74.18,69.13,71.56
103.66,118.48,74.15,69.14,71.59
103.86,118.39,74.2,69.17,71.59
104.06,118.64,74.42,69.13,71.58
104.44,118.69,74.35,69.11,71.57
104.64,118.72,74.25,69.15,71.55
104.84,118.73,74.19,69.13,71.54
105.04,118.61,74.16,69.14,71.55
105.24,118.68,74.19,69.12,71.58
105.44,118.68,74.39,69.12,71.58
105.75,118.61,74.39,69.12,71.6
105.95,118.57,74.3,69.14,71.61
106.15,118.63,74.22,69.13,71.61
106.35,118.59,74.17,69.14,71.59
106.55,118.43,74.26,69.12,71.58
106.93,118.46,74.38,69.12,71.56
107.13,118.41,74.4,69.11,71.58
107.33,118.41,74.28,69.08,71.57
107.53,118.38,74.22,69.1,71.57
107.73,118.63,74.13,69.12,71.54
108.12,118.84,74.21,69.11,71.54
108.32,118.9,74.36,69.13,71.55
108.52,118.85,74.37,69.16,71.57
108.72,118.76,74.26,69.14,71.59
108.92,118.92,74.21,69.11,71.6
109.12,118.77,74.14,69.11,71.6
109.49,118.65,74.18,69.1,71.59
109.69,118.53,74.34,69.09,71.6
109.89,118.42,74.36,69.09,71.6
110.09,118.39,74.26,69.14,71.59
110.29,118.49,74.15,69.11,71.59
110.68,118.51,74.16,69.11,71.59
110.88,118.59,74.2,69.14,71.57
111.08,118.61,74.35,69.14,71.57
111.28,118.5,74.35,69.14,71.58
111.48,118.63,74.26,69.14,71.58
111.68,118.71,74.18,69.11,71.59
111.98,118.62,74.16,69.1,71.57
112.18,118.73,74.17,69.11,71.57
112.38,118.79,74.31,69.12,71.57
112.58,118.77,74.37,69.12,71.57
112.78,118.66,74.22,69.15,71.58
113.16,118.64,74.16,69.13,71.61
113.36,118.54,74.14,69.13,71.6
113.56,118.59,74.15,69.11,71.6
113.76,118.45,74.27,69.12,71.59
113.96,118.58,74.3,69.13,71.57
114.35,118.61,74.23,69.1,71.55
114.55,118.53,74.19,69.11,71.54
114.75,118.56,74.18,69.1,71.56
114.95,118.41,74.2,69.09,71.56
115.15,118.54,74.3,69.09,71.57
115.35,118.63,74.34,69.12,71.54
115.72,118.67,74.26,69.12,71.57
115.92,118.62,74.2,69.12,71.56
116.12,118.61,74.17,69.12,71.6
116.32,118.44,74.19,69.12,71.6
116.52,118.55,74.37,69.1,71.61
116.90,118.57,74.28,69.1,71.61
117.10,118.5,74.2,69.13,71.59
117.30,118.55,74.15,69.13,71.6
117.50,118.51,74.14,69.12,71.58
117.70,118.63,74.17,69.12,71.57
117.90,118.64,74.37,69.1,71.56
118.20,118.61,74.37,69.1,71.58
118.40,118.63,74.26,69.13,71.55
118.60,118.64,74.21,69.15,71.56
118.80,118.68,74.18,69.14,71.57
119.00,118.61,74.24,69.14,71.61
119.38,118.56,74.39,69.14,71.6
119.58,118.74,74.26,69.09,71.57
119.99,118.51,74.2,69.11,71.55
120.19,118.68,74.15,69.12,71.58
120.60,118.59,74.26,69.13,71.6
120.80,118.54,74.39,69.13,71.62
121.00,118.72,74.28,69.15,71.6
121.34,118.53,74.22,69.14,71.56
121.54,118.46,74.18,69.15,71.54
121.93,118.55,74.25,69.15,71.56
122.13,118.74,74.39,69.12,71.61
122.53,118.72,74.3,69.14,71.61
122.73,118.86,74.22,69.13,71.61
122.93,118.8,74.15,69.12,71.61
123.13,118.54,74.13,69.15,71.6
123.34,118.53,74.23,69.16,71.61
123.54,118.54,74.38,69.17,71.6
123.74,118.55,74.37,69.15,71.62
123.94,118.47,74.29,69.13,71.6
124.14,118.53,74.19,69.13,71.57
124.44,118.58,74.14,69.12,71.57
124.64,118.62,74.16,69.12,71.59
124.84,118.7,74.29,69.13,71.56
125.04,118.73,74.36,69.14,71.6
125.24,118.69,74.21,69.12,71.6
125.61,118.74,74.18,69.11,71.6
125.81,118.66,74.14,69.11,71.59
126.01,118.65,74.16,69.1,71.59
126.21,118.62,74.27,69.13,71.58
126.41,118.69,74.27,69.14,71.6
126.81,118.74,74.21,69.12,71.6
127.01,118.72,74.17,69.13,71.6
127.21,118.71,74.17,69.1,71.61
127.51,118.77,74.23,69.13,71.61
127.71,118.76,74.3,69.13,71.6
128.11,118.67,74.22,69.13,71.59
128.31,118.71,74.14,69.11,71.57
128.71,118.57,74.15,69.1,71.56
128.91,118.68,74.35,69.09,71.55
129.31,118.72,74.32,69.11,71.56
129.52,118.71,74.18,69.1,71.57
129.93,118.66,74.17,69.09,71.57
130.13,118.62,74.2,69.11,71.6
130.33,118.53,74.28,69.11,71.57
130.53,118.55,74.4,69.13,71.58
130.73,118.6,74.32,69.13,71.56
130.93,118.66,74.17,69.08,71.56
131.31,118.74,74.17,69.07,71.56
131.51,118.84,74.31,69.06,71.56
131.92,118.64,74.39,69.08,71.57
132.12,118.74,74.21,69.12,71.58
132.52,118.55,74.16,69.1,71.6
132.72,118.6,74.19,69.1,71.61
133.14,118.54,74.34,69.09,71.61
133.34,118.55,74.4,69.06,71.6
133.54,118.61,74.24,69.09,71.58
133.87,118.54,74.2,69.1,71.57
134.07,118.64,74.21,69.1,71.59
134.47,118.55,74.31,69.1,71.6
134.67,118.54,74.32,69.06,71.57
135.07,118.41,74.23,69.05,71.6
135.27,118.76,74.14,69.07,71.59
135.68,118.66,74.18,69.08,71.6
135.88,118.74,74.38,69.08,71.62
136.29,118.6,74.33,69.08,71.61
136.49,118.55,74.25,69.08,71.62
136.69,118.83,74.16,69.1,71.57
137.02,118.68,74.19,69.11,71.58
137.22,118.88,74.39,69.1,71.57
137.61,118.95,74.35,69.08,71.59
137.81,118.88,74.16,69.08,71.57
138.22,118.71,74.11,69.1,71.55
138.42,118.78,74.3,69.09,71.56
138.84,118.74,74.41,69.1,71.56
139.04,118.63,74.25,69.08,71.58
139.45,118.58,74.18,69.07,71.59
139.65,118.56,74.14,69.08,71.56
139.85,118.64,74.24,69.08,71.59
140.18,118.59,74.38,69.08,71.59
140.38,118.75,74.24,69.08,71.63
140.78,118.66,74.2,69.09,71.61
140.98,118.7,74.16,69.08,71.59
141.38,118.44,74.25,69.07,71.59
141.58,118.66,74.32,69.07,71.6
141.96,118.63,74.23,69.09,71.61
142.16,118.62,74.16,69.09,71.6
142.36,118.71,74.15,69.1,71.59
142.56,118.64,74.16,69.09,71.58
142.76,118.81,74.24,69.1,71.58
142.96,118.73,74.35,69.1,71.6
143.27,118.68,74.27,69.1,71.6
143.47,118.66,74.21,69.09,71.63
143.67,118.55,74.17,69.08,71.63
143.87,118.66,74.16,69.07,71.61
144.07,118.79,74.32,69.07,71.58
144.44,118.79,74.33,69.08,71.58
144.64,118.78,74.23,69.09,71.58
144.84,118.69,74.18,69.09,71.58
145.04,118.47,74.14,69.08,71.61
145.24,118.65,74.21,69.09,71.59
145.64,118.85,74.34,69.09,71.55
145.84,118.89,74.37,69.1,71.57
146.04,118.98,74.24,69.12,71.56
146.34,118.83,74.2,69.12,71.57
146.54,118.81,74.18,69.11,71.59
146.93,118.84,74.29,69.1,71.61
147.13,118.82,74.28,69.07,71.57
147.53,118.66,74.21,69.08,71.59
147.73,118.71,74.12,69.05,71.58
148.14,118.53,74.15,69.06,71.59
148.34,118.54,74.35,69.04,71.54
148.76,118.48,74.28,69.07,71.56
148.96,118.47,74.22,69.07,71.57
149.16,118.66,74.14,69.05,71.57
149.49,118.56,74.17,69.06,71.6
149.69,118.77,74.37,69.03,71.59
150.06,118.75,74.32,69.03,71.58
150.26,118.74,74.23,69.04,71.57
150.46,118.7,74.16,69.04,71.6
150.66,118.58,74.14,69.08,71.6
150.86,118.73,74.24,69.1,71.6
151.24,118.72,74.39,69.08,71.57
151.44,118.72,74.36,69.08,71.61
151.64,118.6,74.27,69.07,71.58
151.84,118.49,74.19,69.07,71.59
152.04,118.68,74.16,69.06,71.61
152.24,118.77,74.2,69.06,71.61
152.55,118.72,74.34,69.04,71.61
152.75,118.69,74.37,69.06,71.59
152.95,118.64,74.28,69.05,71.61
153.15,118.63,74.2,69.08,71.59
153.35,118.66,74.13,69.1,71.57
153.72,118.68,74.19,69.1,71.57
153.92,118.67,74.32,69.1,71.57
154.12,118.64,74.38,69.08,71.58
154.32,118.39,74.29,69.08,71.58
154.52,118.51,74.12,69.06,71.53
154.92,118.61,74.11,69.08,71.52
155.12,118.58,74.2,69.08,71.5
155.32,118.64,74.34,69.09,71.51
155.52,118.44,74.39,69.07,71.57
155.72,118.57,74.32,69.08,71.57
155.92,118.47,74.17,69.04,71.59
156.29,118.55,74.15,69.04,71.58
156.49,118.54,74.17,69.04,71.6
156.69,118.51,74.29,69.06,71.59
156.89,118.51,74.36,69.06,71.63
157.09,118.6,74.2,69.08,71.62
157.47,118.62,74.17,69.07,71.62
157.67,118.63,74.12,69.06,71.58
157.87,118.65,74.15,69.06,71.6
158.07,118.67,74.3,69.08,71.56
158.27,118.76,74.36,69.08,71.57
158.47,118.74,74.2,69.09,71.58
158.78,118.83,74.16,69.06,71.57
158.98,118.89,74.12,69.08,71.57
159.18,118.89,74.13,69.06,71.55
159.38,118.87,74.21,69.08,71.56
159.58,118.81,74.3,69.1,71.57
159.96,118.86,74.21,69.07,71.61
160.16,118.75,74.17,69.08,71.6
160.36,118.69,74.14,69.04,71.62
160.56,118.46,74.18,69.04,71.61
160.76,118.69,74.38,69.05,71.59
161.15,118.75,74.35,69.06,71.58
161.35,118.75,74.27,69.08,71.58
161.55,118.69,74.18,69.09,71.56
161.75,118.51,74.14,69.07,71.57
161.95,118.76,74.15,69.08,71.58
162.15,118.67,74.33,69.05,71.58
162.52,118.76,74.32,69.04,71.58
162.72,118.75,74.25,69.05,71.6
162.92,118.71,74.21,69.07,71.63
163.12,118.58,74.18,69.09,71.63
163.32,118.58,74.25,69.09,71.61
163.71,118.58,74.36,69.08,71.59
163.91,118.6,74.32,69.06,71.57
164.11,118.68,74.21,69.04,71.57
164.31,118.71,74.14,69.05,71.58
164.51,118.8,74.13,69.05,71.59
164.71,118.72,74.19,69.04,71.62
165.02,118.61,74.33,69.03,71.59
165.22,118.48,74.38,69.04,71.59
165.42,118.49,74.29,69.02,71.59
165.62,118.54,74.22,69.05,71.57
165.82,118.6,74.17,69.08,71.6
166.19,118.78,74.21,69.06,71.59
166.39,118.76,74.33,69.07,71.65
166.59,118.85,74.38,69.06,71.61
166.79,118.71,74.29,69.06,71.63
166.99,118.69,74.15,69.06,71.6
167.39,118.61,74.16,69.08,71.6
167.59,118.57,74.21,69.08,71.59
167.79,118.51,74.35,69.08,71.57
167.99,118.41,74.38,69.08,71.58
168.19,118.51,74.28,69.09,71.57
168.39,118.62,74.13,69.1,71.55
168.76,118.55,74.13,69.08,71.57
168.96,118.63,74.18,69.11,71.57
169.16,118.74,74.32,69.08,71.57
169.36,118.66,74.38,69.1,71.63
169.56,118.86,74.18,69.08,71.62
169.94,118.83,74.13,69.06,71.6
170.14,118.77,74.13,69.08,71.6
170.34,118.75,74.18,69.06,71.62
170.54,118.48,74.33,69.07,71.6
170.74,118.57,74.39,69.08,71.62
170.94,118.65,74.22,69.05,71.6
171.26,118.74,74.16,69.05,71.58
171.46,118.74,74.11,69.06,71.56
171.66,118.61,74.12,69.06,71.55
171.86,118.57,74.22,69.07,71.58
172.06,118.45,74.29,69.08,71.61
172.43,118.42,74.21,69.07,71.61
172.63,118.42,74.15,69.06,71.59
172.83,118.49,74.13,69.05,71.6
173.03,118.46,74.13,69.05,71.59
173.23,118.55,74.37,69.05,71.57
173.63,118.58,74.31,69.08,71.58
173.83,118.62,74.21,69.05,71.63
174.03,118.64,74.18,69.06,71.61
174.23,118.5,74.15,69.05,71.62
174.43,118.59,74.15,69.07,71.58
174.63,118.62,74.33,69.08,71.59
175.00,118.6,74.26,69.08,71.58
175.20,118.63,74.17,69.08,71.59
175.40,118.6,74.14,69.07,71.59
175.60,118.45,74.13,69.09,71.59
175.80,118.63,74.23,69.08,71.55
176.18,118.63,74.32,69.06,71.56
176.38,118.63,74.26,69.1,71.59
176.58,118.65,74.17,69.06,71.6
176.78,118.59,74.13,69.07,71.65
176.98,118.75,74.15,69.05,71.64
177.18,118.67,74.22,69.06,71.63
177.49,118.76,74.35,69.03,71.6
177.69,118.72,74.34,69.07,71.59
177.89,118.65,74.23,69.06,71.6
178.09,118.65,74.17,69.06,71.57
178.29,118.54,74.13,69.07,71.59
178.67,118.59,74.19,69.03,71.59
178.87,118.58,74.31,69.01,71.57
179.07,118.62,74.33,69.03,71.55
179.27,118.55,74.24,69.03,71.6
179.47,118.58,74.13,69.05,71.61
179.87,118.65,74.13,69.07,71.6
180.07,118.71,74.2,69.04,71.59
180.27,118.63,74.33,69.06,71.59
180.47,118.54,74.33,69.05,71.57
180.67,118.73,74.23,69.06,71.57
180.87,118.64,74.16,69.08,71.57
181.24,118.65,74.16,69.06,71.61
181.44,118.63,74.24,69.06,71.6
181.64,118.64,74.37,69.03,71.59
181.84,118.53,74.34,69.06,71.59
182.04,118.55,74.16,69.05,71.57
182.43,118.65,74.12,69.04,71.57
182.63,118.61,74.14,69.07,71.57
182.83,118.57,74.21,69.05,71.58
183.03,118.46,74.37,69.05,71.56
183.23,118.55,74.35,69.04,71.61
183.43,118.51,74.17,69.07,71.58
183.74,118.58,74.12,69.06,71.62
183.94,118.62,74.14,69.11,71.61
184.14,118.64,74.17,69.1,71.62
184.34,118.65,74.32,69.08,71.62
184.54,118.58,74.3,69.05,71.62
184.92,118.6,74.19,69.03,71.57
185.12,118.58,74.14,69.01,71.57
185.32,118.56,74.12,69.04,71.58
185.52,118.45,74.18,69.06,71.57
185.72,118.55,74.37,69.05,71.57
186.11,118.58,74.27,69.04,71.58
186.31,118.72,74.18,69.04,71.57
186.51,118.74,74.11,69.04,71.57
186.71,118.59,74.09,69.05,71.6
186.91,118.73,74.15,69.06,71.59
187.11,118.7,74.35,69.1,71.61
187.48,118.72,74.29,69.07,71.6
187.68,118.74,74.21,69.07,71.61
187.88,118.81,74.16,69.06,71.57
188.08,118.74,74.13,69.08,71.57
188.28,118.92,74.26,69.04,71.57
188.66,118.9,74.35,69.04,71.61
188.86,118.87,74.28,69.07,71.59
189.06,118.8,74.19,69.05,71.59
189.26,118.54,74.14,69.04,71.59
189.46,118.64,74.12,69.05,71.57
189.66,118.7,74.18,69.04,71.59
189.97,118.68,74.31,69.05,71.6
190.17,118.64,74.32,69.06,71.63
190.37,118.56,74.22,69.06,71.63
190.57,118.54,74.17,69.04,71.63
190.77,118.48,74.15,69.07,71.6
191.15,118.64,74.2,69.08,71.59
191.35,118.7,74.31,69.07,71.57
191.55,118.64,74.31,69.08,71.58
191.75,118.68,74.2,69.09,71.6
191.95,118.71,74.14,69.07,71.61
192.34,118.78,74.15,69.08,71.59
192.54,118.74,74.22,69.08,71.59
192.74,118.67,74.35,69.08,71.6
192.95,118.57,74.32,69.05,71.61
193.15,118.66,74.21,69.07,71.65
193.35,118.54,74.12,69.08,71.62
193.72,118.57,74.13,69.06,71.63
193.92,118.5,74.19,69.07,71.62
194.12,118.52,74.34,69.06,71.6
194.32,118.41,74.32,69.08,71.61
194.52,118.67,74.15,69.06,71.6
194.90,118.71,74.12,69.07,71.59
195.10,118.75,74.13,69.06,71.62
195.30,118.76,74.21,69.05,71.59
195.50,118.43,74.34,69.06,71.59
195.70,118.59,74.31,69.06,71.6
195.90,118.52,74.15,69.06,71.57
196.21,118.42,74.12,69.05,71.6
196.41,118.73,74.11,69.06,71.58
196.61,118.7,74.16,69.05,71.63
196.81,118.7,74.3,69.01,71.6
197.01,118.69,74.24,69.03,71.6
197.39,118.61,74.18,69.03,71.57
197.59,118.52,74.13,69.04,71.61
197.79,118.47,74.14,69.07,71.61
197.99,118.35,74.18,69.08,71.61
198.19,118.53,74.35,69.03,71.58
198.58,118.6,74.24,69.04,71.58
198.78,118.58,74.14,69.02,71.55
198.98,118.63,74.11,69.04,71.55
199.18,118.47,74.11,69.05,71.58
199.38,118.59,74.17,69.07,71.57
199.58,118.54,74.31,69.07,71.59
199.78,118.5,74.36,69.1,71.59
199.98,118.47,74.24,69.08,71.6
200.18,118.61,74.13,69.04,71.57
200.56,118.71,74.14,69.06,71.59
200.76,118.72,74.19,69.04,71.58
200.96,118.79,74.33,69.03,71.58
201.16,118.65,74.39,69.05,71.62
201.36,118.67,74.19,69.06,71.59
201.76,118.64,74.14,69.02,71.56
201.96,118.59,74.14,69.02,71.55
202.16,118.57,74.19,69.04,71.58
202.36,118.42,74.32,69.07,71.59
202.56,118.57,74.36,69.06,71.58
202.76,118.59,74.18,69.06,71.56
203.13,118.6,74.12,69.08,71.57
203.33,118.69,74.11,69.04,71.55
203.53,118.63,74.17,69.05,71.58
203.73,118.57,74.31,69.07,71.59
203.93,118.55,74.27,69.05,71.64
204.31,118.49,74.21,69.04,71.59
204.51,118.5,74.15,69.05,71.57
204.71,118.58,74.12,69.07,71.56
204.91,118.46,74.17,69.07,71.55
205.11,118.57,74.29,69.07,71.57
205.31,118.78,74.26,69.09,71.56
205.62,118.78,74.17,69.07,71.6
205.82,118.76,74.12,69.04,71.58
206.02,118.89,74.1,69.06,71.59
206.22,119.01,74.1,69.07,71.58
206.42,118.91,74.33,69.06,71.6
206.80,118.85,74.27,69.07,71.61
207.00,118.77,74.17,69.06,71.64
207.20,118.67,74.13,69.05,71.64
207.40,118.54,74.11,69.06,71.63
207.60,118.5,74.22,69.06,71.61
207.99,118.64,74.32,69.04,71.59
208.19,118.62,74.26,69.04,71.59
208.39,118.61,74.17,69.04,71.59
208.59,118.56,74.12,69.08,71.62
208.79,118.65,74.11,69.05,71.59
208.99,118.64,74.18,69.02,71.59
209.36,118.66,74.31,69.03,71.58
209.56,118.54,74.26,68.99,71.61
209.76,118.55,74.18,69.01,71.59
209.96,118.53,74.13,69.02,71.59
210.16,118.51,74.13,69.03,71.57
210.55,118.46,74.21,69.01,71.61
210.75,118.53,74.35,69.01,71.57
210.95,118.51,74.31,69.03,71.58
211.15,118.37,74.21,69.06,71.57
211.35,118.49,74.15,69.04,71.57
211.55,118.63,74.12,69.06,71.58
211.86,118.5,74.16,69.04,71.58
212.06,118.51,74.29,69.03,71.59
212.26,118.41,74.35,69.02,71.58
212.46,118.46,74.23,69.04,71.59
212.66,118.39,74.15,69.01,71.57
213.04,118.49,74.14,69.03,71.62
213.24,118.68,74.19,69.03,71.61
213.44,118.78,74.33,69.0,71.61
213.64,118.64,74.36,69.03,71.6
213.84,118.67,74.17,69.05,71.59
214.23,118.82,74.15,69.03,71.57
214.43,118.72,74.14,69.04,71.57
214.63,118.69,74.2,69.05,71.58
214.83,118.64,74.32,69.07,71.58
215.03,118.71,74.38,69.06,71.62
215.23,118.55,74.15,69.03,71.55
215.60,118.5,74.12,69.05,71.56
215.80,118.57,74.1,69.03,71.57
216.00,118.6,74.15,69.03,71.6
216.20,118.6,74.27,69.06,71.63
216.40,118.64,74.23,69.05,71.62
216.79,118.58,74.14,69.04,71.59
216.99,118.56,74.12,69.03,71.58
217.41,118.43,74.16,69.06,71.59
217.61,118.5,74.31,69.03,71.59
217.81,118.53,74.25,69.03,71.58
218.16,118.52,74.15,69.03,71.58
218.36,118.67,74.11,69.01,71.57
218.56,118.68,74.09,69.03,71.56
218.76,118.71,74.14,69.05,71.57
218.96,118.7,74.3,69.09,71.6
219.16,118.73,74.37,69.06,71.59
219.36,118.71,74.25,69.07,71.6
219.56,118.62,74.08,69.07,71.58
219.95,118.62,74.08,69.03,71.59
220.15,118.62,74.11,69.04,71.56
220.35,118.63,74.25,69.03,71.57
220.55,118.54,74.33,69.07,71.62
220.75,118.66,74.24,69.06,71.63
220.95,118.67,74.12,69.09,71.63
221.26,118.55,74.09,69.06,71.61
221.46,118.58,74.1,69.05,71.59
221.66,118.62,74.21,69.06,71.58
221.86,118.61,74.32,69.08,71.58
222.06,118.54,74.17,69.05,71.57
222.44,118.55,74.12,69.06,71.59
222.64,118.5,74.1,69.05,71.57
222.84,118.51,74.1,69.06,71.56
223.04,118.51,74.19,69.02,71.57
223.24,118.53,74.24,69.03,71.58
223.64,118.63,74.14,69.06,71.59
223.84,118.61,74.11,69.02,71.59
224.04,118.59,74.1,69.03,71.61
224.24,118.55,74.11,69.03,71.59
224.44,118.69,74.23,69.05,71.61
224.64,118.58,74.26,69.03,71.59
225.01,118.57,74.16,69.02,71.59
225.21,118.55,74.12,69.04,71.58
225.41,118.53,74.1,69.01,71.59
225.61,118.4,74.11,69.01,71.58
225.81,118.48,74.33,69.03,71.56
226.19,118.6,74.3,69.03,71.55
226.39,118.59,74.21,69.01,71.57
226.59,118.64,74.17,69.04,71.58
226.79,118.6,74.16,69.06,71.56
226.99,118.64,74.18,69.06,71.6
227.19,118.56,74.33,69.04,71.56
227.50,118.58,74.35,69.03,71.58
227.70,118.62,74.23,69.0,71.57
227.90,118.68,74.15,69.01,71.61
228.10,118.73,74.14,69.05,71.59
228.30,118.61,74.17,69.03,71.59
228.68,118.62,74.29,69.04,71.56
228.88,118.54,74.32,69.04,71.56
229.08,118.47,74.22,69.03,71.53
229.28,118.47,74.17,69.03,71.53
229.48,118.55,74.14,69.04,71.56
229.88,118.55,74.2,69.07,71.59
230.08,118.58,74.32,69.05,71.59
230.28,118.57,74.34,69.02,71.57
230.48,118.52,74.22,69.03,71.58
230.68,118.72,74.18,69.03,71.6
230.88,118.91,74.15,69.03,71.6
231.25,118.9,74.21,69.04,71.6
231.45,118.9,74.35,69.06,71.61
231.65,118.85,74.35,69.06,71.59
231.85,118.78,74.24,69.06,71.6
232.05,118.71,74.11,69.08,71.55
232.43,118.69,74.11,69.04,71.57
232.63,118.67,74.17,69.02,71.55
232.83,118.54,74.28,69.02,71.56
233.03,118.41,74.35,69.04,71.58
233.23,118.49,74.22,69.04,71.55
233.43,118.52,74.11,69.06,71.56
233.74,118.49,74.1,69.05,71.55
233.94,118.48,74.13,69.02,71.59
234.14,118.5,74.28,69.03,71.6
234.35,118.49,74.37,69.06,71.6
234.55,118.56,74.19,69.03,71.57
234.92,118.59,74.13,69.02,71.57
235.12,118.63,74.11,69.03,71.55
235.32,118.67,74.14,69.02,71.57
235.52,118.56,74.29,69.0,71.58
235.72,118.55,74.27,69.02,71.61
236.12,118.47,74.19,69.07,71.6
236.32,118.41,74.12,69.04,71.6
236.52,118.51,74.1,69.02,71.57
236.72,118.44,74.11,69.03,71.53
236.92,118.59,74.27,69.04,71.57
237.12,118.65,74.22,69.02,71.54
237.49,118.64,74.16,69.03,71.57
237.69,118.52,74.11,69.04,71.54
237.89,118.46,74.1,69.04,71.55
238.09,118.47,74.11,69.03,71.56
238.29,118.48,74.29,69.04,71.58
238.67,118.58,74.19,69.07,71.57
238.87,118.65,74.14,69.03,71.58
239.07,118.66,74.1,69.04,71.55
239.27,118.58,74.1,69.04,71.54
239.48,118.67,74.12,69.05,71.53
239.68,118.68,74.32,69.02,71.54
239.99,118.58,74.28,69.03,71.57
240.19,118.53,74.18,69.01,71.57
240.39,118.54,74.13,69.0,71.62
240.59,118.54,74.1,69.03,71.59
240.79,118.51,74.19,69.02,71.59
241.17,118.5,74.3,69.02,71.56
241.37,118.5,74.28,69.01,71.6
241.57,118.43,74.18,69.04,71.55
241.77,118.38,74.14,69.03,71.57
241.97,118.56,74.12,69.02,71.56
242.36,118.55,74.19,69.06,71.55
242.56,118.64,74.33,69.07,71.54
242.76,118.65,74.27,69.03,71.55
242.96,118.53,74.17,69.05,71.55
243.16,118.6,74.12,69.07,71.55
243.36,118.57,74.11,69.04,71.59
243.73,118.58,74.19,69.03,71.59
243.93,118.48,74.33,69.05,71.6
244.13,118.5,74.29,69.04,71.59
244.33,118.48,74.18,69.02,71.59
244.53,118.47,74.1,69.02,71.59
244.91,118.57,74.12,69.04,71.61
245.11,118.54,74.19,69.0,71.57
245.31,118.62,74.33,69.01,71.57
245.51,118.51,74.29,69.02,71.54
245.71,118.63,74.2,69.05,71.53
245.91,118.51,74.12,69.02,71.51
246.22,118.39,74.14,69.05,71.52
246.42,118.47,74.19,69.04,71.54
246.62,118.52,74.32,69.04,71.54
246.82,118.57,74.33,69.05,71.57
247.02,118.58,74.21,69.08,71.56
247.22,118.62,74.1,69.02,71.58
247.60,118.64,74.1,69.0,71.6
247.80,118.54,74.17,69.02,71.6
248.00,118.45,74.31,69.0,71.59
248.20,118.28,74.36,68.98,71.59
248.40,118.46,74.15,69.01,71.54
248.80,118.58,74.09,69.03,71.53
249.00,118.67,74.09,69.0,71.52
249.20,118.72,74.14,69.0,71.52
249.40,118.52,74.29,69.04,71.55
249.60,118.65,74.34,69.06,71.55
249.80,118.55,74.16,69.0,71.55
250.17,118.48,74.09,69.02,71.56
250.37,118.49,74.09,69.04,71.58
250.57,118.55,74.14,69.0,71.57
250.77,118.43,74.29,69.02,71.6
250.97,118.59,74.2,69.05,71.6
251.36,118.64,74.14,69.03,71.6
251.56,118.71,74.08,69.03,71.57
251.76,118.75,74.07,69.01,71.57
251.96,118.66,74.13,69.04,71.55
252.16,118.76,74.29,69.03,71.54
252.36,118.77,74.24,69.05,71.56
252.67,118.68,74.15,69.03,71.56
252.87,118.67,74.08,69.01,71.58
253.07,118.62,74.05,69.02,71.55
253.27,118.67,74.05,69.04,71.56
253.47,118.62,74.29,69.03,71.56
253.85,118.67,74.24,69.01,71.59
254.05,118.67,74.17,69.05,71.55
254.25,118.63,74.12,69.03,71.59
254.45,118.56,74.11,69.01,71.56
254.65,118.51,74.23,69.02,71.58
255.04,118.56,74.31,69.04,71.58
255.24,118.58,74.23,69.01,71.58
255.44,118.53,74.13,69.0,71.56
255.64,118.45,74.1,69.02,71.54
255.84,118.53,74.07,69.04,71.54
256.04,118.56,74.19,69.0,71.52
256.41,118.55,74.3,69.04,71.54
256.61,118.45,74.23,69.03,71.54
256.81,118.48,74.14,69.0,71.57
257.01,118.39,74.08,69.0,71.59
257.21,118.41,74.08,69.01,71.57
257.60,118.49,74.17,69.0,71.57
257.80,118.56,74.3,69.0,71.55
258.00,118.54,74.24,68.99,71.55
258.20,118.46,74.15,69.03,71.57
258.40,118.55,74.1,69.0,71.56
258.60,118.54,74.09,69.03,71.57
258.91,118.51,74.15,69.03,71.54
259.11,118.47,74.29,69.02,71.54
259.31,118.52,74.28,69.04,71.53
259.51,118.54,74.18,69.08,71.55
259.71,118.56,74.08,69.04,71.57
260.09,118.56,74.1,69.05,71.57
260.29,118.61,74.17,69.07,71.58
260.49,118.6,74.31,69.06,71.54
260.69,118.59,74.31,69.04,71.56
260.89,118.57,74.13,69.01,71.57
261.28,118.63,74.1,69.03,71.6
261.48,118.54,74.1,69.01,71.58
261.68,118.54,74.17,69.02,71.59
261.88,118.48,74.3,69.03,71.6
262.08,118.64,74.27,69.06,71.6
262.28,118.63,74.1,69.04,71.57
262.65,118.63,74.07,69.03,71.59
262.85,118.62,74.08,69.06,71.58
263.05,118.6,74.15,69.04,71.57
263.25,118.58,74.32,69.01,71.59
263.45,118.57,74.19,69.07,71.56
263.84,118.56,74.14,69.05,71.54
264.04,118.57,74.08,69.04,71.54
264.24,118.58,74.11,69.04,71.57
264.44,118.53,74.17,69.06,71.56
264.64,118.7,74.32,69.06,71.57
264.84,118.71,74.25,69.06,71.58
265.16,118.71,74.17,69.06,71.58
265.36,118.67,74.09,69.02,71.56
265.56,118.66,74.11,69.01,71.57
265.76,118.79,74.13,69.03,71.57
265.96,118.72,74.35,69.02,71.55
266.33,118.79,74.29,69.01,71.52
266.53,118.82,74.17,69.04,71.51
266.73,118.75,74.1,69.05,71.52
266.93,118.67,74.09,69.01,71.5
267.13,118.61,74.28,69.03,71.54
267.53,118.68,74.36,69.08,71.55
267.73,118.6,74.28,69.05,71.58
267.93,118.54,74.19,69.04,71.56
268.13,118.39,74.12,69.01,71.59
268.33,118.64,74.06,69.06,71.57
268.53,118.57,74.21,69.0,71.58
268.90,118.59,74.29,69.04,71.54
269.10,118.55,74.22,69.05,71.56
269.30,118.52,74.14,69.04,71.54
269.50,118.41,74.1,69.02,71.53
269.70,118.53,74.08,69.05,71.51
270.08,118.56,74.19,69.05,71.55
270.28,118.58,74.3,69.06,71.54
270.48,118.61,74.24,69.05,71.55
270.68,118.5,74.15,69.07,71.58
270.88,118.6,74.12,69.07,71.56
271.08,118.48,74.07,69.05,71.57
271.40,118.52,74.11,69.05,71.54
271.60,118.55,74.26,69.02,71.55
271.80,118.61,74.26,68.99,71.54
272.00,118.59,74.15,69.02,71.54
272.20,118.57,74.07,69.0,71.53
272.57,118.61,74.08,69.01,71.54
272.77,118.58,74.14,69.02,71.5
272.97,118.6,74.29,69.04,71.52
273.17,118.49,74.3,69.05,71.52
273.37,118.44,74.12,69.01,71.56
273.77,118.41,74.08,69.06,71.58
273.97,118.38,74.08,69.06,71.58
274.17,118.42,74.13,69.04,71.6
274.37,118.35,74.3,69.03,71.58
274.57,118.51,74.32,69.03,71.57
274.77,118.54,74.14,69.01,71.55
275.14,118.55,74.09,69.01,71.58
275.34,118.61,74.09,69.05,71.57
275.54,118.62,74.13,69.03,71.58
275.74,118.61,74.28,69.01,71.56
275.94,118.64,74.2,69.02,71.55
276.33,118.7,74.14,69.03,71.52
276.53,118.75,74.08,69.02,71.54
276.73,118.64,74.06,69.02,71.54
276.93,118.49,74.12,69.06,71.55
277.13,118.57,74.27,69.07,71.58
277.34,118.53,74.26,69.04,71.57
277.66,118.51,74.16,69.11,71.59
277.86,118.53,74.11,69.07,71.57
278.06,118.54,74.07,69.07,71.59
278.26,118.59,74.1,69.04,71.57
278.46,118.62,74.29,69.07,71.58
278.84,118.57,74.25,69.04,71.56
279.04,118.58,74.16,69.04,71.56
279.24,118.54,74.12,69.07,71.53
279.44,118.45,74.08,69.07,71.54
279.64,118.51,74.21,69.02,71.55
280.05,118.47,74.31,69.04,71.55
280.25,118.51,74.26,69.06,71.52
280.45,118.51,74.16,69.02,71.54
280.65,118.36,74.11,69.0,71.56
280.85,118.51,74.08,68.97,71.56
281.05,118.63,74.19,69.0,71.57
281.42,118.61,74.33,69.0,71.58
281.62,118.58,74.29,69.01,71.59
281.82,118.55,74.17,69.04,71.54
282.02,118.48,74.11,69.02,71.56
282.22,118.47,74.11,69.0,71.53
282.61,118.54,74.2,69.06,71.55
282.81,118.52,74.35,69.06,71.54
283.01,118.54,74.31,69.05,71.54
283.21,118.48,74.19,69.02,71.53
283.41,118.55,74.11,69.05,71.54
283.61,118.64,74.05,69.03,71.51
283.92,118.6,74.1,69.04,71.53
284.12,118.58,74.25,69.04,71.54
284.32,118.58,74.31,69.03,71.54
284.52,118.61,74.23,69.01,71.56
284.72,118.65,74.09,69.07,71.55
285.10,118.57,74.07,69.05,71.54
285.30,118.65,74.11,69.05,71.54
285.50,118.62,74.25,69.06,71.54
285.70,118.49,74.33,69.07,71.54
285.90,118.64,74.15,69.03,71.58
286.29,118.61,74.08,69.03,71.56
286.49,118.65,74.06,69.06,71.55
286.69,118.67,74.1,69.04,71.54
286.89,118.58,74.24,69.04,71.53
287.09,118.62,74.32,69.02,71.57
287.29,118.51,74.16,69.04,71.57
287.66,118.46,74.08,69.05,71.57
287.86,118.45,74.02,69.06,71.58
288.06,118.45,74.04,69.08,71.58
288.26,118.42,74.17,69.09,71.56
288.46,118.54,74.21,69.02,71.53
288.85,118.58,74.12,69.06,71.53
289.05,118.55,74.09,69.06,71.55
289.25,118.59,74.07,69.06,71.54
289.45,118.46,74.08,69.03,71.55
289.65,118.59,74.18,69.06,71.53
289.85,118.63,74.27,69.05,71.56
290.16,118.6,74.18,69.08,71.56
290.36,118.59,74.11,69.09,71.59
290.56,118.65,74.09,69.07,71.61
290.76,118.65,74.09,69.04,71.59
290.96,118.66,74.27,69.04,71.54
291.35,118.69,74.29,69.02,71.54
291.55,118.64,74.17,69.01,71.57
291.75,118.61,74.11,69.05,71.56
291.95,118.57,74.07,69.07,71.57
292.15,118.55,74.12,69.07,71.55
292.54,118.56,74.26,69.04,71.53
292.74,118.55,74.28,69.05,71.53
292.94,118.53,74.19,69.04,71.55
293.14,118.47,74.11,69.04,71.57
293.34,118.62,74.07,69.0,71.59
293.54,118.55,74.14,69.05,71.58
293.91,118.58,74.26,69.03,71.59
294.11,118.63,74.31,69.02,71.53
294.31,118.58,74.22,69.05,71.54
294.51,118.58,74.15,69.07,71.55
294.71,118.65,74.1,69.04,71.55
295.10,118.61,74.12,69.05,71.57
295.30,118.58,74.26,69.07,71.57
295.50,118.55,74.31,69.06,71.57
295.70,118.38,74.21,69.06,71.57
295.90,118.52,74.14,69.04,71.57
296.10,118.58,74.1,69.03,71.57
296.41,118.72,74.12,69.01,71.57
296.61,118.74,74.2,69.05,71.55
296.81,118.72,74.31,69.04,71.55
297.01,118.73,74.26,69.06,71.54
297.21,118.68,74.08,69.07,71.51
297.59,118.58,74.07,69.07,71.54
297.79,118.61,74.07,69.06,71.56
297.99,118.57,74.17,69.02,71.57
298.19,118.53,74.3,69.05,71.55
298.39,118.48,74.14,69.06,71.5
298.79,118.58,74.08,69.03,71.51
298.99,118.57,74.05,69.06,71.52
299.19,118.64,74.08,69.08,71.52
299.39,118.56,74.18,69.07,71.56
299.59,118.75,74.31,69.03,71.56
299.79,118.74,74.15,69.06,71.56
300.16,118.77,74.08,69.05,71.54
300.36,118.76,74.03,69.03,71.56
300.56,118.76,74.05,69.05,71.57
300.76,118.69,74.15,69.1,71.59
300.96,118.73,74.3,69.06,71.61
301.34,118.76,74.19,69.06,71.62
301.54,118.66,74.12,69.09,71.58
301.74,118.65,74.06,69.06,71.57
301.94,118.53,74.06,69.07,71.57
302.14,118.71,74.13,69.06,71.56
302.34,118.71,74.3,69.07,71.56
302.66,118.68,74.22,69.03,71.57
302.86,118.67,74.14,69.08,71.58
303.06,118.66,74.07,69.07,71.56
303.26,118.67,74.04,69.04,71.55
303.46,118.69,74.2,69.05,71.55
303.84,118.78,74.29,69.07,71.56
304.04,118.79,74.22,69.04,71.55
304.24,118.76,74.15,69.04,71.56
304.44,118.61,74.07,69.06,71.59
304.64,118.6,74.06,69.05,71.56
305.03,118.63,74.18,69.05,71.56
305.23,118.63,74.28,69.02,71.56
305.43,118.64,74.22,69.06,71.56
305.63,118.53,74.14,69.06,71.54
305.83,118.59,74.08,69.06,71.56
306.03,118.61,74.06,69.07,71.51
306.40,118.69,74.18,69.07,71.52
306.60,118.73,74.28,69.04,71.53
306.80,118.79,74.23,69.0,71.54
307.00,118.68,74.13,68.99,71.56
307.20,118.69,74.03,68.94,71.58
307.58,118.63,74.03,68.88,71.57
307.78,118.61,74.13,68.92,71.56
307.98,118.6,74.23,68.92,71.56
308.18,118.51,74.19,68.9,71.57
308.38,118.62,74.11,68.89,71.58
308.58,118.53,74.04,68.93,71.54
308.90,118.57,74.04,68.89,71.56
309.10,118.57,74.1,68.92,71.52
309.30,118.6,74.22,68.91,71.53
309.50,118.62,74.25,68.9,71.5
309.70,118.54,74.08,68.88,71.53
310.07,118.56,74.06,68.9,71.55
310.27,118.54,74.07,68.9,71.55
310.47,118.6,74.12,68.89,71.55
310.67,118.52,74.26,68.89,71.57
310.87,118.56,74.16,68.92,71.56
311.27,118.66,74.1,68.89,71.58
311.47,118.64,74.07,68.89,71.57
311.67,118.63,74.07,68.93,71.56
311.87,118.64,74.14,68.9,71.57
312.07,118.79,74.29,68.9,71.55
312.27,118.63,74.18,68.9,71.54
312.64,118.72,74.11,68.92,71.54
312.84,118.73,74.05,68.91,71.55
313.04,118.66,74.05,68.87,71.54
313.24,118.54,74.11,68.91,71.55
313.44,118.69,74.3,68.9,71.56
313.83,118.6,74.19,68.87,71.56
314.03,118.6,74.12,68.92,71.55
314.23,118.6,74.08,68.94,71.57
314.43,118.42,74.08,68.94,71.57
314.63,118.53,74.13,68.91,71.58
314.83,118.59,74.31,68.93,71.56
315.14,118.64,74.23,68.9,71.56
315.34,118.67,74.12,68.91,71.54
315.54,118.63,74.07,68.94,71.53
315.74,118.62,74.06,68.93,71.52
315.94,118.54,74.19,68.87,71.53
316.32,118.56,74.3,68.93,71.56
316.52,118.59,74.22,68.91,71.55
316.72,118.57,74.11,68.89,71.56
316.92,118.51,74.07,68.86,71.56
317.12,118.51,74.07,68.92,71.6
317.51,118.58,74.19,68.9,71.58
317.71,118.62,74.31,68.89,71.59
317.91,118.59,74.26,68.92,71.57
318.11,118.54,74.15,68.96,71.57
318.31,118.71,74.08,68.92,71.56
318.51,118.63,74.06,68.89,71.51
318.89,118.59,74.17,68.92,71.52
319.09,118.63,74.29,68.89,71.52
319.29,118.66,74.26,68.87,71.53
319.49,118.53,74.16,68.87,71.53
319.69,118.59,74.04,68.89,71.52
320.09,118.62,74.06,68.9,71.53
320.29,118.63,74.16,68.86,71.53
320.49,118.63,74.3,68.92,71.56
320.69,118.53,74.25,68.92,71.56
320.89,118.58,74.14,68.91,71.57
321.09,118.73,74.04,68.92,71.58
321.40,118.62,74.03,68.93,71.55
321.60,118.62,74.08,68.92,71.54
321.80,118.68,74.25,68.93,71.55
322.00,118.67,74.3,68.95,71.54
322.20,118.56,74.13,68.91,71.55
322.58,118.59,74.07,68.92,71.56
322.78,118.59,74.04,68.92,71.57
322.98,118.59,74.06,68.9,71.53
323.18,118.5,74.23,68.9,71.56
323.38,118.51,74.2,68.94,71.56
323.77,118.59,74.11,68.93,71.58
323.97,118.58,74.06,68.94,71.57
324.17,118.66,74.04,68.89,71.55
324.37,118.54,74.07,68.94,71.52
324.57,118.68,74.18,68.93,71.53
324.77,118.66,74.21,68.91,71.55
325.14,118.67,74.13,68.94,71.56
325.34,118.65,74.09,68.93,71.55
325.54,118.66,74.07,68.93,71.55
325.74,118.61,74.06,68.93,71.55
325.94,118.59,74.27,68.92,71.53
326.33,118.56,74.18,68.92,71.56
326.53,118.54,74.11,68.91,71.57
326.73,118.54,74.07,68.89,71.6
326.93,118.45,74.05,68.93,71.61
327.13,118.66,74.07,68.93,71.61
327.33,118.71,74.24,68.93,71.55
327.64,118.7,74.25,68.9,71.56
327.84,118.77,74.13,68.89,71.54
328.04,118.79,74.08,68.88,71.56
328.24,118.7,74.04,68.95,71.57
328.44,118.7,74.11,68.91,71.58
328.82,118.7,74.26,68.91,71.56
329.02,118.65,74.27,68.92,71.56
329.22,118.64,74.16,68.89,71.55
329.42,118.57,74.11,68.88,71.55
329.62,118.7,74.06,68.9,71.56
330.01,118.7,74.09,68.89,71.55
330.21,118.75,74.24,68.9,71.56
330.41,118.69,74.28,68.87,71.55
330.61,118.51,74.17,68.91,71.55
330.81,118.63,74.11,68.93,71.56
331.01,118.58,74.06,68.9,71.59
331.38,118.62,74.1,68.93,71.57
331.58,118.68,74.23,68.93,71.57
331.78,118.7,74.28,68.9,71.53
331.98,118.66,74.19,68.87,71.5
332.18,118.72,74.08,68.9,71.49
332.56,118.71,74.09,68.89,71.5
332.76,118.72,74.13,68.89,71.52
332.96,118.76,74.26,68.88,71.55
333.16,118.68,74.32,68.92,71.54
333.36,118.76,74.21,68.89,71.55
333.56,118.68,74.07,68.89,71.55
333.88,118.61,74.04,68.89,71.54
334.08,118.6,74.04,68.89,71.56
334.28,118.58,74.14,68.85,71.58
334.48,118.54,74.29,68.9,71.58
334.68,118.46,74.24,68.92,71.6
334.88,118.64,74.07,68.89,71.55
335.25,118.71,74.05,68.91,71.56
335.45,118.7,74.07,68.9,71.54
335.65,118.79,74.15,68.89,71.56
335.85,118.65,74.31,68.88,71.56
336.05,118.74,74.16,68.92,71.55
336.45,118.7,74.07,68.93,71.57
336.65,118.7,74.04,68.9,71.56
336.85,118.67,74.03,68.9,71.57
337.05,118.51,74.12,68.94,71.57
337.25,118.62,74.28,68.93,71.57
337.45,118.54,74.19,68.91,71.58
337.82,118.56,74.09,68.93,71.56
338.02,118.58,74.05,68.91,71.55
338.22,118.62,74.03,68.9,71.56
338.42,118.66,74.11,68.9,71.57
338.62,118.77,74.32,68.92,71.55
339.02,118.76,74.22,68.93,71.55
339.22,118.64,74.13,68.9,71.53
339.42,118.55,74.07,68.93,71.51
339.62,118.41,74.07,68.93,71.52
339.82,118.58,74.11,68.92,71.53
340.02,118.81,74.32,68.94,71.56
340.32,118.81,74.28,68.91,71.57
340.52,118.92,74.16,68.9,71.57
340.72,118.98,74.1,68.92,71.57
340.92,118.95,74.06,68.93,71.55
341.12,118.8,74.16,68.89,71.54
341.50,118.69,74.31,68.91,71.56
341.70,118.67,74.24,68.93,71.56
341.90,118.63,74.15,68.91,71.57
342.10,118.44,74.08,68.9,71.55
342.30,118.53,74.02,68.9,71.52
342.69,118.61,74.11,68.9,71.52
342.89,118.64,74.26,68.89,71.53
343.09,118.67,74.24,68.87,71.56
343.29,118.52,74.14,68.89,71.57
343.49,118.55,74.1,68.9,71.57
343.69,118.6,74.06,68.87,71.57
344.06,118.59,74.13,68.89,71.56
344.26,118.63,74.27,68.89,71.56
344.46,118.77,74.28,68.89,71.57
344.66,118.67,74.18,68.89,71.57
344.86,118.78,74.06,68.91,71.55
345.25,118.8,74.06,68.91,71.54
345.45,118.77,74.1,68.9,71.54
345.65,118.75,74.24,68.89,71.53
345.85,118.6,74.25,68.9,71.54
346.05,118.76,74.14,68.88,71.56
346.25,118.7,74.05,68.91,71.55
346.56,118.54,74.05,68.91,71.56
346.76,118.51,74.1,68.9,71.57
346.96,118.53,74.21,68.92,71.57
347.16,118.56,74.29,68.94,71.56
347.36,118.6,74.1,68.9,71.59
347.74,118.72,74.06,68.9,71.58
347.94,118.69,74.04,68.93,71.57
348.14,118.7,74.06,68.9,71.56
348.34,118.53,74.2,68.89,71.57
348.54,118.62,74.21,68.88,71.5
348.94,118.63,74.11,68.89,71.5
349.14,118.58,74.06,68.89,71.54
349.34,118.72,74.05,68.87,71.54
349.54,118.48,74.06,68.89,71.55
349.74,118.51,74.17,68.91,71.58
349.94,118.73,74.21,68.88,71.56
350.31,118.67,74.11,68.88,71.56
350.51,118.66,74.06,68.91,71.58
350.71,118.74,74.05,68.89,71.56
350.91,118.59,74.07,68.88,71.58
351.11,118.65,74.3,68.91,71.59
351.50,118.6,74.25,68.91,71.57
351.70,118.63,74.13,68.89,71.56
351.90,118.72,74.07,68.86,71.54
352.10,118.66,74.05,68.9,71.55
352.30,118.79,74.07,68.9,71.55
352.50,118.76,74.24,68.92,71.54
352.81,118.66,74.31,68.91,71.54
353.01,118.59,74.22,68.9,71.56
353.21,118.54,74.14,68.9,71.56
353.41,118.58,74.11,68.9,71.56
353.61,118.57,74.15,68.89,71.57
353.99,118.6,74.27,68.87,71.57
354.19,118.58,74.33,68.89,71.56
354.39,118.63,74.21,68.9,71.55
354.59,118.6,74.11,68.9,71.52
354.79,118.67,74.04,68.88,71.52
355.19,118.65,74.09,68.91,71.53
355.39,118.6,74.23,68.88,71.53
355.59,118.61,74.31,68.87,71.57
355.79,118.48,74.21,68.88,71.58
355.99,118.52,74.09,68.9,71.58
356.19,118.54,74.02,68.86,71.54
356.55,118.55,74.05,68.85,71.57
356.76,118.56,74.18,68.87,71.57
356.96,118.65,74.32,68.88,71.58
357.16,118.53,74.28,68.89,71.59
357.36,118.64,74.07,68.88,71.53
357.74,118.68,74.04,68.89,71.52
357.94,118.73,74.05,68.89,71.53
358.14,118.73,74.17,68.88,71.53
358.34,118.58,74.29,68.9,71.53
358.54,118.66,74.26,68.93,71.57
358.74,118.68,74.11,68.9,71.57
359.05,118.71,74.04,68.89,71.56
359.25,118.75,74.03,68.9,71.55
359.45,118.84,74.09,68.88,71.56
359.65,118.82,74.25,68.88,71.55
359.85,118.75,74.21,68.9,71.54
360.23,118.65,74.12,68.88,71.55
360.43,118.6,74.05,68.89,71.55
360.63,118.63,74.02,68.91,71.52
360.83,118.49,74.05,68.9,71.54
361.03,118.62,74.28,68.88,71.54
361.42,118.6,74.2,68.89,71.55
361.62,118.63,74.11,68.9,71.55
361.82,118.67,74.07,68.9,71.55
362.02,118.6,74.02,68.88,71.53
362.22,118.74,74.05,68.92,71.51
362.42,118.64,74.28,68.9,71.5
362.79,118.67,74.21,68.9,71.49
362.99,118.65,74.11,68.92,71.51
363.19,118.67,74.08,68.92,71.53
363.39,118.61,74.06,68.92,71.56
363.59,118.73,74.15,68.91,71.54
363.98,118.74,74.26,68.91,71.56
364.18,118.67,74.17,68.92,71.56
364.38,118.69,74.09,68.9,71.58
364.58,118.5,74.06,68.9,71.58
364.78,118.65,74.04,68.92,71.58
364.98,118.61,74.12,68.88,71.55
365.30,118.58,74.26,68.9,71.54
365.50,118.65,74.24,68.89,71.55
365.70,118.63,74.11,68.89,71.54
365.90,118.62,74.06,68.86,71.54
366.10,118.61,74.01,68.9,71.53
366.47,118.7,74.07,68.89,71.54
366.67,118.64,74.24,68.9,71.53
366.87,118.68,74.27,68.94,71.54
367.07,118.59,74.17,68.92,71.56
367.27,118.59,74.04,68.92,71.59
367.67,118.63,74.04,68.93,71.58
367.87,118.59,74.1,68.93,71.6
368.07,118.62,74.25,68.92,71.57
368.27,118.49,74.3,68.9,71.56
368.47,118.62,74.19,68.9,71.56
368.67,118.64,74.07,68.9,71.53
369.04,118.6,74.05,68.92,71.54
369.24,118.59,74.1,68.94,71.52
369.44,118.66,74.22,68.96,71.52
369.64,118.6,74.29,68.97,71.54
369.84,118.68,74.12,68.91,71.54
370.22,118.66,74.07,68.92,71.53
370.42,118.74,74.06,68.9,71.55
370.63,118.71,74.09,68.89,71.55
370.83,118.65,74.23,68.91,71.58
371.03,118.71,74.29,68.93,71.57
371.23,118.8,74.12,68.9,71.57
371.54,118.75,74.07,68.92,71.56
371.74,118.73,74.04,68.9,71.55
371.94,118.63,74.06,68.9,71.54
372.14,118.63,74.17,68.9,71.54
372.34,118.56,74.25,68.91,71.54
372.72,118.57,74.14,68.9,71.53
372.92,118.65,74.08,68.88,71.53
373.12,118.71,74.04,68.89,71.52
373.32,118.65,74.06,68.92,71.54
373.52,118.61,74.29,68.92,71.56
373.92,118.7,74.26,68.93,71.59
374.12,118.67,74.15,68.95,71.59
374.32,118.65,74.09,68.94,71.58
374.52,118.52,74.09,68.92,71.58
374.72,118.66,74.09,68.91,71.58
374.92,118.64,74.31,68.91,71.58
375.29,118.66,74.3,68.89,71.6
375.49,118.61,74.18,68.87,71.57
375.69,118.61,74.09,68.89,71.56
375.89,118.54,74.06,68.92,71.54
376.09,118.56,74.13,68.89,71.54
376.47,118.64,74.29,68.93,71.55
376.67,118.64,74.3,68.94,71.56
376.87,118.64,74.18,68.92,71.59
377.07,118.63,74.1,68.92,71.61
377.27,118.76,74.07,68.94,71.61
377.47,118.73,74.07,68.94,71.59
377.79,118.65,74.21,68.93,71.6
377.99,118.66,74.32,68.92,71.59
378.19,118.63,74.23,68.92,71.56
378.39,118.65,74.15,68.89,71.56
378.59,118.66,74.02,68.88,71.53
378.97,118.66,74.03,68.9,71.51
379.17,118.65,74.17,68.89,71.52
379.37,118.55,74.28,68.91,71.53
379.57,118.48,74.23,68.93,71.55
379.77,118.57,74.09,68.92,71.57
380.17,118.61,74.03,68.9,71.57
380.37,118.63,74.03,68.91,71.57
380.57,118.61,74.13,68.91,71.56
380.77,118.55,74.27,68.94,71.57
380.97,118.57,74.2,68.9,71.58
381.17,118.5,74.06,68.94,71.56
381.54,118.58,74.02,68.92,71.56
381.74,118.6,74.02,68.9,71.54
381.94,118.67,74.1,68.93,71.52
382.14,118.57,74.25,68.94,71.53
382.34,118.78,74.1,68.92,71.57
382.73,118.74,74.06,68.94,71.57
382.93,118.77,74.02,68.95,71.59
383.13,118.71,74.01,68.94,71.58
383.33,118.57,74.1,68.92,71.58
383.53,118.62,74.25,68.91,71.57
383.73,118.68,74.15,68.91,71.56
384.04,118.66,74.08,68.91,71.57
384.24,118.73,74.03,68.94,71.58
384.44,118.68,74.03,68.95,71.58
384.64,118.66,74.06,68.94,71.59
384.84,118.74,74.26,68.93,71.55
385.22,118.73,74.17,68.92,71.54
385.42,118.73,74.1,68.91,71.56
385.62,118.68,74.06,68.9,71.54
385.82,118.58,74.04,68.91,71.57
386.02,118.54,74.21,68.9,71.59
386.42,118.58,74.29,68.88,71.55
386.62,118.62,74.21,68.89,71.54
386.82,118.63,74.12,68.9,71.57
387.02,118.6,74.08,68.91,71.57
387.22,118.77,74.06,68.89,71.59
387.42,118.78,74.18,68.92,71.6
387.78,118.77,74.3,68.92,71.59
387.98,118.76,74.22,68.91,71.57
388.18,118.73,74.14,68.92,71.57
388.38,118.68,74.09,68.91,71.59
388.58,118.69,74.07,68.88,71.57
388.97,118.68,74.16,68.89,71.57
389.17,118.71,74.28,68.89,71.56
389.37,118.61,74.21,68.92,71.56
389.57,118.48,74.14,68.92,71.55
389.77,118.68,74.08,68.93,71.57
389.97,118.66,74.05,68.92,71.57
390.29,118.65,74.13,68.93,71.61
390.49,118.66,74.27,68.93,71.6
390.69,118.68,74.26,68.93,71.6
390.89,118.73,74.15,68.92,71.58
391.09,118.78,74.05,68.89,71.54
391.46,118.83,74.04,68.89,71.53
391.66,118.81,74.11,68.9,71.57
391.86,118.8,74.27,68.89,71.57
392.06,118.6,74.3,68.9,71.58
392.26,118.64,74.08,68.9,71.58
392.66,118.63,74.04,68.87,71.57
392.86,118.68,74.03,68.89,71.59
393.06,118.62,74.09,68.9,71.57
393.26,118.39,74.24,68.9,71.57
393.46,118.52,74.31,68.92,71.58
393.66,118.58,74.11,68.92,71.59
394.03,118.68,74.06,68.92,71.57
394.23,118.82,74.03,68.9,71.59
394.43,118.86,74.07,68.88,71.58
394.63,118.74,74.21,68.89,71.59
394.83,118.67,74.21,68.9,71.59
395.22,118.66,74.13,68.88,71.58
395.42,118.67,74.05,68.89,71.56
395.62,118.64,74.01,68.89,71.54
395.82,118.48,74.05,68.89,71.53
396.02,118.58,74.23,68.87,71.52
396.22,118.67,74.26,68.91,71.55
396.52,118.67,74.17,68.9,71.55
396.72,118.68,74.1,68.9,71.54
396.92,118.62,74.03,68.93,71.55
397.12,118.67,74.01,68.93,71.54
397.32,118.61,74.25,68.89,71.55
397.70,118.64,74.27,68.9,71.57
397.90,118.65,74.16,68.89,71.59
398.10,118.67,74.11,68.86,71.57
398.30,118.6,74.03,68.88,71.58
398.50,118.62,74.09,68.91,71.56
398.90,118.73,74.25,68.9,71.53
399.10,118.65,74.28,68.91,71.52
399.30,118.7,74.17,68.91,71.55
399.50,118.54,74.08,68.9,71.54
399.70,118.65,74.06,68.9,71.57
399.90,118.65,74.07,68.88,71.54
400.27,118.65,74.19,68.88,71.56
400.47,118.61,74.27,68.87,71.54
400.67,118.64,74.17,68.87,71.57
400.87,118.58,74.1,68.88,71.58
401.07,118.65,74.03,68.89,71.59
401.46,118.73,74.06,68.89,71.58
401.66,118.71,74.19,68.89,71.57
401.86,118.66,74.26,68.89,71.56
402.06,118.55,74.18,68.9,71.56
402.26,118.67,74.11,68.88,71.56
402.46,118.65,74.03,68.88,71.53
402.77,118.74,74.05,68.87,71.53
402.97,118.74,74.13,68.88,71.51
403.17,118.71,74.27,68.89,71.52
403.37,118.75,74.26,68.9,71.52
403.57,118.69,74.07,68.88,71.58
403.95,118.78,74.04,68.9,71.57
404.15,118.81,74.03,68.9,71.57
404.35,118.82,74.1,68.91,71.55
404.55,118.75,74.24,68.93,71.55
404.75,118.68,74.13,68.91,71.55
405.16,118.73,74.06,68.92,71.57
405.36,118.79,74.04,68.9,71.56
405.56,118.8,74.03,68.9,71.56
405.76,118.65,74.1,68.92,71.53
405.96,118.82,74.27,68.92,71.52
406.16,118.73,74.14,68.89,71.52
406.52,118.71,74.09,68.89,71.52
406.73,118.66,74.05,68.87,71.55
406.93,118.68,74.04,68.87,71.57
407.13,118.57,74.11,68.9,71.57
407.33,118.66,74.31,68.88,71.55
407.72,118.65,74.2,68.88,71.57
407.92,118.7,74.11,68.88,71.54
408.12,118.66,74.06,68.86,71.55
408.32,118.61,74.07,68.88,71.57
408.52,118.72,74.1,68.88,71.57
408.72,118.68,74.32,68.89,71.56
409.03,118.69,74.28,68.89,71.56
409.23,118.76,74.17,68.86,71.54
409.43,118.75,74.1,68.87,71.54
409.63,118.76,74.07,68.89,71.55
409.83,118.63,74.14,68.87,71.57
410.20,118.66,74.28,68.91,71.6
410.40,118.65,74.25,68.91,71.6
410.60,118.64,74.14,68.91,71.59
410.80,118.61,74.09,68.91,71.59
411.00,118.6,74.04,68.9,71.6
411.40,118.66,74.14,68.89,71.58
411.60,118.66,74.29,68.89,71.59
411.80,118.69,74.26,68.9,71.58
412.00,118.63,74.14,68.9,71.55
412.20,118.74,74.08,68.9,71.56
412.40,118.75,74.05,68.87,71.55
412.77,118.79,74.12,68.87,71.55
412.97,118.82,74.27,68.88,71.56
413.17,118.81,74.29,68.89,71.6
413.37,118.74,74.17,68.89,71.58
413.57,118.71,74.01,68.9,71.56
413.96,118.66,74.02,68.9,71.55
414.16,118.58,74.11,68.88,71.56
414.36,118.56,74.26,68.88,71.56
414.56,118.45,74.29,68.88,71.57
414.76,118.56,74.18,68.89,71.56
414.96,118.54,74.04,68.87,71.55
415.27,118.58,74.02,68.89,71.53
415.47,118.68,74.04,68.88,71.53
415.67,118.6,74.17,68.9,71.56
415.87,118.67,74.31,68.9,71.57
416.07,118.71,74.15,68.89,71.58
416.44,118.65,74.08,68.91,71.57
416.64,118.63,74.03,68.88,71.56
416.84,118.58,74.04,68.92,71.54
417.04,118.53,74.18,68.93,71.57
417.24,118.5,74.23,68.94,71.55
417.64,118.59,74.14,68.95,71.56
417.84,118.63,74.07,68.92,71.55
418.04,118.71,73.98,68.91,71.56
418.36,118.67,74.07,68.9,71.55
418.56,118.62,74.27,68.88,71.54
418.96,118.67,74.17,68.88,71.53
419.16,118.6,74.04,68.89,71.52
419.56,118.53,74.02,68.89,71.53
419.76,118.55,74.25,68.88,71.5
420.17,118.51,74.27,68.89,71.51
420.37,118.55,74.08,68.91,71.55
420.79,118.52,74.05,68.9,71.54
420.99,118.65,74.03,68.91,71.56
421.19,118.58,74.21,68.87,71.56
421.53,118.56,74.27,68.89,71.55
421.73,118.56,74.09,68.9,71.53
422.13,118.56,74.05,68.93,71.56
422.33,118.56,74.05,68.9,71.51
422.72,118.6,74.18,68.89,71.5
422.92,118.7,74.25,68.91,71.49
423.12,118.74,74.16,68.88,71.53
423.32,118.59,74.09,68.89,71.53
423.52,118.54,74.01,68.92,71.56
423.91,118.6,74.04,68.91,71.56
424.11,118.58,74.17,68.91,71.57
424.31,118.55,74.26,68.91,71.56
424.51,118.53,74.19,68.91,71.56
424.71,118.68,74.09,68.92,71.54
424.91,118.68,73.99,68.89,71.54
425.28,118.64,74.03,68.88,71.53
425.48,118.61,74.15,68.86,71.54
425.68,118.58,74.27,68.88,71.52
425.88,118.47,74.21,68.87,71.52
426.08,118.58,74.04,68.87,71.53
426.47,118.61,74.01,68.87,71.54
426.67,118.63,74.02,68.87,71.55
426.87,118.59,74.13,68.88,71.54
427.07,118.52,74.25,68.89,71.55
427.27,118.61,74.2,68.89,71.54
427.47,118.66,74.06,68.88,71.56
427.78,118.63,74.03,68.87,71.53
427.98,118.61,74.02,68.88,71.55
428.18,118.59,74.08,68.88,71.57
428.38,118.57,74.22,68.91,71.57
428.58,118.58,74.17,68.92,71.55
428.96,118.62,74.09,68.9,71.56
429.16,118.65,74.05,68.91,71.53
429.36,118.67,74.04,68.88,71.55
429.56,118.6,74.09,68.88,71.55
429.76,118.63,74.29,68.88,71.55
430.15,118.64,74.2,68.88,71.53
430.35,118.61,74.1,68.87,71.54
430.55,118.67,74.06,68.89,71.56
430.75,118.51,74.04,68.87,71.57
430.95,118.61,74.09,68.88,71.59
431.16,118.64,74.31,68.9,71.58
431.52,118.64,74.22,68.89,71.59
431.72,118.68,74.1,68.89,71.57
431.92,118.67,74.06,68.88,71.55
432.12,118.62,74.05,68.88,71.56
432.32,118.6,74.19,68.86,71.54
432.71,118.63,74.3,68.86,71.53
432.91,118.56,74.23,68.87,71.54
433.11,118.55,74.09,68.88,71.53
433.31,118.38,74.01,68.89,71.54
433.51,118.53,74.0,68.88,71.58
433.71,118.47,74.06,68.87,71.55
434.02,118.38,74.22,68.85,71.57
434.22,118.47,74.3,68.86,71.56
434.42,118.47,74.1,68.87,71.56
434.79,118.56,74.06,68.87,71.56
434.99,118.68,74.09,68.87,71.54
435.37,118.63,74.2,68.87,71.54
435.57,118.66,74.33,68.86,71.54
435.77,118.68,74.25,68.85,71.54
435.97,118.6,74.15,68.86,71.53
436.17,118.59,74.04,68.88,71.51
436.56,118.6,74.05,68.88,71.5
436.76,118.59,74.19,68.89,71.48
436.96,118.6,74.28,68.89,71.53
437.16,118.48,74.23,68.88,71.52
437.36,118.58,74.12,68.88,71.53
437.56,118.64,73.97,68.87,71.53
437.93,118.75,73.98,68.87,71.53
438.13,118.78,74.09,68.86,71.53
438.33,118.8,74.25,68.87,71.54
438.53,118.65,74.21,68.87,71.58
438.73,118.63,74.05,68.86,71.57
439.12,118.61,73.99,68.87,71.56
439.32,118.53,73.99,68.87,71.56
439.52,118.56,74.09,68.87,71.55
439.72,118.43,74.23,68.86,71.54
439.92,118.61,74.22,68.88,71.56
440.12,118.6,74.07,68.87,71.54
440.43,118.53,74.04,68.89,71.54
440.63,118.49,74.0,68.88,71.54
440.83,118.35,74.16,68.87,71.54
441.21,118.29,74.25,68.89,71.53
441.41,118.52,74.18,68.88,71.54
441.61,118.47,74.1,68.88,71.54
441.81,118.53,74.03,68.89,71.53
442.01,118.56,74.02,68.9,71.56
442.21,118.58,74.06,68.89,71.53
442.41,118.58,74.17,68.89,71.54
442.61,118.45,74.18,68.87,71.52
443.01,118.53,74.1,68.88,71.53
443.21,118.53,74.04,68.88,71.51
443.41,118.52,74.01,68.89,71.53
443.61,118.5,74.05,68.91,71.52
443.81,118.61,74.18,68.91,71.53
444.01,118.64,74.2,68.88,71.51
444.38,118.61,74.12,68.86,71.54
444.58,118.61,74.05,68.87,71.54
444.78,118.59,74.02,68.86,71.54
444.98,118.5,74.04,68.88,71.54
445.18,118.64,74.25,68.86,71.52
445.57,118.71,74.2,68.86,71.48
445.77,118.67,74.11,68.86,71.47
445.97,118.66,74.04,68.86,71.51
446.17,118.42,74.04,68.85,71.49
446.37,118.57,74.05,68.86,71.52
446.57,118.65,74.25,68.86,71.53
446.88,118.64,74.26,68.89,71.54
447.08,118.59,74.16,68.89,71.54
447.28,118.56,74.08,68.89,71.56
447.48,118.54,74.03,68.89,71.54
447.68,118.45,74.09,68.84,71.53
448.06,118.56,74.22,68.86,71.53
448.26,118.56,74.29,68.86,71.53
448.46,118.55,74.18,68.9,71.54
448.66,118.48,74.1,68.9,71.53
448.86,118.59,74.05,68.9,71.51
449.25,118.51,74.08,68.89,71.51
449.45,118.51,74.21,68.85,71.51
449.65,118.59,74.27,68.85,71.5
449.85,118.42,74.17,68.87,71.51
450.05,118.51,74.09,68.86,71.53
450.25,118.64,74.03,68.87,71.55
450.62,118.64,74.07,68.87,71.55
450.82,118.61,74.2,68.86,71.57
451.02,118.53,74.27,68.87,71.56
451.22,118.58,74.19,68.88,71.56
451.42,118.53,74.01,68.87,71.53
451.81,118.58,73.99,68.88,71.55
452.01,118.62,74.04,68.86,71.53
452.21,118.62,74.16,68.87,71.51
452.41,118.46,74.28,68.86,71.54
452.61,118.64,74.18,68.88,71.55
452.81,118.45,74.03,68.88,71.53
453.12,118.66,73.98,68.89,71.54
453.32,118.7,74.01,68.89,71.56
453.52,118.75,74.11,68.89,71.53
453.72,118.81,74.25,68.88,71.54
453.92,118.7,74.13,68.89,71.55
454.30,118.67,74.03,68.9,71.55
454.50,118.67,74.01,68.88,71.54
454.70,118.63,74.01,68.87,71.53
454.90,118.47,74.11,68.87,71.56
455.10,118.49,74.28,68.86,71.57
455.49,118.52,74.16,68.84,71.55
455.69,118.51,74.07,68.85,71.55
455.89,118.5,74.01,68.85,71.54
456.09,118.37,74.01,68.87,71.49
456.29,118.52,74.08,68.84,71.5
456.49,118.61,74.26,68.84,71.51
456.86,118.53,74.17,68.86,71.56
457.06,118.56,74.09,68.86,71.56
457.26,118.58,74.03,68.86,71.57
457.46,118.46,73.99,68.87,71.54
457.66,118.7,74.2,68.87,71.53
458.05,118.84,74.24,68.86,71.54
458.25,118.76,74.13,68.86,71.52
458.45,118.72,74.05,68.87,71.55
458.65,118.39,74.01,68.87,71.52
458.85,118.55,73.99,68.85,71.53
459.05,118.45,74.12,68.87,71.53
459.36,118.46,74.24,68.88,71.54
459.56,118.46,74.18,68.87,71.53
459.76,118.5,74.07,68.89,71.56
459.96,118.52,74.03,68.9,71.53
460.16,118.7,74.01,68.86,71.53
460.53,118.72,74.1,68.86,71.52
460.73,118.73,74.24,68.84,71.54
460.93,118.72,74.19,68.82,71.54
461.13,118.52,74.09,68.84,71.55
461.33,118.52,73.98,68.85,71.53
461.72,118.57,74.0,68.82,71.54
461.92,118.57,74.1,68.86,71.5
462.12,118.6,74.24,68.85,71.49
462.32,118.43,74.19,68.86,71.5
462.52,118.51,74.09,68.86,71.5
462.72,118.52,74.0,68.83,71.5
463.10,118.52,74.02,68.86,71.5
463.30,118.58,74.1,68.88,71.51
463.50,118.58,74.25,68.89,71.52
463.70,118.52,74.22,68.9,71.52
463.90,118.59,74.07,68.87,71.5
464.28,118.63,74.02,68.85,71.54
464.48,118.59,74.02,68.84,71.53
464.68,118.63,74.1,68.87,71.55
464.88,118.51,74.26,68.89,71.56
465.08,118.68,74.25,68.89,71.56
465.28,118.7,74.07,68.88,71.52
465.59,118.65,74.03,68.85,71.53
465.79,118.67,74.02,68.84,71.52
465.99,118.64,74.06,68.85,71.51
466.19,118.72,74.18,68.85,71.52
466.39,118.7,74.19,68.86,71.51
466.77,118.68,74.1,68.87,71.51
466.97,118.65,74.05,68.86,71.5
467.17,118.63,74.05,68.85,71.5
467.37,118.52,74.07,68.83,71.52
467.57,118.53,74.29,68.85,71.54
467.96,118.57,74.19,68.84,71.53
468.16,118.55,74.08,68.88,71.54
468.36,118.54,74.04,68.89,71.54
468.56,118.38,74.03,68.91,71.54
468.76,118.49,74.05,68.88,71.56
468.96,118.62,74.28,68.84,71.53
469.33,118.59,74.21,68.85,71.53
469.53,118.6,74.1,68.86,71.51
469.73,118.62,74.03,68.86,71.51
469.93,118.53,74.01,68.88,71.52
470.13,118.43,74.13,68.87,71.52
470.52,118.57,74.26,68.84,71.52
470.72,118.59,74.22,68.83,71.57
470.92,118.65,74.11,68.83,71.54
471.12,118.55,74.04,68.84,71.54
471.32,118.68,74.02,68.83,71.54
471.52,118.58,74.08,68.87,71.54
471.82,118.53,74.22,68.85,71.53
472.02,118.6,74.28,68.86,71.51
472.22,118.67,74.18,68.86,71.55
472.42,118.68,74.07,68.88,71.52
472.62,118.53,73.99,68.86,71.51
473.00,118.52,74.05,68.85,71.49
473.20,118.41,74.19,68.87,71.51
473.40,118.37,74.27,68.83,71.51
473.60,118.26,74.2,68.84,71.5
473.80,118.37,74.02,68.85,71.52
474.19,118.44,74.0,68.87,71.54
474.39,118.45,74.04,68.86,71.51
474.59,118.48,74.16,68.85,71.53
474.79,118.42,74.27,68.85,71.54
474.99,118.69,74.2,68.88,71.53
475.19,118.66,74.03,68.84,71.52
475.56,118.58,73.97,68.86,71.52
475.76,118.59,73.97,68.88,71.5
475.96,118.7,74.1,68.86,71.5
476.16,118.6,74.25,68.88,71.53
476.36,118.68,74.09,68.87,71.49
476.74,118.75,74.04,68.83,71.52
476.94,118.63,74.0,68.84,71.51
477.14,118.6,74.0,68.85,71.51
477.34,118.36,74.08,68.87,71.51
477.54,118.43,74.22,68.86,71.54
477.74,118.4,74.1,68.86,71.53
478.05,118.5,74.03,68.84,71.54
478.25,118.47,73.99,68.84,71.57
478.45,118.52,73.99,68.84,71.53
478.65,118.54,74.03,68.87,71.55
478.85,118.58,74.23,68.86,71.51
479.23,118.56,74.14,68.84,71.53
479.43,118.62,74.03,68.87,71.51
479.63,118.68,74.0,68.85,71.53
479.83,118.46,73.98,68.86,71.53
480.03,118.53,74.15,68.88,71.53
480.42,118.59,74.24,68.89,71.52
480.62,118.56,74.14,68.86,71.55
480.82,118.53,74.06,68.88,71.51
481.02,118.38,74.01,68.89,71.51
481.22,118.58,74.0,68.88,71.54
481.42,118.52,74.14,68.86,71.54
481.79,118.55,74.24,68.86,71.52
481.99,118.53,74.17,68.87,71.53
482.19,118.37,74.06,68.84,71.52
482.39,118.33,74.0,68.84,71.5
482.59,118.32,74.01,68.84,71.48
482.98,118.52,74.12,68.83,71.45
483.18,118.53,74.23,68.85,71.47
483.38,118.57,74.19,68.85,71.49
483.58,118.53,74.08,68.89,71.52
483.78,118.64,74.03,68.86,71.54
483.98,118.49,74.01,68.87,71.58
484.29,118.46,74.07,68.85,71.55
484.49,118.36,74.21,68.81,71.54
484.69,118.34,74.24,68.85,71.5
484.89,118.38,74.13,68.88,71.51
485.09,118.43,74.01,68.86,71.51
485.46,118.41,73.99,68.85,71.51
485.66,118.39,74.04,68.86,71.51
485.86,118.37,74.18,68.85,71.49
486.06,118.33,74.27,68.84,71.51
486.26,118.47,74.09,68.86,71.48
486.66,118.51,74.03,68.87,71.48
486.86,118.45,74.03,68.86,71.49
487.06,118.41,74.06,68.86,71.51
487.26,118.32,74.19,68.86,71.54
487.46,118.51,74.28,68.89,71.54
487.66,118.54,74.08,68.85,71.55
488.03,118.55,74.03,68.83,71.56
488.23,118.62,74.01,68.85,71.53
488.43,118.51,74.04,68.84,71.52
488.63,118.42,74.15,68.83,71.55
488.83,118.49,74.19,68.89,71.52
489.21,118.5,74.08,68.88,71.5
489.41,118.56,74.03,68.85,71.49
489.61,118.67,74.02,68.85,71.52
489.81,118.61,74.05,68.85,71.49
490.01,118.75,74.16,68.83,71.52
490.21,118.7,74.27,68.82,71.51
490.52,118.63,74.15,68.84,71.54
490.72,118.51,74.04,68.81,71.52
490.92,118.55,73.99,68.83,71.51
491.12,118.51,73.98,68.85,71.55
491.32,118.44,74.19,68.81,71.55
491.69,118.44,74.26,68.82,71.54
491.89,118.36,74.16,68.83,71.55
492.09,118.44,74.06,68.85,71.57
492.29,118.36,74.01,68.84,71.55
492.49,118.51,74.05,68.87,71.52
492.88,118.56,74.19,68.89,71.49
493.08,118.5,74.29,68.87,71.51
493.28,118.39,74.19,68.86,71.48
493.48,118.31,74.08,68.86,71.53
493.68,118.45,74.02,68.88,71.5
493.88,118.49,74.0,68.84,71.52
494.25,118.54,74.13,68.86,71.5
494.45,118.49,74.23,68.87,71.54
494.65,118.53,74.16,68.86,71.53
494.85,118.43,74.08,68.84,71.52
495.05,118.52,73.97,68.86,71.49
495.44,118.62,73.98,68.83,71.5
495.64,118.61,74.12,68.83,71.49
495.84,118.61,74.24,68.83,71.48
496.04,118.55,74.17,68.83,71.53
496.24,118.73,74.06,68.83,71.51
496.44,118.52,73.99,68.84,71.52
496.75,118.52,73.98,68.86,71.51
496.95,118.49,74.03,68.85,71.52
497.15,118.5,74.19,68.86,71.51
497.35,118.52,74.22,68.87,71.5
497.55,118.6,74.06,68.85,71.52
497.92,118.56,74.0,68.88,71.53
498.12,118.65,74.0,68.87,71.51
498.32,118.61,74.02,68.91,71.5
498.52,118.46,74.15,68.91,71.5
498.73,118.49,74.1,68.88,71.51
499.12,118.52,74.02,68.89,71.5
499.32,118.45,73.99,68.86,71.49
499.52,118.39,73.99,68.83,71.52
499.72,118.36,74.02,68.86,71.47
499.92,118.5,74.15,68.88,71.5
500.12,118.56,74.11,68.85,71.48
500.49,118.7,74.03,68.85,71.51
500.69,118.71,74.01,68.85,71.53
500.89,118.72,73.99,68.86,71.55
501.09,118.53,74.0,68.84,71.54
501.29,118.66,74.22,68.87,71.5
501.67,118.72,74.14,68.88,71.49
501.87,118.71,74.06,68.87,71.49
502.07,118.59,74.01,68.86,71.5
502.27,118.37,74.0,68.87,71.49
502.47,118.46,74.01,68.89,71.53
502.67,118.5,74.22,68.87,71.51
502.98,118.53,74.2,68.89,71.52
503.18,118.45,74.09,68.87,71.51
503.38,118.46,74.03,68.85,71.54
503.58,118.46,74.01,68.86,71.51
503.78,118.31,74.06,68.87,71.52
504.16,118.29,74.21,68.86,71.52
504.36,118.32,74.22,68.86,71.54
504.56,118.36,74.1,68.9,71.53
504.76,118.38,74.04,68.88,71.52
504.96,118.45,73.97,68.85,71.5
505.35,118.44,74.05,68.85,71.51
505.55,118.5,74.19,68.84,71.49
505.75,118.42,74.15,68.83,71.52
506.07,118.47,74.08,68.87,71.5
506.27,118.42,74.03,68.86,71.5
506.67,118.44,74.05,68.86,71.52
506.87,118.48,74.26,68.84,71.51
507.27,118.44,74.18,68.83,71.51
507.47,118.34,74.0,68.87,71.49
507.86,118.3,74.0,68.89,71.54
508.06,118.51,74.03,68.85,71.52
508.26,118.46,74.14,68.84,71.51
508.46,118.38,74.28,68.86,71.53
508.66,118.54,74.19,68.88,71.5
508.86,118.49,74.05,68.89,71.49
509.17,118.56,73.99,68.89,71.47
509.37,118.58,73.99,68.87,71.51
509.58,118.55,74.06,68.87,71.49
509.78,118.47,74.22,68.86,71.5
509.98,118.51,74.12,68.84,71.53
510.35,118.55,74.05,68.85,71.56
510.55,118.54,74.0,68.86,71.5
510.75,118.5,73.99,68.89,71.53
510.95,118.26,74.06,68.86,71.53
511.15,118.3,74.25,68.84,71.54
511.54,118.29,74.14,68.87,71.53
511.74,118.4,74.05,68.87,71.53
511.94,118.44,74.0,68.88,71.53
512.14,118.36,73.99,68.89,71.52
512.34,118.48,74.02,68.89,71.52
512.54,118.46,74.24,68.84,71.49
512.92,118.49,74.14,68.83,71.48
513.12,118.43,74.04,68.85,71.48
513.32,118.43,73.99,68.86,71.5
513.52,118.42,73.97,68.85,71.49
513.72,118.43,74.15,68.88,71.53
514.10,118.52,74.25,68.88,71.51
514.30,118.45,74.17,68.86,71.53
514.50,118.45,74.07,68.87,71.52
514.70,118.36,74.0,68.88,71.52
514.90,118.56,73.97,68.9,71.52
515.10,118.5,74.05,68.86,71.49
515.41,118.51,74.2,68.87,71.5
515.61,118.46,74.21,68.84,71.48
515.81,118.36,74.11,68.85,71.49
516.01,118.35,74.04,68.82,71.47
516.21,118.29,73.96,68.82,71.47
516.59,118.45,73.99,68.83,71.46
516.79,118.44,74.14,68.82,71.49
516.99,118.52,74.19,68.85,71.49
517.19,118.46,74.1,68.87,71.49
517.39,118.47,74.0,68.84,71.49
517.78,118.59,73.97,68.88,71.51
517.98,118.59,74.02,68.86,71.49
518.18,118.49,74.15,68.85,71.49
518.38,118.38,74.19,68.87,71.49
518.58,118.46,74.08,68.86,71.48
518.78,118.44,73.95,68.83,71.47
519.15,118.63,73.97,68.85,71.46
519.35,118.55,74.0,68.87,71.47
519.55,118.61,74.14,68.9,71.46
519.75,118.41,74.22,68.9,71.5
519.95,118.32,74.04,68.88,71.5
520.33,118.37,74.01,68.88,71.51
520.53,118.34,74.0,68.86,71.5
520.74,118.43,74.01,68.83,71.53
520.94,118.36,74.14,68.88,71.5
521.14,118.49,74.24,68.89,71.51
521.34,118.53,74.1,68.87,71.5
521.64,118.5,74.04,68.87,71.48
521.84,118.41,73.99,68.84,71.5
522.04,118.45,73.99,68.82,71.49
522.24,118.51,74.06,68.86,71.52
522.44,118.48,74.16,68.9,71.47
522.82,118.52,74.06,68.88,71.49
523.02,118.53,74.03,68.86,71.47
523.22,118.48,73.98,68.87,71.49
523.42,118.38,73.99,68.87,71.49
523.62,118.35,74.2,68.8,71.5
524.02,118.4,74.21,68.84,71.48
524.22,118.42,74.1,68.84,71.5
524.42,118.47,74.04,68.85,71.51
524.62,118.45,74.0,68.83,71.52
524.82,118.62,74.0,68.86,71.52
525.02,118.64,74.19,68.83,71.53
525.39,118.67,74.26,68.82,71.49
525.59,118.61,74.15,68.83,71.48
525.79,118.62,74.09,68.87,71.45
525.99,118.45,74.04,68.88,71.45
526.19,118.55,74.05,68.84,71.45
526.58,118.58,74.18,68.86,71.45
526.78,118.51,74.26,68.87,71.47
526.98,118.44,74.13,68.84,71.46
527.18,118.34,74.06,68.86,71.51
527.38,118.46,74.01,68.87,71.52
527.58,118.38,74.0,68.83,71.54
527.89,118.33,74.1,68.87,71.53
528.09,118.33,74.23,68.89,71.52
528.29,118.22,74.21,68.85,71.52
528.49,118.26,74.08,68.85,71.49
528.69,118.31,74.0,68.89,71.49
529.07,118.39,74.02,68.87,71.49
529.27,118.39,74.11,68.84,71.49
529.47,118.4,74.25,68.85,71.5
529.67,118.35,74.27,68.86,71.51
529.87,118.38,74.06,68.84,71.49
530.26,118.49,74.0,68.86,71.5
530.46,118.42,74.01,68.9,71.49
530.66,118.42,74.08,68.89,71.54
530.86,118.33,74.25,68.87,71.54
531.06,118.48,74.23,68.86,71.54
531.26,118.35,74.11,68.87,71.55
531.46,118.43,74.05,68.86,71.52
531.66,118.43,73.99,68.85,71.53
531.86,118.38,74.07,68.86,71.49
532.24,118.45,74.22,68.88,71.48
532.44,118.54,74.25,68.85,71.46
532.64,118.52,74.14,68.83,71.47
532.84,118.33,74.06,68.86,71.47
533.04,118.37,73.97,68.86,71.48
533.43,118.33,74.01,68.86,71.49
533.63,118.32,74.16,68.86,71.51
533.83,118.38,74.22,68.86,71.49
534.03,118.27,74.13,68.86,71.5
534.23,118.37,74.05,68.84,71.52
534.43,118.47,73.97,68.84,71.53
534.80,118.47,73.97,68.83,71.51
535.00,118.45,74.12,68.81,71.5
535.20,118.5,74.21,68.83,71.51
535.40,118.41,74.12,68.86,71.5
535.60,118.51,74.0,68.82,71.48
535.98,118.48,73.97,68.83,71.47
536.18,118.52,73.98,68.84,71.47
536.38,118.4,74.1,68.86,71.46
536.58,118.24,74.2,68.86,71.5
536.78,118.48,74.12,68.88,71.5
536.98,118.51,74.01,68.86,71.53
537.29,118.54,73.97,68.84,71.51
537.49,118.6,73.94,68.86,71.5
537.69,118.48,74.01,68.88,71.48
537.89,118.46,74.16,68.88,71.45
538.09,118.43,74.06,68.87,71.47
538.47,118.39,74.04,68.89,71.47
538.67,118.43,73.99,68.85,71.49
538.87,118.52,73.96,68.84,71.48
539.07,118.39,74.02,68.84,71.5
539.27,118.44,74.14,68.86,71.45
539.66,118.51,74.06,68.85,71.46
539.86,118.48,74.0,68.83,71.46
540.06,118.51,73.96,68.84,71.48
540.26,118.37,73.96,68.84,71.5
540.46,118.54,74.01,68.84,71.5
540.66,118.43,74.18,68.82,71.52
540.86,118.54,74.18,68.85,71.5
541.06,118.49,74.07,68.89,71.5
541.27,118.5,73.96,68.86,71.46
541.64,118.54,73.94,68.86,71.46
541.84,118.43,74.0,68.89,71.45
542.04,118.46,74.14,68.87,71.48
542.24,118.44,74.21,68.86,71.48
542.44,118.44,74.03,68.87,71.5
542.84,118.47,73.99,68.88,71.48
543.04,118.47,74.0,68.84,71.5
543.24,118.37,74.03,68.82,71.5
543.44,118.31,74.18,68.86,71.49
543.64,118.41,74.23,68.85,71.5
543.84,118.37,74.04,68.82,71.5
544.21,118.37,74.0,68.85,71.49
544.41,118.37,74.0,68.85,71.48
544.61,118.42,74.04,68.83,71.48
544.81,118.45,74.18,68.82,71.46
545.01,118.46,74.17,68.84,71.48
545.39,118.49,74.08,68.83,71.48
545.59,118.46,74.03,68.82,71.49
545.79,118.41,73.98,68.84,71.48
545.99,118.27,74.01,68.87,71.49
546.19,118.41,74.12,68.85,71.51
546.39,118.46,74.21,68.84,71.52
546.70,118.48,74.11,68.84,71.5
546.90,118.46,74.04,68.82,71.51
547.10,118.55,74.01,68.83,71.53
547.30,118.47,73.99,68.88,71.53
547.50,118.34,74.19,68.88,71.53
547.88,118.4,74.22,68.88,71.51
548.08,118.35,74.11,68.9,71.5
548.28,118.4,74.01,68.89,71.47
548.48,118.49,73.99,68.89,71.47
548.68,118.62,74.03,68.9,71.48
549.07,118.56,74.17,68.88,71.48
549.27,118.53,74.24,68.85,71.47
549.47,118.47,74.14,68.82,71.47
549.67,118.31,74.06,68.85,71.46
549.87,118.39,73.99,68.89,71.47
550.07,118.44,74.02,68.85,71.47
550.44,118.37,74.16,68.88,71.49
550.64,118.39,74.23,68.88,71.51
550.84,118.51,74.17,68.86,71.49
551.04,118.38,74.07,68.82,71.53
551.24,118.42,73.94,68.85,71.51
551.63,118.48,73.97,68.84,71.51
551.83,118.43,74.1,68.82,71.49
552.03,118.36,74.21,68.83,71.5
552.23,118.3,74.17,68.84,71.48
552.43,118.47,74.08,68.85,71.49
552.63,118.44,73.96,68.84,71.46
552.94,118.42,73.96,68.84,71.48
553.14,118.44,74.05,68.84,71.47
553.34,118.38,74.21,68.86,71.48
553.54,118.37,74.21,68.88,71.5
553.74,118.26,74.05,68.84,71.5
554.12,118.36,73.98,68.82,71.54
554.32,118.48,73.95,68.86,71.52
554.52,118.48,74.0,68.86,71.53
554.72,118.43,74.17,68.84,71.53
554.92,118.57,74.1,68.86,71.5
555.31,118.53,74.01,68.87,71.5
555.51,118.44,73.96,68.83,71.52
555.71,118.46,73.93,68.82,71.49
555.91,118.34,73.97,68.81,71.51
556.11,118.5,74.12,68.88,71.49
556.31,118.42,74.09,68.86,71.47
556.68,118.46,74.02,68.87,71.46
556.88,118.46,73.97,68.88,71.47
557.08,118.39,73.96,68.83,71.5
557.28,118.39,73.99,68.82,71.51
557.48,118.56,74.18,68.87,71.49
557.86,118.55,74.11,68.89,71.49
558.06,118.53,74.02,68.88,71.49
558.26,118.61,73.98,68.83,71.48
558.46,118.38,73.94,68.87,71.5
558.66,118.44,73.98,68.86,71.47
558.86,118.54,74.16,68.85,71.48
559.18,118.54,74.14,68.88,71.44
559.38,118.54,74.05,68.88,71.45
559.58,118.54,73.99,68.84,71.45
559.78,118.58,73.96,68.87,71.45
559.98,118.43,74.03,68.83,71.45
560.35,118.4,74.17,68.82,71.48
560.55,118.37,74.17,68.84,71.49
560.75,118.42,74.07,68.88,71.47
560.95,118.37,73.99,68.88,71.5
561.15,118.49,73.94,68.88,71.48
561.54,118.53,74.0,68.88,71.48
561.74,118.56,74.14,68.85,71.45
561.94,118.48,74.17,68.83,71.45
562.14,118.35,74.07,68.82,71.44
562.34,118.56,74.0,68.85,71.45
562.54,118.53,73.96,68.86,71.44
562.91,118.67,74.0,68.85,71.48
563.11,118.67,74.13,68.87,71.47
563.31,118.58,74.22,68.86,71.48
563.51,118.45,74.12,68.86,71.48
563.71,118.41,74.0,68.86,71.48
564.10,118.4,73.97,68.86,71.49
564.30,118.36,74.01,68.84,71.47
564.50,118.39,74.14,68.81,71.5
564.70,118.32,74.22,68.82,71.49
564.90,118.48,74.14,68.84,71.49
565.10,118.49,74.0,68.83,71.48
565.40,118.44,73.98,68.86,71.48
565.60,118.41,73.99,68.86,71.46
565.80,118.41,74.06,68.84,71.47
566.00,118.4,74.2,68.81,71.46
566.20,118.47,74.09,68.81,71.46
566.58,118.4,74.04,68.81,71.46
566.78,118.37,73.99,68.84,71.46
566.98,118.45,73.98,68.86,71.47
567.18,118.42,74.04,68.87,71.48
567.38,118.46,74.21,68.84,71.47
567.78,118.47,74.12,68.84,71.48
567.98,118.52,74.03,68.87,71.49
568.18,118.49,73.99,68.87,71.47
568.38,118.28,73.97,68.85,71.52
568.58,118.4,74.05,68.87,71.49
568.78,118.33,74.24,68.87,71.49
569.15,118.35,74.15,68.86,71.47
569.35,118.35,74.04,68.86,71.47
569.55,118.4,73.98,68.88,71.46
569.75,118.4,73.97,68.88,71.48
569.95,118.47,74.17,68.86,71.5
570.34,118.39,74.25,68.91,71.51
570.54,118.32,74.17,68.89,71.51
570.74,118.36,74.05,68.85,71.51
570.94,118.24,74.0,68.86,71.5
571.14,118.39,73.96,68.89,71.49
571.34,118.51,74.09,68.84,71.5
571.65,118.49,74.22,68.89,71.49
571.85,118.43,74.25,68.89,71.5
572.05,118.46,74.12,68.86,71.49
572.25,118.41,74.04,68.85,71.48
572.45,118.34,73.97,68.88,71.45
572.83,118.44,74.03,68.87,71.46
573.03,118.54,74.19,68.86,71.45
573.23,118.52,74.23,68.89,71.48
573.43,118.33,74.12,68.92,71.51
573.63,118.46,73.96,68.86,71.54
574.03,118.43,73.93,68.87,71.5
574.23,118.31,73.97,68.9,71.53
574.43,118.37,74.14,68.87,71.51
574.63,118.16,74.19,68.88,71.5
574.83,118.25,74.11,68.86,71.48
575.03,118.37,73.98,68.87,71.46
575.40,118.49,73.94,68.85,71.45
575.60,118.65,73.98,68.84,71.44
575.80,118.66,74.11,68.89,71.46
576.00,118.51,74.15,68.89,71.47
576.20,118.53,73.99,68.85,71.48
576.58,118.44,73.95,68.89,71.48
576.78,118.44,73.94,68.88,71.5
576.98,118.54,73.97,68.85,71.46
577.18,118.4,74.11,68.82,71.49
577.38,118.59,74.19,68.87,71.5
577.58,118.54,74.04,68.84,71.48
577.89,118.51,73.99,68.86,71.52
578.09,118.57,73.96,68.88,71.5
578.29,118.55,73.95,68.86,71.52
578.49,118.54,74.03,68.86,71.47
578.69,118.48,74.15,68.9,71.48
579.07,118.6,74.07,68.91,71.5
579.27,118.52,74.02,68.91,71.52
579.47,118.45,73.96,68.9,71.54
579.67,118.39,73.95,68.92,71.54
579.87,118.39,74.15,68.87,71.51
580.26,118.44,74.16,68.86,71.52
580.46,118.43,74.06,68.91,71.51
580.66,118.48,74.01,68.9,71.53
580.86,118.34,73.95,68.89,71.55
581.06,118.57,73.96,68.87,71.54
581.26,118.58,74.13,68.88,71.51
581.64,118.64,74.18,68.88,71.51
581.84,118.62,74.09,68.85,71.49
582.04,118.54,74.01,68.9,71.48
582.24,118.46,73.99,68.92,71.49
582.44,118.65,74.02,68.88,71.47
582.82,118.6,74.16,68.9,71.49
583.02,118.66,74.23,68.9,71.49
583.22,118.64,74.12,68.88,71.5
583.42,118.4,74.03,68.86,71.51
583.62,118.54,73.98,68.86,71.52
583.82,118.56,73.97,68.88,71.52
584.13,118.58,74.05,68.86,71.52
584.33,118.63,74.2,68.89,71.51
584.53,118.59,74.18,68.87,71.5
584.73,118.5,74.07,68.89,71.48
584.93,118.43,73.98,68.91,71.44
585.31,118.47,73.97,68.92,71.44
585.51,118.5,74.04,68.89,71.44
585.71,118.48,74.19,68.87,71.46
585.91,118.49,74.2,68.86,71.49
586.11,118.48,74.01,68.86,71.48
586.50,118.54,73.96,68.86,71.5
586.70,118.52,73.98,68.89,71.51
586.90,118.48,74.06,68.91,71.5
587.10,118.33,74.21,68.89,71.5
587.30,118.48,74.24,68.87,71.53
587.50,118.5,74.03,68.87,71.53
587.87,118.5,73.99,68.87,71.49
588.07,118.49,73.99,68.86,71.5
588.27,118.48,74.03,68.85,71.5
588.47,118.3,74.18,68.92,71.48
588.67,118.28,74.17,68.87,71.47
589.06,118.32,74.07,68.86,71.48
589.26,118.31,74.0,68.91,71.49
589.46,118.32,73.97,68.9,71.49
589.66,118.3,74.02,68.89,71.53
589.86,118.41,74.15,68.9,71.52
590.06,118.51,74.2,68.89,71.51
590.37,118.56,74.1,68.88,71.49
590.57,118.6,74.04,68.9,71.5
590.77,118.55,73.98,68.9,71.47
590.97,118.55,74.0,68.89,71.47
591.17,118.4,74.23,68.9,71.48
591.55,118.48,74.24,68.9,71.46
591.75,118.39,74.14,68.89,71.48
591.95,118.34,74.04,68.88,71.48
592.15,118.43,73.98,68.88,71.48
592.35,118.61,74.04,68.91,71.47
592.74,118.67,74.19,68.88,71.48
592.94,118.72,74.22,68.91,71.49
593.14,118.75,74.12,68.93,71.51
593.34,118.45,74.05,68.91,71.52
593.54,118.62,73.97,68.88,71.53
593.74,118.63,74.0,68.88,71.53
594.11,118.61,74.14,68.86,71.55
594.31,118.63,74.22,68.86,71.51
594.51,118.59,74.14,68.85,71.5
594.71,118.36,74.06,68.91,71.51
594.91,118.4,73.94,68.87,71.47
595.30,118.44,73.96,68.86,71.46
595.50,118.38,74.11,68.89,71.47
595.70,118.35,74.23,68.88,71.47
595.90,118.32,74.15,68.88,71.46
596.10,118.42,74.08,68.88,71.49
596.30,118.42,73.98,68.88,71.49
596.60,118.42,73.95,68.87,71.5
596.80,118.51,74.01,68.9,71.47
597.00,118.46,74.16,68.94,71.49
597.20,118.49,74.16,68.94,71.5
597.40,118.48,74.01,68.9,71.52
597.79,118.48,73.96,68.91,71.5
597.99,118.45,73.93,68.88,71.5
598.19,118.4,73.95,68.86,71.48
598.39,118.35,74.1,68.86,71.49
598.59,118.43,74.02,68.92,71.47
598.98,118.41,73.96,68.92,71.47
599.18,118.39,73.95,68.9,71.49
599.38,118.43,73.95,68.94,71.49
599.58,118.34,74.0,68.9,71.5
599.78,118.49,74.15,68.9,71.49
599.98,118.54,74.1,68.9,71.51
600.35,118.6,74.03,68.91,71.53
600.55,118.45,73.98,68.9,71.52
600.75,118.53,73.97,68.89,71.51
600.95,118.35,74.01,68.91,71.52
601.15,118.35,74.23,68.88,71.46
601.53,118.46,74.14,68.85,71.47
601.73,118.47,74.04,68.88,71.46
601.93,118.46,73.98,68.89,71.46
602.13,118.38,73.95,68.9,71.47
602.33,118.53,73.97,68.9,71.49
602.53,118.64,74.17,68.91,71.47
602.84,118.65,74.18,68.88,71.49
603.04,118.59,74.07,68.89,71.48
603.24,118.61,73.99,68.91,71.48
603.44,118.61,73.96,68.89,71.48
603.64,118.46,74.01,68.87,71.49
604.02,118.49,74.17,68.9,71.5
604.22,118.54,74.23,68.87,71.46
604.42,118.52,74.13,68.84,71.47
604.62,118.47,74.03,68.83,71.49
604.82,118.45,73.97,68.87,71.5
605.21,118.46,74.02,68.88,71.49
605.41,118.37,74.15,68.89,71.49
605.61,118.51,74.23,68.9,71.48
605.81,118.3,74.13,68.89,71.49
606.01,118.48,74.04,68.88,71.49
606.21,118.56,73.99,68.87,71.49
606.58,118.46,74.02,68.89,71.5
606.78,118.44,74.15,68.89,71.5
606.98,118.51,74.25,68.87,71.51
607.18,118.34,74.15,68.89,71.5
607.38,118.58,74.0,68.88,71.5
607.76,118.61,73.97,68.88,71.5
607.96,118.65,74.14,68.9,71.48
608.36,118.34,74.23,68.91,71.48
608.56,118.51,74.14,68.89,71.49
608.76,118.53,74.03,68.84,71.51
608.96,118.4,73.97,68.89,71.52
609.16,118.46,73.95,68.9,71.51
609.36,118.51,74.09,68.89,71.5
609.74,118.6,74.22,68.93,71.5
609.94,118.62,74.2,68.91,71.48
610.14,118.56,74.07,68.91,71.46
610.34,118.42,74.0,68.88,71.48
610.54,118.57,73.97,68.92,71.49
610.92,118.53,74.07,68.91,71.49
611.12,118.56,74.24,68.89,71.5
611.32,118.57,74.21,68.91,71.5
611.52,118.33,74.1,68.92,71.51
611.72,118.47,74.02,68.91,71.5
611.92,118.47,73.95,68.91,71.52
612.23,118.47,74.0,68.92,71.53
612.43,118.46,74.15,68.91,71.54
612.63,118.43,74.26,68.89,71.53
612.83,118.39,74.18,68.95,71.52
613.03,118.58,73.99,68.88,71.53
613.42,118.71,73.97,68.87,71.53
613.62,118.74,73.99,68.88,71.53
613.82,118.8,74.14,68.87,71.53
614.02,118.61,74.26,68.86,71.53
614.22,118.58,74.08,68.89,71.53
614.61,118.54,73.99,68.88,71.48
614.81,118.48,73.95,68.88,71.48
615.01,118.44,73.95,68.85,71.48
615.21,118.41,74.1,68.87,71.48
615.41,118.59,74.2,68.9,71.49
615.61,118.61,74.08,68.89,71.49
615.98,118.64,74.02,68.9,71.51
616.18,118.59,73.95,68.91,71.5
616.38,118.56,73.93,68.92,71.52
616.58,118.42,74.04,68.89,71.51
616.78,118.44,74.15,68.91,71.5
617.17,118.56,74.06,68.92,71.49
617.37,118.61,74.01,68.9,71.49
617.57,118.6,73.96,68.89,71.47
617.77,118.56,73.96,68.89,71.48
617.97,118.72,74.01,68.87,71.47
618.17,118.67,74.17,68.86,71.48
618.47,118.64,74.11,68.88,71.49
618.67,118.64,74.02,68.88,71.5
618.87,118.62,73.97,68.9,71.51
619.07,118.46,73.97,68.92,71.5
619.27,118.38,74.07,68.9,71.5
619.65,118.47,74.18,68.9,71.5
619.85,118.46,74.11,68.92,71.52
620.05,118.46,74.01,68.93,71.52
620.25,118.39,73.96,68.94,71.53
620.45,118.46,73.97,68.91,71.51
620.84,118.45,74.07,68.92,71.52
621.04,118.52,74.19,68.92,71.47
621.24,118.55,74.12,68.89,71.46
621.44,118.47,74.05,68.89,71.46
621.64,118.71,73.99,68.92,71.48
621.84,118.72,73.99,68.91,71.47
622.21,118.78,74.08,68.87,71.49
622.41,118.71,74.21,68.91,71.49
622.61,118.61,74.17,68.89,71.49
622.81,118.46,74.06,68.89,71.51
623.01,118.46,73.96,68.9,71.51
623.40,118.53,73.96,68.89,71.53
623.60,118.56,74.04,68.88,71.52
623.80,118.54,74.17,68.86,71.54
624.00,118.4,74.17,68.88,71.52
624.20,118.6,74.08,68.86,71.53
624.40,118.55,74.0,68.86,71.52
624.71,118.59,74.01,68.88,71.51
624.91,118.68,74.03,68.89,71.5
625.11,118.67,74.15,68.88,71.5
625.31,118.65,74.22,68.88,71.5
625.51,118.71,74.04,68.88,71.48
625.89,118.72,74.0,68.87,71.5
626.09,118.64,73.98,68.88,71.5
626.29,118.65,74.0,68.9,71.53
626.49,118.54,74.12,68.91,71.51
626.69,118.52,74.12,68.86,71.5
627.08,118.47,74.02,68.86,71.51
627.28,118.57,73.98,68.87,71.5
627.48,118.55,73.95,68.87,71.5
627.68,118.45,74.01,68.86,71.5
627.88,118.63,74.14,68.89,71.5
628.08,118.51,74.18,68.87,71.49
628.45,118.62,74.08,68.85,71.47
628.65,118.54,74.01,68.88,71.47
628.85,118.58,73.97,68.88,71.47
629.05,118.45,74.0,68.89,71.49
629.25,118.49,74.25,68.9,71.49
629.64,118.57,74.22,68.92,71.5
629.84,118.56,74.11,68.89,71.51
630.04,118.54,74.02,68.87,71.5
630.24,118.39,73.96,68.86,71.51
630.44,118.51,73.98,68.9,71.5
630.64,118.58,74.15,68.89,71.5
630.94,118.53,74.25,68.91,71.49
631.14,118.54,74.15,68.89,71.5
631.34,118.58,74.06,68.87,71.51
631.54,118.66,73.98,68.85,71.52
631.74,118.6,73.98,68.88,71.52
632.12,118.56,74.11,68.89,71.52
632.32,118.69,74.24,68.88,71.51
632.52,118.54,74.18,68.91,71.54
632.72,118.44,74.08,68.91,71.54
632.92,118.6,73.97,68.85,71.52
633.32,118.65,73.99,68.87,71.54
633.52,118.68,74.12,68.88,71.52
633.72,118.64,74.24,68.87,71.53
633.92,118.5,74.19,68.85,71.55
634.12,118.7,74.08,68.89,71.54
634.32,118.62,73.93,68.89,71.52
634.69,118.55,73.92,68.87,71.49
634.89,118.5,74.01,68.87,71.51
635.09,118.45,74.17,68.89,71.5
635.29,118.38,74.19,68.9,71.51
635.49,118.5,74.02,68.91,71.53
635.87,118.56,73.97,68.92,71.51
636.07,118.58,73.94,68.92,71.53
636.27,118.53,73.99,68.88,71.54
636.47,118.46,74.14,68.88,71.56
636.67,118.44,74.17,68.91,71.54
636.87,118.59,74.04,68.9,71.53
637.18,118.56,74.0,68.93,71.51
637.38,118.62,73.95,68.92,71.5
637.58,118.67,73.96,68.89,71.51
637.78,118.69,74.09,68.88,71.5
637.98,118.69,74.14,68.92,71.5
638.36,118.56,74.05,68.91,71.5
638.56,118.49,74.0,68.91,71.49
638.76,118.54,73.97,68.93,71.52
638.96,118.46,73.98,68.93,71.51
639.16,118.53,74.21,68.89,71.52
639.55,118.61,74.16,68.89,71.52
639.75,118.54,74.06,68.91,71.52
639.95,118.5,74.01,68.9,71.5
640.15,118.45,73.97,68.9,71.51
640.35,118.58,73.96,68.88,71.5
640.55,118.63,74.16,68.89,71.5
640.92,118.61,74.14,68.88,71.49
641.12,118.62,74.04,68.89,71.5
641.32,118.63,74.01,68.92,71.5
641.52,118.43,73.97,68.89,71.51
641.72,118.62,74.04,68.85,71.49
642.11,118.62,74.19,68.89,71.49
642.31,118.63,74.18,68.87,71.49
642.51,118.67,74.07,68.88,71.5
642.71,118.53,74.0,68.89,71.51
642.91,118.69,73.96,68.91,71.52
643.11,118.65,73.96,68.91,71.53
643.42,118.69,74.11,68.92,71.51
643.62,118.72,74.21,68.91,71.52
643.82,118.78,74.13,68.88,71.52
644.02,118.84,74.06,68.86,71.54
644.22,118.82,73.96,68.9,71.53
644.60,118.8,73.97,68.9,71.52
644.80,118.73,74.09,68.89,71.49
645.00,118.62,74.19,68.91,71.49
645.20,118.6,74.14,68.93,71.48
645.40,118.48,74.0,68.89,71.51
645.79,118.61,73.98,68.87,71.54
645.99,118.64,73.98,68.91,71.55
646.19,118.65,74.1,68.92,71.55
646.39,118.61,74.22,68.91,71.55
646.60,118.81,74.16,68.89,71.54
646.80,118.68,74.01,68.9,71.52
647.16,118.53,73.97,68.9,71.52
647.36,118.61,73.98,68.9,71.54
647.56,118.62,74.07,68.92,71.52
647.76,118.56,74.22,68.93,71.5
647.96,118.61,74.08,68.86,71.48
648.35,118.66,74.01,68.87,71.47
648.55,118.58,73.96,68.87,71.47
648.75,118.55,73.97,68.87,71.5
648.95,118.45,74.05,68.91,71.5
649.15,118.58,74.19,68.92,71.5
649.35,118.6,74.12,68.94,71.5
649.66,118.61,74.02,68.94,71.49
649.86,118.7,73.96,68.92,71.51
650.06,118.71,73.96,68.91,71.52
650.26,118.65,74.01,68.91,71.53
650.46,118.59,74.27,68.93,71.54
650.85,118.69,74.18,68.94,71.52
651.05,118.68,74.06,68.93,71.5
651.25,118.69,73.98,68.91,71.48
651.45,118.58,73.96,68.93,71.48
651.65,118.47,74.13,68.93,71.49
652.04,118.49,74.25,68.92,71.52
652.24,118.5,74.19,68.93,71.53
652.44,118.51,74.02,68.89,71.52
652.75,118.67,73.98,68.91,71.53
652.95,118.7,74.04,68.9,71.52
653.34,118.72,74.19,68.91,71.55
653.54,118.73,74.11,68.96,71.54
653.95,118.55,74.03,68.95,71.51
654.15,118.53,73.92,68.9,71.49
654.54,118.38,73.99,68.9,71.48
654.74,118.36,74.15,68.9,71.5
654.94,118.54,74.21,68.91,71.51
655.14,118.38,74.12,68.9,71.53
655.34,118.61,74.04,68.93,71.51
655.54,118.64,73.94,68.92,71.5
655.85,118.6,73.93,68.91,71.5
656.05,118.57,74.06,68.9,71.51
656.25,118.76,74.21,68.91,71.51
656.45,118.68,74.18,68.9,71.52
656.65,118.8,74.03,68.94,71.54
657.02,118.79,73.97,68.95,71.52
657.22,118.69,73.94,68.93,71.51
657.42,118.56,74.01,68.95,71.51
657.62,118.57,74.18,68.94,71.51
657.82,118.57,74.07,68.92,71.52
658.22,118.59,74.03,68.91,71.53
658.42,118.63,73.98,68.91,71.5
658.62,118.44,73.97,68.9,71.5
658.93,118.45,74.08,68.9,71.52
659.13,118.59,74.08,68.89,71.53
659.52,118.54,74.01,68.91,71.53
659.72,118.62,73.94,68.93,71.51
660.10,118.43,73.96,68.93,71.5
660.30,118.63,74.18,68.92,71.51
660.72,118.48,74.1,68.93,71.51
660.92,118.44,73.96,68.9,71.51
661.34,118.32,73.94,68.92,71.5
661.54,118.26,73.98,68.94,71.5
661.74,118.4,74.21,68.92,71.5
662.07,118.42,74.16,68.91,71.51
662.27,118.67,73.99,68.88,71.53
662.67,118.74,73.94,68.89,71.54
662.87,118.67,74.06,68.93,71.53
663.27,118.55,74.18,68.92,71.52
663.47,118.47,74.04,68.88,71.51
663.88,118.38,74.0,68.87,71.52
664.08,118.4,74.0,68.92,71.5
664.50,118.36,74.08,68.93,71.5
664.70,118.43,74.21,68.93,71.52
664.90,118.51,74.06,68.91,71.51
665.24,118.44,74.01,68.9,71.53
665.44,118.53,73.98,68.9,71.53
665.81,118.49,74.05,68.9,71.52
666.01,118.53,74.19,68.9,71.53
666.21,118.57,74.22,68.93,71.51
666.41,118.39,74.11,68.93,71.52
666.61,118.5,74.0,68.9,71.52
667.00,118.63,73.99,68.93,71.54
667.20,118.61,74.05,68.95,71.51
667.40,118.65,74.21,68.96,71.53
667.60,118.49,74.23,68.96,71.51
667.80,118.57,74.12,68.96,71.5
668.00,118.71,74.02,68.93,71.51
668.30,118.68,73.99,68.91,71.51
668.50,118.7,74.01,68.92,71.52
668.70,118.69,74.14,68.92,71.52
668.90,118.66,74.26,68.92,71.52
669.10,118.43,74.07,68.9,71.52
669.48,118.49,73.99,68.9,71.51
669.68,118.5,73.96,68.88,71.52
669.88,118.6,73.97,68.9,71.54
670.08,118.58,74.11,68.9,71.54
670.28,118.74,74.22,68.91,71.52
670.67,118.68,74.11,68.91,71.5
670.87,118.65,74.03,68.9,71.5
671.07,118.61,73.99,68.9,71.47
671.27,118.49,73.98,68.88,71.48
671.47,118.64,74.08,68.87,71.49
671.67,118.64,74.22,68.87,71.5
671.87,118.55,74.21,68.89,71.49
672.07,118.55,74.09,68.9,71.52
672.27,118.63,73.97,68.89,71.52
672.65,118.67,73.96,68.9,71.55
672.85,118.71,74.07,68.89,71.54
673.05,118.72,74.21,68.87,71.56
673.25,118.51,74.21,68.88,71.54
673.45,118.61,74.02,68.91,71.52
673.84,118.66,73.94,68.91,71.51
674.04,118.62,73.93,68.91,71.51
674.25,118.66,74.02,68.91,71.5
674.45,118.39,74.18,68.9,71.52
674.65,118.5,74.2,68.9,71.51
674.85,118.57,74.04,68.9,71.51
675.22,118.54,73.98,68.91,71.47
675.42,118.58,73.94,68.9,71.49
675.62,118.6,74.01,68.9,71.5
675.82,118.6,74.16,68.9,71.51
676.02,118.69,74.13,68.89,71.53
676.40,118.7,74.07,68.9,71.54
676.60,118.67,74.02,68.9,71.55
676.80,118.58,73.97,68.9,71.54
677.00,118.52,73.99,68.92,71.54
677.20,118.62,74.11,68.89,71.55
677.40,118.63,74.14,68.9,71.55
677.72,118.6,74.06,68.9,71.53
677.92,118.66,74.0,68.89,71.53
678.12,118.77,73.97,68.91,71.5
678.32,118.85,73.96,68.91,71.49
678.52,118.85,74.16,68.88,71.48
678.89,118.91,74.14,68.9,71.5
679.09,118.79,74.05,68.91,71.5
679.29,118.72,73.97,68.92,71.51
679.49,118.62,73.94,68.93,71.52
679.69,118.56,74.02,68.92,71.52
680.08,118.53,74.14,68.91,71.52
680.28,118.58,74.15,68.9,71.53
680.48,118.57,74.07,68.9,71.52
680.68,118.47,74.01,68.92,71.51
680.88,118.7,73.96,68.93,71.51
681.08,118.77,74.01,68.94,71.49
681.46,118.68,74.16,68.94,71.48
681.66,118.61,74.2,68.92,71.48
681.86,118.48,74.1,68.9,71.49
682.06,118.35,74.03,68.88,71.5
682.26,118.51,73.95,68.9,71.51
682.64,118.61,73.99,68.9,71.52
682.84,118.7,74.12,68.9,71.53
683.04,118.67,74.18,68.92,71.55
683.24,118.68,74.11,68.91,71.54
683.44,118.79,74.04,68.89,71.55
683.64,118.68,73.97,68.89,71.51
683.95,118.67,73.98,68.9,71.52
684.15,118.53,74.07,68.91,71.51
684.35,118.53,74.21,68.93,71.5
684.55,118.47,74.18,68.92,71.51
684.75,118.44,74.04,68.88,71.51
685.13,118.52,73.99,68.9,71.52
685.33,118.56,74.0,68.89,71.51
685.53,118.57,74.07,68.9,71.51
685.73,118.49,74.2,68.91,71.51
685.93,118.6,74.06,68.9,71.53
686.33,118.58,74.0,68.9,71.54
686.53,118.55,73.95,68.88,71.56
686.73,118.52,73.95,68.9,71.55
686.93,118.44,74.05,68.91,71.54
687.13,118.63,74.2,68.92,71.53
687.33,118.74,74.1,68.9,71.51
687.70,118.7,74.05,68.9,71.49
687.90,118.76,74.0,68.9,71.51
688.10,118.75,73.99,68.89,71.52
688.30,118.58,74.05,68.9,71.54
688.50,118.68,74.25,68.92,71.51
688.88,118.71,74.13,68.9,71.52
689.08,118.62,74.03,68.9,71.5
689.28,118.76,73.98,68.88,71.51
689.48,118.52,73.97,68.89,71.55
689.68,118.63,74.03,68.89,71.54
689.88,118.73,74.25,68.91,71.55
690.19,118.72,74.21,68.9,71.53
690.39,118.69,74.08,68.91,71.51
690.59,118.68,73.99,68.9,71.5
690.79,118.64,73.97,68.88,71.5
690.99,118.47,74.1,68.85,71.49
691.37,118.5,74.23,68.86,71.51
691.57,118.48,74.24,68.87,71.48
691.77,118.42,74.13,68.9,71.49
691.97,118.35,74.03,68.91,71.49
692.17,118.46,73.95,68.89,71.52
692.57,118.51,74.02,68.89,71.55
692.77,118.47,74.17,68.87,71.56
692.97,118.49,74.17,68.89,71.57
693.17,118.34,74.08,68.89,71.57
693.37,118.45,74.01,68.9,71.56
693.57,118.6,73.94,68.9,71.53
693.94,118.58,74.03,68.88,71.54
694.14,118.59,74.18,68.89,71.51
694.34,118.71,74.22,68.9,71.5
694.54,118.64,74.14,68.9,71.49
694.74,118.65,73.98,68.92,71.48
695.12,118.67,73.95,68.9,71.49
695.32,118.63,74.0,68.88,71.49
695.52,118.65,74.15,68.89,71.51
695.72,118.48,74.23,68.88,71.51
695.92,118.66,74.12,68.88,71.53
696.12,118.64,73.99,68.89,71.52
696.43,118.57,73.93,68.88,71.53
696.63,118.5,73.92,68.86,71.51
696.83,118.58,74.04,68.87,71.52
697.03,118.57,74.2,68.88,71.52
697.23,118.59,74.08,68.89,71.51
697.60,118.62,74.01,68.91,71.48
697.80,118.44,73.93,68.91,71.46
698.21,118.24,74.02,68.9,71.44
698.41,118.47,74.14,68.86,71.47
698.83,118.42,74.04,68.86,71.5
699.03,118.5,73.99,68.85,71.5
699.23,118.46,73.96,68.86,71.53
699.57,118.45,74.0,68.87,71.53
699.77,118.57,74.17,68.87,71.53
700.17,118.5,74.08,68.87,71.52
700.37,118.44,73.93,68.89,71.51
700.77,118.35,73.93,68.87,71.49
700.97,118.53,74.12,68.88,71.44
701.38,118.46,74.18,68.88,71.46
701.58,118.6,74.02,68.88,71.51
702.00,118.41,73.97,68.88,71.52
702.20,118.53,73.97,68.9,71.53
702.40,118.53,74.11,68.9,71.53
702.74,118.53,74.21,68.9,71.51
702.94,118.63,74.05,68.89,71.51
703.31,118.59,74.01,68.89,71.54
703.51,118.56,73.99,68.88,71.51
703.71,118.58,74.01,68.88,71.51
703.91,118.39,74.12,68.89,71.49
704.11,118.64,74.16,68.88,71.48
704.50,118.63,74.04,68.88,71.48
704.70,118.61,73.99,68.87,71.5
704.90,118.61,73.96,68.88,71.51
705.10,118.4,74.0,68.87,71.52
705.30,118.64,74.09,68.9,71.53
705.50,118.55,74.21,68.91,71.53
705.81,118.59,74.1,68.92,71.54
706.01,118.61,73.97,68.9,71.51
706.38,118.49,73.97,68.88,71.53
706.58,118.65,74.14,68.89,71.51
706.99,118.73,74.21,68.9,71.51
707.19,118.8,74.1,68.9,71.51
707.39,118.8,74.02,68.9,71.49
707.59,118.53,73.98,68.91,71.49
707.79,118.73,73.98,68.89,71.5
707.99,118.73,74.01,68.92,71.49
708.19,118.7,74.17,68.91,71.5
708.39,118.59,74.26,68.91,71.48
708.59,118.75,74.1,68.91,71.49
708.89,118.67,74.03,68.9,71.48
709.09,118.55,73.97,68.87,71.47
709.29,118.66,73.95,68.87,71.52
709.49,118.55,74.03,68.86,71.5
709.69,118.5,74.19,68.87,71.5
710.07,118.61,74.1,68.9,71.5
710.27,118.62,74.02,68.88,71.5
710.47,118.67,73.98,68.9,71.5
710.67,118.63,73.97,68.88,71.51
710.87,118.63,74.2,68.87,71.5
711.26,118.66,74.25,68.88,71.52
711.46,118.68,74.14,68.89,71.51
711.66,118.81,74.04,68.89,71.5
711.86,118.69,73.97,68.87,71.5
712.06,118.79,73.96,68.86,71.5
712.26,118.82,74.14,68.86,71.51
712.63,118.7,74.24,68.86,71.51
712.83,118.54,74.17,68.89,71.52
713.03,118.52,74.05,68.91,71.5
713.23,118.31,73.98,68.91,71.53
713.43,118.47,73.99,68.88,71.5
713.82,118.61,74.11,68.88,71.51
714.02,118.62,74.25,68.87,71.5
714.22,118.68,74.2,68.89,71.51
714.42,118.7,74.09,68.89,71.5
714.62,118.8,73.99,68.9,71.49
714.82,118.61,73.95,68.89,71.49
715.13,118.61,74.01,68.89,71.5
715.33,118.61,74.16,68.88,71.5
715.53,118.66,74.22,68.89,71.51
715.73,118.6,74.13,68.91,71.53
715.93,118.59,73.97,68.89,71.52
716.31,118.57,73.96,68.89,71.53
716.51,118.52,74.01,68.88,71.54
716.71,118.49,74.17,68.88,71.55
716.91,118.3,74.24,68.89,71.56
717.11,118.43,74.08,68.9,71.52
717.50,118.43,74.0,68.9,71.5
717.70,118.53,73.96,68.9,71.5
717.90,118.63,73.98,68.89,71.49
718.10,118.59,74.12,68.9,71.48
718.30,118.73,74.23,68.86,71.49
718.50,118.58,74.07,68.86,71.52
718.87,118.63,74.01,68.89,71.5
719.07,118.58,73.96,68.89,71.52
719.27,118.5,73.95,68.91,71.53
719.47,118.49,74.05,68.92,71.52
719.67,118.53,74.14,68.88,71.52
720.06,118.48,74.06,68.89,71.52
720.26,118.49,74.0,68.88,71.51
720.46,118.48,73.97,68.89,71.51
720.66,118.24,73.99,68.9,71.52
720.86,118.4,74.06,68.9,71.52
721.06,118.51,74.19,68.89,71.53
721.37,118.62,74.09,68.88,71.51
721.57,118.68,73.93,68.87,71.5
721.96,118.57,73.91,68.9,71.49
722.16,118.39,74.1,68.9,71.48
722.57,118.33,74.2,68.88,71.5
722.77,118.44,74.02,68.85,71.49
723.18,118.47,73.99,68.87,71.53
723.38,118.53,74.02,68.9,71.51
723.79,118.42,74.15,68.9,71.48
723.99,118.54,74.23,68.9,71.49
724.19,118.51,74.08,68.88,71.48
724.53,118.5,74.03,68.89,71.47
724.73,118.54,73.98,68.88,71.47
725.12,118.54,74.08,68.91,71.5
725.32,118.43,74.12,68.9,71.51
725.73,118.42,74.06,68.9,71.54
725.93,118.39,73.98,68.89,71.56
726.34,118.27,74.01,68.88,71.53
726.54,118.32,74.22,68.91,71.46
726.96,118.24,74.15,68.9,71.48
727.16,118.26,74.07,68.92,71.47
727.36,118.31,74.0,68.9,71.47
727.70,118.3,74.0,68.91,71.48
727.90,118.57,74.09,68.9,71.46
728.10,118.67,74.21,68.93,71.49
728.30,118.77,74.19,68.9,71.48
728.50,118.83,74.07,68.92,71.5
728.70,118.63,74.02,68.92,71.51
728.90,118.68,73.99,68.9,71.53
729.10,118.55,74.08,68.87,71.54
729.48,118.52,74.21,68.89,71.54
729.68,118.5,74.19,68.87,71.52
729.88,118.49,74.07,68.9,71.51
730.08,118.24,74.01,68.9,71.53
730.28,118.35,73.97,68.9,71.52
730.48,118.4,74.0,68.88,71.54
730.79,118.38,74.14,68.89,71.54
730.99,118.47,74.23,68.88,71.52
731.19,118.62,74.12,68.91,71.49
731.39,118.67,74.02,68.91,71.49
731.59,118.75,73.97,68.88,71.48
731.97,118.77,74.01,68.87,71.51
732.17,118.67,74.15,68.85,71.52
732.37,118.57,74.29,68.88,71.51
732.57,118.3,74.21,68.89,71.54
732.77,118.26,74.0,68.9,71.51
733.16,118.3,73.99,68.92,71.5
733.36,118.35,74.01,68.89,71.5
733.56,118.35,74.15,68.89,71.51
733.77,118.25,74.26,68.88,71.5
733.97,118.3,74.19,68.91,71.5
734.17,118.33,73.99,68.92,71.49
734.53,118.46,73.96,68.94,71.48
734.73,118.59,73.98,68.94,71.47
734.93,118.77,74.11,68.93,71.49
735.13,118.73,74.26,68.91,71.5
735.33,118.69,74.12,68.9,71.5
735.72,118.73,74.01,68.93,71.48
735.92,118.55,73.96,68.91,71.48
736.12,118.47,73.96,68.92,71.49
736.32,118.27,74.08,68.89,71.48
736.52,118.4,74.22,68.89,71.52
736.72,118.59,74.14,68.86,71.51
737.02,118.61,74.05,68.88,71.53
737.22,118.68,73.97,68.87,71.5
737.42,118.66,73.93,68.87,71.5
737.62,118.54,73.96,68.88,71.48
737.82,118.41,74.21,68.86,71.52
738.20,118.36,74.13,68.87,71.5
738.40,118.28,74.05,68.89,71.51
738.60,118.42,74.01,68.9,71.51
738.80,118.55,73.93,68.91,71.52
739.00,118.67,74.06,68.9,71.51
739.39,118.69,74.17,68.91,71.53
739.59,118.59,74.1,68.9,71.53
739.79,118.48,74.03,68.89,71.52
739.99,118.36,73.98,68.9,71.54
740.19,118.34,73.96,68.9,71.54
740.39,118.5,74.07,68.89,71.49
740.76,118.49,74.17,68.9,71.48
740.96,118.49,74.13,68.9,71.5
741.16,118.51,74.03,68.89,71.49
741.36,118.42,73.96,68.88,71.5
741.56,118.41,73.95,68.89,71.48
741.95,118.49,74.04,68.89,71.5
742.15,118.51,74.17,68.89,71.49
742.35,118.58,74.14,68.86,71.5
742.55,118.43,74.07,68.87,71.54
742.75,118.55,74.02,68.86,71.52
742.95,118.62,73.97,68.85,71.52
743.27,118.65,74.01,68.86,71.52
743.47,118.68,74.15,68.88,71.52
743.67,118.72,74.18,68.89,71.5
743.87,118.68,74.09,68.9,71.5
744.07,118.53,73.96,68.91,71.49
744.45,118.58,73.94,68.89,71.5
744.65,118.63,73.98,68.9,71.48
744.85,118.61,74.11,68.91,71.48
745.05,118.57,74.21,68.91,71.46
745.25,118.7,74.03,68.9,71.5
745.64,118.75,73.97,68.88,71.49
745.84,118.7,73.95,68.87,71.51
746.04,118.56,73.98,68.87,71.51
746.24,118.38,74.08,68.86,71.51
746.44,118.5,74.18,68.87,71.49
746.64,118.45,74.03,68.9,71.5
747.01,118.64,73.98,68.89,71.5
747.21,118.71,73.98,68.89,71.48
747.41,118.8,74.01,68.9,71.49
747.61,118.56,74.12,68.93,71.47
747.81,118.66,74.15,68.92,71.44
748.19,118.67,74.04,68.93,71.44
748.39,118.56,73.98,68.93,71.48
748.59,118.52,73.96,68.9,71.47
748.79,118.43,74.0,68.9,71.51
748.99,118.46,74.11,68.89,71.53
749.19,118.4,74.22,68.88,71.51
749.50,118.38,74.1,68.9,71.5
749.70,118.36,74.03,68.92,71.48
749.90,118.36,73.99,68.91,71.51
750.10,118.42,74.01,68.9,71.5
750.30,118.43,74.2,68.9,71.52
750.68,118.4,74.25,68.9,71.5
750.88,118.36,74.13,68.9,71.5
751.08,118.31,74.03,68.93,71.47
751.28,118.21,73.98,68.93,71.48
751.48,118.4,74.0,68.89,71.46
751.87,118.47,74.13,68.89,71.51
752.07,118.5,74.22,68.88,71.51
752.27,118.5,74.12,68.9,71.52
752.47,118.34,74.04,68.9,71.5
752.67,118.46,73.98,68.91,71.49
752.87,118.44,74.01,68.91,71.49
753.25,118.48,74.14,68.88,71.49
753.45,118.62,74.26,68.86,71.5
753.65,118.44,74.18,68.87,71.46
753.85,118.41,74.1,68.9,71.48
754.05,118.35,74.0,68.89,71.47
754.43,118.47,74.01,68.92,71.5
754.63,118.49,74.13,68.93,71.5
754.83,118.51,74.26,68.91,71.51
755.03,118.49,74.21,68.92,71.51
755.23,118.59,74.09,68.92,71.5
755.43,118.65,73.96,68.91,71.49
755.74,118.55,73.94,68.93,71.51
755.94,118.6,74.01,68.94,71.53
756.14,118.63,74.16,68.95,71.52
756.34,118.83,74.2,68.92,71.55
756.54,118.71,74.04,68.92,71.52
756.92,118.59,73.98,68.93,71.5
757.12,118.58,73.93,68.89,71.48
757.32,118.42,73.98,68.9,71.48
757.52,118.3,74.14,68.88,71.47
757.72,118.45,74.13,68.86,71.49
758.11,118.47,74.05,68.88,71.5
758.31,118.46,74.01,68.87,71.51
758.51,118.42,73.96,68.88,71.49
758.71,118.35,73.98,68.88,71.51
758.91,118.45,74.09,68.89,71.51
759.11,118.5,74.12,68.89,71.54
759.48,118.57,74.03,68.89,71.55
759.68,118.56,73.97,68.88,71.54
759.88,118.58,73.94,68.9,71.54
760.08,118.46,73.95,68.92,71.51
760.28,118.48,74.16,68.91,71.5
760.67,118.52,74.12,68.91,71.5
760.87,118.49,74.04,68.89,71.51
761.07,118.51,73.99,68.88,71.5
761.27,118.39,73.97,68.87,71.52
761.47,118.5,73.96,68.87,71.49
761.67,118.57,74.15,68.87,71.5
761.99,118.56,74.18,68.87,71.5
762.19,118.65,74.08,68.87,71.5
762.39,118.62,74.0,68.86,71.52
762.59,118.55,73.96,68.85,71.5
762.79,118.54,73.97,68.85,71.5
763.16,118.5,74.12,68.88,71.5
763.36,118.52,74.2,68.88,71.51
763.56,118.56,74.13,68.88,71.5
763.76,118.49,74.07,68.89,71.53
763.96,118.59,73.99,68.89,71.51
764.36,118.54,74.02,68.87,71.49
764.56,118.57,74.14,68.9,71.47
764.76,118.54,74.17,68.89,71.48
765.07,118.57,74.07,68.91,71.49
765.27,118.5,73.95,68.89,71.51
765.67,118.58,73.95,68.86,71.51
765.87,118.4,74.2,68.89,71.5
766.27,118.42,74.22,68.92,71.49
766.47,118.4,74.03,68.9,71.52
766.89,118.42,74.0,68.91,71.51
767.09,118.4,74.11,68.91,71.48
767.50,118.33,74.21,68.9,71.48
767.70,118.59,74.2,68.89,71.48
767.90,118.53,74.03,68.89,71.45
768.26,118.61,74.0,68.86,71.49
768.46,118.67,73.99,68.86,71.5
768.66,118.62,74.05,68.87,71.52
768.86,118.59,74.18,68.88,71.52
769.06,118.62,74.21,68.89,71.52
769.26,118.52,74.08,68.88,71.52
769.46,118.53,74.02,68.9,71.49
769.66,118.45,73.97,68.91,71.5
770.05,118.45,74.02,68.89,71.51
770.25,118.43,74.15,68.9,71.5
770.45,118.48,74.22,68.89,71.48
770.65,118.46,74.11,68.9,71.51
770.85,118.65,74.03,68.89,71.45
771.05,118.6,73.99,68.92,71.46
771.37,118.64,74.0,68.88,71.48
771.57,118.62,74.13,68.89,71.5
771.77,118.64,74.25,68.88,71.51
771.97,118.68,74.21,68.9,71.51
772.17,118.72,74.01,68.85,71.49
772.55,118.72,73.97,68.86,71.51
772.75,118.68,73.99,68.86,71.52
772.95,118.63,74.1,68.84,71.51
773.15,118.51,74.25,68.83,71.54
773.35,118.49,74.11,68.86,71.5
773.74,118.54,74.04,68.87,71.49
773.94,118.54,73.99,68.87,71.47
774.14,118.49,73.98,68.89,71.49
774.34,118.4,74.06,68.89,71.48
774.54,118.51,74.19,68.9,71.5
774.74,118.53,74.09,68.88,71.48
775.12,118.51,73.99,68.89,71.5
775.32,118.57,73.96,68.89,71.49
775.52,118.56,73.96,68.88,71.48
775.72,118.58,74.05,68.89,71.52
775.92,118.54,74.23,68.88,71.54
776.30,118.55,74.14,68.87,71.51
776.50,118.54,74.02,68.88,71.52
776.70,118.57,73.96,68.88,71.5
776.90,118.41,73.93,68.91,71.5
777.10,118.57,73.98,68.9,71.5
777.30,118.61,74.21,68.91,71.48
777.62,118.55,74.15,68.87,71.5
777.82,118.58,74.07,68.86,71.46
778.02,118.55,74.0,68.85,71.47
778.22,118.57,73.97,68.85,71.47
778.42,118.49,74.06,68.83,71.49
778.79,118.52,74.21,68.84,71.49
778.99,118.53,74.19,68.86,71.51
779.19,118.55,74.08,68.86,71.54
779.39,118.48,74.04,68.86,71.52
779.59,118.53,73.96,68.87,71.49
779.99,118.47,74.03,68.9,71.5
780.19,118.46,74.19,68.87,71.48
780.39,118.42,74.17,68.87,71.48
780.59,118.35,74.07,68.89,71.5
780.79,118.47,74.0,68.9,71.5
780.99,118.44,73.94,68.86,71.48
781.36,118.36,73.99,68.86,71.48
781.56,118.43,74.12,68.87,71.49
781.76,118.45,74.16,68.87,71.48
781.96,118.38,74.07,68.84,71.51
782.16,118.39,73.93,68.86,71.52
782.55,118.34,73.92,68.86,71.54
782.75,118.36,73.98,68.85,71.52
782.95,118.28,74.12,68.88,71.53
783.15,118.25,74.18,68.91,71.54
783.35,118.38,74.08,68.91,71.5
783.55,118.53,73.97,68.89,71.49
783.86,118.51,73.94,68.89,71.47
784.06,118.53,73.96,68.86,71.46
784.26,118.51,74.07,68.87,71.44
784.46,118.53,74.2,68.89,71.46
784.66,118.5,74.05,68.85,71.46
785.04,118.52,74.0,68.86,71.49
785.24,118.49,73.97,68.87,71.5
785.44,118.45,73.98,68.88,71.52
785.64,118.36,74.07,68.86,71.51
785.84,118.36,74.15,68.89,71.49
786.23,118.27,74.03,68.9,71.48
786.43,118.33,73.98,68.87,71.48
786.63,118.32,73.97,68.85,71.5
786.83,118.25,73.98,68.87,71.49
787.03,118.41,74.06,68.89,71.5
787.23,118.53,74.17,68.85,71.47
787.60,118.5,74.07,68.85,71.45
787.80,118.49,73.99,68.86,71.46
788.00,118.47,73.95,68.84,71.51
788.20,118.32,73.97,68.84,71.51
788.40,118.39,74.17,68.85,71.53
788.79,118.53,74.23,68.86,71.5
788.99,118.55,74.11,68.84,71.52
789.19,118.61,74.03,68.83,71.48
789.39,118.53,74.0,68.85,71.51
789.59,118.71,74.0,68.87,71.51
789.79,118.56,74.15,68.85,71.52
790.11,118.53,74.26,68.87,71.51
790.31,118.57,74.18,68.86,71.5
790.51,118.51,74.09,68.86,71.49
790.71,118.52,74.02,68.86,71.47
790.91,118.48,74.02,68.85,71.5
791.29,118.49,74.13,68.84,71.48
791.49,118.48,74.24,68.84,71.49
791.69,118.48,74.18,68.85,71.48
791.89,118.43,74.05,68.87,71.49
792.09,118.4,73.96,68.86,71.49
792.49,118.51,74.0,68.87,71.51
792.69,118.55,74.11,68.9,71.49
792.89,118.5,74.25,68.86,71.51
793.09,118.4,74.23,68.84,71.5
793.29,118.49,74.1,68.88,71.48
793.49,118.52,73.98,68.9,71.45
793.86,118.47,73.97,68.9,71.48
794.06,118.5,74.06,68.9,71.49
794.26,118.53,74.2,68.89,71.48
794.46,118.42,74.22,68.87,71.49
794.66,118.51,74.03,68.84,71.49
795.04,118.5,73.99,68.88,71.47
795.24,118.56,73.98,68.89,71.47
795.44,118.54,74.04,68.85,71.49
795.64,118.41,74.19,68.87,71.5
795.84,118.58,74.24,68.88,71.51
796.04,118.68,74.07,68.86,71.47
796.36,118.6,74.0,68.87,71.49
796.56,118.56,73.97,68.88,71.47
796.76,118.51,73.99,68.86,71.46
796.96,118.57,74.14,68.89,71.49
797.16,118.59,74.19,68.87,71.52
797.53,118.67,74.1,68.84,71.48
797.73,118.72,74.0,68.84,71.47
797.93,118.65,73.97,68.85,71.48
798.13,118.45,73.99,68.89,71.48
798.33,118.49,74.25,68.85,71.53
798.73,118.6,74.21,68.87,71.53
798.93,118.57,74.1,68.87,71.54
799.13,118.55,74.0,68.85,71.51
799.33,118.43,73.94,68.82,71.53
799.53,118.54,73.93,68.84,71.48
799.73,118.52,74.17,68.86,71.47
800.10,118.55,74.15,68.86,71.47
800.30,118.58,74.07,68.87,71.48
800.50,118.58,73.99,68.87,71.5
800.70,118.51,73.96,68.88,71.48
800.90,118.52,74.0,68.85,71.45
801.29,118.59,74.13,68.86,71.47
801.49,118.47,74.15,68.88,71.48
801.69,118.53,74.06,68.86,71.46
801.89,118.42,74.0,68.83,71.51
802.09,118.45,73.99,68.85,71.5
802.29,118.35,74.01,68.83,71.5
802.60,118.38,74.15,68.83,71.49
802.80,118.42,74.23,68.88,71.49
803.00,118.42,74.12,68.88,71.48
803.20,118.47,74.04,68.84,71.48
803.40,118.5,73.96,68.87,71.47
803.78,118.48,73.99,68.84,71.48
803.98,118.5,74.12,68.82,71.5
804.18,118.53,74.23,68.84,71.48
804.38,118.47,74.14,68.88,71.51
804.58,118.53,74.0,68.83,71.51
804.98,118.58,73.99,68.82,71.5
805.18,118.63,74.0,68.83,71.5
805.38,118.56,74.13,68.84,71.49
805.58,118.4,74.23,68.83,71.48
805.78,118.47,74.14,68.83,71.51
805.98,118.4,74.0,68.88,71.48
806.35,118.47,73.97,68.85,71.5
806.55,118.48,73.97,68.83,71.49
806.75,118.5,74.09,68.85,71.5
806.95,118.43,74.23,68.86,71.46
807.15,118.5,74.07,68.85,71.43
807.54,118.45,74.02,68.87,71.43
807.74,118.43,73.99,68.87,71.47
807.94,118.48,74.0,68.85,71.49
808.14,118.36,74.12,68.83,71.5
808.34,118.4,74.24,68.83,71.52
808.54,118.49,74.1,68.82,71.5
808.85,118.48,74.04,68.83,71.5
809.05,118.5,74.01,68.86,71.49
809.25,118.51,73.99,68.88,71.53
809.45,118.5,74.06,68.86,71.51
809.65,118.43,74.22,68.87,71.49
810.03,118.54,74.12,68.86,71.46
810.23,118.5,74.05,68.85,71.5
810.43,118.63,74.01,68.84,71.46
810.63,118.5,73.99,68.86,71.46
810.83,118.57,74.18,68.85,71.44
811.22,118.61,74.23,68.83,71.48
811.42,118.57,74.12,68.85,71.47
811.62,118.52,74.02,68.88,71.47
811.82,118.43,73.97,68.89,71.5
812.02,118.59,73.96,68.88,71.51
812.22,118.65,74.13,68.89,71.53
812.59,118.77,74.23,68.86,71.5
812.79,118.68,74.15,68.83,71.48
812.99,118.61,74.04,68.82,71.44
813.19,118.41,74.01,68.86,71.46
813.39,118.4,74.01,68.85,71.42
813.77,118.35,74.13,68.87,71.45
813.97,118.33,74.23,68.89,71.46
814.17,118.32,74.16,68.88,71.48
814.37,118.28,74.03,68.86,71.49
814.58,118.46,73.97,68.85,71.47
814.78,118.55,73.94,68.88,71.48
815.08,118.57,74.02,68.85,71.48
815.28,118.62,74.17,68.9,71.49
815.48,118.58,74.19,68.9,71.49
815.68,118.54,74.1,68.87,71.51
815.88,118.57,73.97,68.86,71.49
816.26,118.53,73.95,68.89,71.49
816.46,118.55,74.02,68.88,71.47
816.66,118.6,74.18,68.89,71.48
816.86,118.5,74.22,68.9,71.48
817.06,118.48,74.06,68.87,71.47
817.45,118.64,74.0,68.84,71.45
817.65,118.72,73.96,68.84,71.48
817.85,118.65,74.0,68.86,71.49
818.05,118.55,74.14,68.87,71.5
818.25,118.69,74.22,68.85,71.54
818.45,118.58,74.03,68.86,71.54
818.82,118.45,73.98,68.85,71.54
819.02,118.57,73.93,68.84,71.51
819.22,118.64,73.94,68.85,71.5
819.42,118.56,74.09,68.89,71.48
819.62,118.7,74.14,68.86,71.51
820.00,118.64,74.07,68.84,71.49
820.20,118.54,74.03,68.86,71.5
820.40,118.6,73.99,68.87,71.47
820.60,118.49,73.98,68.86,71.5
820.80,118.63,74.06,68.84,71.46
821.00,118.77,74.15,68.87,71.48
821.31,118.7,74.05,68.86,71.5
821.51,118.57,73.99,68.88,71.49
821.71,118.54,73.96,68.86,71.51
821.91,118.52,73.96,68.84,71.52
822.11,118.39,74.16,68.86,71.48
822.48,118.41,74.21,68.88,71.49
822.68,118.38,74.08,68.88,71.49
822.88,118.4,74.01,68.86,71.48
823.08,118.28,73.96,68.87,71.5
823.28,118.41,73.98,68.85,71.46
823.68,118.44,74.12,68.85,71.48
823.88,118.45,74.19,68.86,71.47
824.08,118.36,74.09,68.89,71.5
824.28,118.33,74.04,68.89,71.5
824.48,118.43,73.98,68.87,71.52
824.68,118.44,74.0,68.88,71.49
825.05,118.38,74.12,68.86,71.5
825.25,118.45,74.21,68.85,71.48
825.45,118.46,74.12,68.85,71.47
825.65,118.42,74.04,68.86,71.49
825.85,118.49,73.96,68.88,71.49
826.23,118.51,73.98,68.86,71.49
826.43,118.52,74.1,68.86,71.47
826.63,118.52,74.18,68.89,71.48
826.83,118.46,74.12,68.86,71.47
827.03,118.56,74.03,68.86,71.5
827.23,118.53,73.98,68.88,71.49
827.55,118.57,73.99,68.85,71.53
827.75,118.57,74.07,68.87,71.55
827.95,118.49,74.22,68.88,71.54
828.15,118.51,74.19,68.85,71.53
828.35,118.51,74.0,68.85,71.5
828.73,118.47,73.97,68.85,71.5
828.93,118.53,73.97,68.88,71.48
829.13,118.53,74.03,68.86,71.48
829.33,118.51,74.19,68.86,71.46
829.53,118.5,74.08,68.92,71.45
829.93,118.51,74.02,68.88,71.45
830.13,118.53,73.98,68.88,71.48
830.33,118.56,74.01,68.88,71.48
830.66,118.52,74.15,68.85,71.49
830.86,118.52,74.12,68.84,71.47
831.25,118.53,74.04,68.83,71.46
831.45,118.52,74.0,68.84,71.48
831.65,118.59,73.99,68.85,71.49
831.85,118.47,74.03,68.88,71.48
832.05,118.59,74.18,68.89,71.5
832.25,118.54,74.29,68.86,71.49
832.45,118.58,74.2,68.87,71.49
832.65,118.46,74.01,68.88,71.46
833.05,118.59,74.0,68.88,71.48
833.25,118.54,74.01,68.86,71.46
833.45,118.56,74.13,68.88,71.48
833.65,118.47,74.25,68.92,71.49
833.85,118.57,74.18,68.89,71.48
834.05,118.52,74.0,68.87,71.45
834.42,118.48,73.98,68.88,71.44
834.62,118.46,73.99,68.86,71.45
834.82,118.45,74.12,68.85,71.46
835.02,118.41,74.25,68.84,71.51
835.22,118.45,74.08,68.86,71.53
835.62,118.4,74.01,68.85,71.52
835.82,118.46,73.96,68.86,71.49
836.02,118.44,73.97,68.88,71.49
836.22,118.39,74.09,68.89,71.48
836.42,118.56,74.21,68.86,71.49
836.62,118.6,74.12,68.89,71.46
836.94,118.56,74.05,68.86,71.49
837.14,118.5,73.97,68.84,71.47
837.34,118.56,73.94,68.87,71.47
837.54,118.55,74.0,68.91,71.47
837.74,118.69,74.19,68.87,71.48
838.11,118.64,74.1,68.87,71.49
838.31,118.59,74.04,68.89,71.49
838.51,118.5,73.98,68.87,71.51
838.71,118.36,73.96,68.85,71.47
838.91,118.44,74.14,68.86,71.46
839.31,118.46,74.19,68.89,71.44
839.51,118.45,74.1,68.87,71.47
839.71,118.43,73.98,68.87,71.48
840.04,118.42,73.96,68.87,71.49
840.24,118.39,73.96,68.83,71.47
840.44,118.4,74.05,68.85,71.47
840.64,118.38,74.16,68.87,71.47
840.84,118.29,74.13,68.88,71.47
841.04,118.12,74.04,68.85,71.5
841.24,118.04,73.97,68.87,71.5
841.44,117.92,73.94,68.89,71.54
841.64,117.84,73.96,68.88,71.51
841.84,117.7,74.04,68.88,71.51
842.04,117.69,74.17,68.88,71.49
842.24,117.7,74.13,68.89,71.49
842.44,117.69,74.05,68.91,71.51
842.64,117.7,74.0,68.89,71.5
842.84,118.37,73.96,68.85,71.5
