Time(S),GPU0_Power(W),GPU1_Power(W),GPU2_Power(W),GPU3_Power(W),GPU4_Power(W),GPU5_Power(W),GPU6_Power(W),GPU7_Power(W)
0.00,141.0,144.0,139.0,142.0,136.0,141.0,140.0,135.0
0.00,141.0,144.0,139.0,142.0,136.0,141.0,140.0,135.0
0.20,127.0,130.0,125.0,129.0,123.0,127.0,126.0,123.0
0.40,126.0,129.0,124.0,127.0,121.0,124.0,124.0,121.0
0.60,125.0,129.0,123.0,127.0,121.0,124.0,123.0,120.0
0.80,125.0,129.0,123.0,127.0,121.0,125.0,123.0,121.0
1.00,125.0,129.0,123.0,127.0,121.0,124.0,123.0,120.0
1.20,125.0,129.0,123.0,126.0,121.0,125.0,123.0,121.0
1.40,125.0,128.0,122.0,127.0,121.0,124.0,123.0,121.0
1.60,125.0,129.0,123.0,126.0,121.0,124.0,123.0,121.0
1.80,125.0,128.0,122.0,127.0,120.0,125.0,123.0,120.0
2.00,125.0,129.0,123.0,126.0,121.0,125.0,123.0,120.0
2.20,125.0,129.0,123.0,126.0,122.0,125.0,124.0,121.0
2.40,125.0,129.0,123.0,126.0,120.0,124.0,123.0,121.0
2.60,126.0,129.0,123.0,127.0,121.0,125.0,123.0,120.0
2.80,125.0,129.0,123.0,126.0,121.0,125.0,123.0,121.0
3.00,125.0,129.0,123.0,127.0,121.0,124.0,123.0,120.0
3.20,125.0,128.0,123.0,127.0,121.0,124.0,123.0,121.0
3.40,125.0,129.0,123.0,127.0,121.0,125.0,123.0,120.0
3.60,125.0,129.0,123.0,127.0,121.0,124.0,123.0,121.0
3.80,125.0,129.0,123.0,127.0,121.0,124.0,123.0,120.0
4.01,125.0,129.0,123.0,126.0,121.0,124.0,123.0,120.0
4.21,125.0,129.0,123.0,126.0,121.0,125.0,123.0,121.0
4.41,125.0,129.0,123.0,126.0,121.0,124.0,123.0,120.0
4.61,125.0,128.0,123.0,126.0,120.0,125.0,123.0,120.0
4.81,125.0,129.0,123.0,126.0,120.0,124.0,123.0,120.0
5.01,125.0,129.0,123.0,126.0,121.0,124.0,123.0,121.0
5.21,125.0,129.0,123.0,126.0,121.0,124.0,123.0,120.0
5.41,125.0,128.0,123.0,127.0,121.0,125.0,123.0,120.0
5.61,125.0,128.0,123.0,127.0,121.0,125.0,124.0,121.0
5.81,126.0,129.0,123.0,127.0,121.0,125.0,123.0,120.0
6.01,125.0,129.0,123.0,127.0,121.0,124.0,124.0,120.0
6.21,125.0,129.0,124.0,127.0,121.0,125.0,123.0,121.0
6.41,125.0,129.0,123.0,127.0,121.0,125.0,123.0,120.0
6.61,124.0,128.0,123.0,126.0,121.0,125.0,123.0,121.0
6.81,125.0,128.0,123.0,126.0,121.0,124.0,124.0,121.0
7.01,125.0,129.0,123.0,126.0,121.0,124.0,123.0,121.0
7.21,125.0,129.0,123.0,127.0,121.0,125.0,123.0,121.0
7.41,125.0,129.0,123.0,127.0,121.0,125.0,123.0,121.0
7.61,125.0,129.0,123.0,127.0,121.0,124.0,123.0,121.0
7.81,125.0,129.0,123.0,127.0,121.0,124.0,123.0,120.0
8.01,125.0,128.0,123.0,127.0,121.0,125.0,123.0,120.0
8.21,125.0,128.0,123.0,127.0,121.0,125.0,123.0,120.0
8.41,125.0,128.0,123.0,126.0,121.0,124.0,123.0,121.0
8.61,126.0,129.0,123.0,126.0,121.0,124.0,123.0,121.0
8.81,125.0,129.0,123.0,126.0,121.0,124.0,123.0,120.0
9.01,125.0,129.0,123.0,126.0,121.0,125.0,123.0,120.0
9.21,125.0,129.0,123.0,126.0,121.0,125.0,123.0,120.0
9.41,125.0,129.0,123.0,126.0,121.0,125.0,123.0,121.0
9.61,125.0,128.0,123.0,126.0,121.0,125.0,123.0,121.0
9.81,125.0,128.0,123.0,126.0,121.0,124.0,123.0,121.0
10.01,125.0,129.0,122.0,127.0,120.0,125.0,123.0,121.0
10.21,125.0,129.0,123.0,127.0,121.0,125.0,123.0,120.0
10.41,125.0,129.0,123.0,127.0,121.0,124.0,123.0,120.0
10.61,125.0,129.0,123.0,127.0,120.0,124.0,123.0,121.0
10.81,125.0,129.0,123.0,127.0,120.0,125.0,123.0,120.0
11.01,125.0,129.0,123.0,127.0,120.0,124.0,123.0,121.0
11.21,148.0,128.0,123.0,127.0,122.0,125.0,123.0,120.0
11.41,180.0,128.0,123.0,127.0,121.0,125.0,123.0,120.0
11.61,162.0,128.0,123.0,127.0,121.0,124.0,123.0,120.0
11.81,158.0,129.0,123.0,127.0,121.0,124.0,124.0,121.0
12.01,159.0,128.0,123.0,127.0,121.0,125.0,123.0,120.0
12.21,159.0,128.0,123.0,127.0,121.0,124.0,123.0,120.0
12.41,158.0,128.0,123.0,127.0,121.0,124.0,123.0,120.0
12.61,158.0,128.0,123.0,127.0,121.0,124.0,124.0,120.0
12.81,158.0,128.0,123.0,127.0,121.0,124.0,124.0,121.0
13.01,159.0,128.0,123.0,126.0,121.0,125.0,123.0,120.0
13.21,158.0,129.0,123.0,126.0,121.0,124.0,123.0,120.0
13.41,159.0,129.0,123.0,127.0,121.0,124.0,123.0,121.0
13.61,159.0,129.0,123.0,126.0,121.0,125.0,123.0,121.0
13.81,158.0,128.0,123.0,127.0,121.0,125.0,123.0,121.0
14.01,158.0,128.0,123.0,126.0,121.0,125.0,123.0,121.0
14.21,158.0,128.0,123.0,127.0,121.0,124.0,123.0,120.0
14.41,159.0,129.0,123.0,126.0,120.0,125.0,123.0,121.0
14.61,159.0,128.0,123.0,126.0,121.0,125.0,123.0,121.0
14.81,159.0,128.0,123.0,127.0,121.0,124.0,123.0,121.0
15.01,158.0,128.0,123.0,127.0,121.0,125.0,123.0,121.0
15.21,159.0,129.0,123.0,126.0,121.0,125.0,123.0,121.0
15.41,159.0,129.0,123.0,126.0,121.0,124.0,123.0,121.0
15.61,158.0,129.0,123.0,126.0,121.0,125.0,123.0,120.0
15.81,159.0,128.0,123.0,126.0,121.0,124.0,124.0,120.0
16.01,158.0,129.0,123.0,126.0,121.0,124.0,124.0,120.0
16.21,158.0,129.0,123.0,126.0,121.0,124.0,123.0,121.0
16.41,158.0,128.0,123.0,126.0,120.0,124.0,123.0,120.0
16.61,159.0,128.0,123.0,126.0,121.0,124.0,123.0,120.0
16.81,158.0,129.0,123.0,127.0,121.0,124.0,123.0,120.0
17.01,159.0,128.0,123.0,127.0,121.0,125.0,123.0,121.0
17.21,159.0,129.0,123.0,127.0,120.0,124.0,123.0,120.0
17.41,159.0,129.0,123.0,126.0,121.0,124.0,123.0,121.0
17.61,159.0,128.0,123.0,126.0,120.0,124.0,123.0,120.0
17.81,159.0,128.0,123.0,127.0,121.0,124.0,123.0,121.0
18.02,159.0,129.0,123.0,127.0,121.0,124.0,123.0,121.0
18.22,159.0,129.0,123.0,126.0,121.0,125.0,123.0,120.0
18.77,159.0,128.0,123.0,126.0,121.0,124.0,123.0,121.0
18.97,159.0,129.0,123.0,126.0,121.0,125.0,123.0,121.0
19.17,159.0,128.0,123.0,126.0,120.0,125.0,124.0,121.0
19.37,159.0,128.0,123.0,126.0,121.0,124.0,123.0,121.0
19.57,159.0,129.0,123.0,127.0,121.0,124.0,123.0,120.0
19.77,159.0,128.0,123.0,127.0,121.0,125.0,123.0,120.0
19.97,159.0,129.0,123.0,127.0,121.0,124.0,123.0,120.0
20.17,159.0,129.0,123.0,127.0,121.0,124.0,123.0,120.0
20.37,159.0,129.0,123.0,126.0,121.0,125.0,123.0,120.0
20.57,159.0,128.0,123.0,126.0,121.0,124.0,123.0,121.0
20.77,159.0,129.0,123.0,127.0,121.0,125.0,123.0,121.0
20.97,159.0,129.0,123.0,127.0,121.0,125.0,123.0,121.0
21.17,159.0,129.0,123.0,127.0,121.0,124.0,123.0,120.0
21.37,159.0,128.0,123.0,127.0,120.0,124.0,123.0,120.0
21.57,159.0,128.0,123.0,126.0,121.0,124.0,123.0,120.0
21.77,159.0,129.0,123.0,126.0,120.0,124.0,123.0,120.0
21.97,158.0,129.0,123.0,127.0,121.0,124.0,123.0,121.0
22.17,159.0,129.0,123.0,127.0,120.0,125.0,123.0,121.0
22.37,158.0,128.0,123.0,126.0,121.0,125.0,123.0,120.0
22.57,158.0,128.0,123.0,127.0,121.0,124.0,123.0,121.0
22.77,158.0,128.0,123.0,126.0,121.0,124.0,123.0,120.0
22.97,158.0,128.0,123.0,127.0,121.0,124.0,124.0,121.0
23.17,158.0,129.0,123.0,127.0,121.0,124.0,123.0,120.0
23.37,158.0,128.0,123.0,126.0,121.0,124.0,123.0,121.0
23.57,159.0,128.0,123.0,126.0,121.0,124.0,123.0,120.0
23.77,158.0,129.0,123.0,127.0,121.0,124.0,123.0,120.0
23.97,158.0,129.0,123.0,126.0,121.0,124.0,123.0,120.0
24.17,158.0,129.0,123.0,127.0,121.0,124.0,123.0,121.0
24.37,159.0,128.0,123.0,126.0,120.0,124.0,123.0,120.0
24.57,159.0,128.0,123.0,127.0,121.0,124.0,123.0,120.0
24.77,159.0,129.0,123.0,127.0,121.0,125.0,123.0,120.0
24.97,159.0,129.0,122.0,126.0,120.0,124.0,123.0,120.0
25.17,159.0,129.0,123.0,126.0,121.0,124.0,123.0,120.0
25.37,158.0,128.0,123.0,126.0,120.0,124.0,123.0,120.0
25.57,159.0,129.0,123.0,127.0,120.0,125.0,123.0,120.0
25.77,159.0,128.0,123.0,127.0,121.0,124.0,123.0,121.0
25.97,159.0,129.0,122.0,126.0,120.0,125.0,123.0,121.0
26.17,159.0,128.0,123.0,126.0,120.0,125.0,123.0,120.0
26.37,159.0,129.0,123.0,127.0,120.0,124.0,123.0,120.0
26.57,159.0,129.0,123.0,127.0,121.0,124.0,123.0,120.0
26.77,158.0,129.0,123.0,127.0,121.0,124.0,123.0,120.0
26.97,159.0,128.0,123.0,126.0,121.0,124.0,123.0,121.0
27.17,159.0,129.0,123.0,126.0,120.0,124.0,123.0,120.0
27.37,159.0,129.0,123.0,126.0,121.0,125.0,123.0,121.0
27.57,159.0,129.0,123.0,126.0,120.0,125.0,123.0,120.0
27.77,159.0,129.0,123.0,127.0,120.0,125.0,124.0,120.0
27.97,159.0,128.0,123.0,127.0,121.0,124.0,123.0,121.0
28.17,159.0,128.0,123.0,127.0,121.0,125.0,123.0,121.0
28.37,159.0,128.0,123.0,127.0,120.0,125.0,122.0,121.0
28.57,159.0,128.0,123.0,126.0,121.0,125.0,123.0,120.0
28.77,159.0,128.0,123.0,127.0,121.0,125.0,123.0,120.0
28.97,159.0,129.0,123.0,127.0,120.0,125.0,123.0,120.0
29.17,159.0,129.0,123.0,127.0,121.0,125.0,123.0,120.0
29.37,159.0,128.0,123.0,126.0,121.0,125.0,123.0,121.0
29.57,158.0,129.0,123.0,126.0,121.0,124.0,123.0,120.0
29.77,159.0,128.0,123.0,126.0,120.0,124.0,124.0,121.0
29.97,159.0,129.0,123.0,127.0,121.0,124.0,123.0,120.0
30.17,159.0,129.0,123.0,127.0,121.0,125.0,123.0,120.0
30.37,159.0,129.0,123.0,127.0,121.0,124.0,123.0,121.0
30.57,159.0,128.0,123.0,126.0,121.0,124.0,123.0,120.0
30.77,159.0,128.0,123.0,126.0,121.0,124.0,124.0,120.0
30.97,159.0,129.0,123.0,126.0,120.0,124.0,123.0,121.0
31.17,159.0,128.0,123.0,127.0,120.0,124.0,123.0,120.0
31.37,159.0,129.0,123.0,127.0,120.0,124.0,123.0,120.0
31.57,160.0,129.0,123.0,127.0,121.0,124.0,122.0,120.0
31.77,159.0,128.0,122.0,127.0,121.0,124.0,123.0,120.0
31.97,159.0,129.0,123.0,126.0,121.0,124.0,123.0,121.0
32.17,159.0,129.0,123.0,126.0,120.0,124.0,123.0,120.0
32.37,145.0,129.0,123.0,126.0,120.0,124.0,123.0,121.0
32.57,180.0,128.0,123.0,126.0,121.0,125.0,124.0,121.0
32.77,143.0,128.0,123.0,126.0,120.0,124.0,123.0,121.0
32.98,130.0,128.0,123.0,126.0,121.0,125.0,123.0,121.0
33.18,181.0,129.0,123.0,126.0,121.0,124.0,123.0,120.0
33.38,197.0,129.0,123.0,127.0,121.0,124.0,123.0,120.0
33.58,200.0,128.0,123.0,127.0,121.0,124.0,123.0,120.0
33.78,200.0,128.0,123.0,126.0,121.0,124.0,123.0,120.0
33.98,199.0,128.0,123.0,126.0,121.0,125.0,123.0,121.0
34.18,200.0,128.0,123.0,127.0,121.0,124.0,123.0,120.0
34.38,200.0,129.0,123.0,126.0,121.0,124.0,123.0,120.0
34.58,200.0,129.0,123.0,127.0,121.0,124.0,123.0,121.0
34.78,199.0,128.0,123.0,126.0,121.0,125.0,123.0,120.0
34.98,200.0,129.0,123.0,126.0,121.0,124.0,123.0,120.0
35.18,198.0,129.0,123.0,126.0,121.0,124.0,123.0,121.0
35.38,196.0,129.0,123.0,126.0,121.0,125.0,123.0,120.0
35.58,194.0,128.0,123.0,126.0,121.0,124.0,123.0,120.0
35.78,192.0,128.0,123.0,126.0,121.0,125.0,123.0,120.0
35.98,190.0,128.0,123.0,126.0,121.0,125.0,123.0,121.0
36.18,189.0,129.0,123.0,126.0,120.0,124.0,123.0,120.0
36.38,186.0,129.0,123.0,126.0,121.0,124.0,123.0,120.0
36.58,186.0,129.0,123.0,127.0,121.0,124.0,123.0,120.0
36.78,189.0,129.0,123.0,126.0,121.0,124.0,123.0,120.0
36.98,193.0,129.0,123.0,127.0,121.0,124.0,123.0,120.0
37.18,191.0,128.0,123.0,126.0,121.0,125.0,123.0,121.0
37.38,196.0,129.0,123.0,127.0,121.0,125.0,123.0,120.0
37.58,199.0,129.0,123.0,127.0,121.0,125.0,123.0,120.0
37.78,201.0,129.0,123.0,127.0,120.0,125.0,123.0,120.0
37.98,202.0,128.0,123.0,127.0,121.0,124.0,123.0,120.0
38.18,201.0,128.0,123.0,126.0,121.0,124.0,123.0,120.0
38.38,203.0,128.0,124.0,126.0,121.0,124.0,123.0,120.0
38.58,203.0,129.0,123.0,127.0,120.0,124.0,123.0,120.0
38.78,202.0,128.0,123.0,126.0,121.0,125.0,123.0,120.0
38.98,200.0,129.0,123.0,127.0,121.0,124.0,123.0,121.0
39.18,201.0,129.0,123.0,127.0,121.0,124.0,123.0,121.0
39.38,201.0,129.0,123.0,126.0,121.0,124.0,123.0,121.0
39.58,202.0,129.0,123.0,127.0,121.0,124.0,123.0,120.0
39.78,202.0,129.0,123.0,126.0,121.0,125.0,123.0,120.0
39.98,202.0,129.0,123.0,127.0,121.0,124.0,123.0,120.0
40.18,200.0,129.0,123.0,127.0,121.0,124.0,123.0,121.0
40.38,200.0,128.0,123.0,126.0,121.0,124.0,124.0,120.0
40.58,199.0,129.0,123.0,127.0,121.0,125.0,124.0,120.0
40.78,199.0,129.0,123.0,126.0,121.0,125.0,123.0,121.0
40.98,199.0,128.0,123.0,127.0,121.0,124.0,123.0,120.0
41.18,197.0,128.0,123.0,127.0,121.0,124.0,123.0,120.0
41.38,195.0,129.0,123.0,127.0,121.0,124.0,123.0,120.0
41.58,191.0,128.0,123.0,127.0,121.0,124.0,124.0,120.0
41.78,189.0,129.0,123.0,127.0,121.0,124.0,123.0,120.0
41.98,187.0,129.0,123.0,126.0,121.0,124.0,123.0,120.0
42.18,190.0,128.0,123.0,127.0,120.0,124.0,123.0,121.0
42.38,193.0,129.0,123.0,127.0,121.0,124.0,124.0,120.0
42.58,197.0,129.0,123.0,126.0,121.0,124.0,123.0,120.0
42.78,200.0,129.0,123.0,126.0,121.0,124.0,123.0,120.0
42.98,201.0,129.0,123.0,127.0,121.0,124.0,123.0,120.0
43.18,202.0,128.0,123.0,126.0,121.0,124.0,123.0,120.0
43.38,201.0,128.0,123.0,126.0,121.0,124.0,124.0,121.0
43.58,202.0,129.0,123.0,127.0,121.0,124.0,123.0,120.0
43.78,201.0,129.0,123.0,127.0,121.0,124.0,123.0,121.0
43.98,201.0,128.0,123.0,127.0,120.0,125.0,122.0,120.0
44.18,201.0,129.0,123.0,126.0,121.0,124.0,123.0,120.0
44.38,201.0,128.0,123.0,127.0,120.0,124.0,123.0,120.0
44.58,200.0,128.0,123.0,126.0,121.0,124.0,123.0,120.0
44.78,201.0,128.0,123.0,127.0,121.0,124.0,123.0,120.0
44.98,200.0,128.0,123.0,126.0,121.0,124.0,123.0,121.0
45.18,199.0,129.0,123.0,126.0,121.0,125.0,123.0,121.0
45.38,196.0,128.0,123.0,126.0,121.0,124.0,123.0,120.0
45.58,193.0,129.0,123.0,126.0,120.0,124.0,123.0,120.0
45.78,191.0,129.0,123.0,126.0,121.0,124.0,123.0,121.0
45.98,191.0,129.0,122.0,126.0,121.0,125.0,124.0,121.0
46.18,189.0,129.0,123.0,126.0,121.0,124.0,123.0,120.0
46.38,186.0,129.0,123.0,127.0,121.0,124.0,123.0,120.0
46.58,190.0,129.0,123.0,127.0,121.0,125.0,123.0,120.0
46.78,195.0,129.0,123.0,126.0,121.0,125.0,123.0,121.0
46.98,196.0,128.0,123.0,127.0,120.0,125.0,123.0,121.0
47.18,200.0,129.0,123.0,127.0,120.0,124.0,123.0,120.0
47.38,204.0,128.0,123.0,126.0,120.0,124.0,123.0,120.0
47.58,203.0,129.0,123.0,127.0,120.0,125.0,123.0,120.0
47.78,202.0,129.0,123.0,127.0,121.0,124.0,123.0,120.0
47.98,201.0,128.0,123.0,126.0,121.0,124.0,123.0,120.0
48.18,201.0,128.0,123.0,126.0,121.0,124.0,123.0,121.0
48.38,202.0,128.0,123.0,127.0,121.0,124.0,123.0,120.0
48.58,201.0,128.0,123.0,127.0,121.0,124.0,123.0,120.0
48.78,201.0,128.0,123.0,126.0,120.0,124.0,123.0,121.0
48.98,200.0,129.0,123.0,127.0,120.0,124.0,123.0,120.0
49.18,201.0,129.0,123.0,127.0,120.0,124.0,123.0,120.0
49.38,199.0,129.0,123.0,127.0,120.0,124.0,123.0,120.0
49.58,197.0,128.0,123.0,127.0,121.0,124.0,123.0,120.0
49.78,196.0,128.0,122.0,126.0,120.0,124.0,123.0,120.0
49.98,196.0,128.0,123.0,127.0,121.0,124.0,123.0,120.0
50.18,194.0,129.0,123.0,126.0,120.0,124.0,123.0,120.0
50.38,191.0,129.0,123.0,126.0,121.0,124.0,123.0,120.0
50.58,189.0,128.0,123.0,127.0,121.0,125.0,123.0,120.0
50.78,186.0,129.0,123.0,126.0,121.0,124.0,123.0,120.0
50.98,188.0,128.0,123.0,126.0,121.0,124.0,123.0,120.0
51.18,193.0,128.0,123.0,127.0,121.0,124.0,123.0,120.0
51.38,197.0,129.0,122.0,127.0,121.0,124.0,124.0,120.0
51.58,199.0,129.0,123.0,127.0,120.0,124.0,123.0,120.0
51.78,202.0,128.0,123.0,127.0,121.0,124.0,123.0,120.0
51.98,202.0,128.0,123.0,127.0,121.0,124.0,124.0,120.0
52.18,203.0,129.0,123.0,126.0,121.0,125.0,124.0,120.0
52.38,202.0,128.0,123.0,127.0,121.0,125.0,123.0,121.0
52.58,201.0,128.0,123.0,126.0,121.0,124.0,123.0,120.0
52.78,202.0,129.0,123.0,127.0,121.0,125.0,123.0,121.0
52.98,201.0,129.0,122.0,127.0,121.0,124.0,123.0,120.0
53.18,201.0,128.0,122.0,127.0,121.0,124.0,123.0,121.0
53.38,200.0,128.0,123.0,126.0,121.0,124.0,123.0,120.0
53.58,200.0,128.0,123.0,126.0,121.0,124.0,123.0,120.0
53.78,201.0,129.0,123.0,126.0,121.0,124.0,123.0,120.0
53.98,199.0,129.0,123.0,127.0,121.0,124.0,123.0,120.0
54.18,196.0,128.0,123.0,127.0,120.0,124.0,123.0,120.0
54.38,192.0,128.0,123.0,126.0,120.0,124.0,123.0,120.0
54.58,190.0,128.0,123.0,127.0,121.0,124.0,123.0,120.0
54.78,188.0,128.0,123.0,127.0,121.0,125.0,124.0,121.0
54.98,186.0,128.0,122.0,127.0,121.0,124.0,123.0,120.0
55.18,191.0,128.0,123.0,126.0,121.0,125.0,124.0,121.0
55.38,193.0,129.0,123.0,126.0,121.0,124.0,123.0,121.0
55.58,200.0,128.0,123.0,126.0,121.0,125.0,123.0,121.0
55.78,203.0,128.0,123.0,126.0,121.0,124.0,123.0,120.0
55.98,203.0,128.0,123.0,126.0,121.0,124.0,123.0,121.0
56.18,201.0,129.0,123.0,127.0,121.0,124.0,123.0,121.0
56.38,202.0,128.0,123.0,127.0,121.0,124.0,123.0,121.0
56.58,203.0,128.0,123.0,126.0,121.0,124.0,123.0,120.0
56.78,202.0,128.0,123.0,126.0,120.0,124.0,123.0,120.0
56.98,202.0,128.0,122.0,126.0,121.0,124.0,123.0,120.0
57.19,201.0,128.0,123.0,126.0,121.0,124.0,123.0,121.0
57.39,202.0,128.0,123.0,127.0,121.0,124.0,123.0,120.0
57.59,200.0,128.0,123.0,127.0,121.0,124.0,123.0,121.0
57.79,200.0,129.0,123.0,127.0,120.0,124.0,123.0,121.0
57.99,200.0,129.0,123.0,127.0,121.0,124.0,123.0,120.0
58.19,198.0,129.0,123.0,126.0,121.0,125.0,123.0,120.0
58.39,194.0,128.0,123.0,127.0,121.0,125.0,123.0,120.0
58.59,191.0,128.0,122.0,126.0,121.0,124.0,123.0,120.0
58.79,190.0,128.0,122.0,127.0,121.0,124.0,123.0,120.0
58.99,187.0,128.0,123.0,127.0,121.0,124.0,123.0,120.0
59.19,189.0,128.0,123.0,126.0,121.0,125.0,123.0,120.0
59.39,194.0,129.0,123.0,126.0,121.0,124.0,123.0,120.0
59.59,197.0,129.0,123.0,126.0,120.0,125.0,123.0,120.0
59.79,199.0,128.0,123.0,126.0,121.0,124.0,123.0,120.0
59.99,202.0,129.0,123.0,126.0,121.0,125.0,123.0,121.0
60.19,204.0,129.0,123.0,126.0,120.0,124.0,123.0,120.0
60.39,204.0,129.0,122.0,126.0,120.0,125.0,124.0,120.0
60.59,203.0,128.0,123.0,126.0,120.0,124.0,123.0,120.0
60.79,202.0,129.0,123.0,126.0,120.0,124.0,123.0,121.0
60.99,202.0,128.0,123.0,126.0,121.0,124.0,124.0,120.0
61.19,202.0,128.0,123.0,126.0,120.0,124.0,123.0,121.0
61.39,201.0,128.0,123.0,126.0,120.0,124.0,123.0,120.0
61.59,201.0,128.0,123.0,126.0,121.0,124.0,123.0,120.0
61.79,201.0,128.0,123.0,126.0,121.0,124.0,123.0,121.0
61.99,201.0,128.0,123.0,126.0,121.0,124.0,123.0,120.0
62.19,198.0,128.0,123.0,126.0,120.0,124.0,123.0,121.0
62.39,195.0,129.0,122.0,126.0,121.0,124.0,123.0,121.0
62.59,192.0,128.0,123.0,126.0,120.0,125.0,123.0,121.0
62.79,189.0,128.0,123.0,127.0,120.0,124.0,123.0,120.0
62.99,187.0,128.0,123.0,126.0,121.0,124.0,123.0,121.0
63.19,189.0,128.0,123.0,126.0,121.0,124.0,123.0,120.0
63.39,192.0,129.0,123.0,127.0,121.0,124.0,124.0,120.0
63.59,196.0,128.0,123.0,126.0,121.0,125.0,123.0,120.0
63.79,201.0,128.0,123.0,127.0,121.0,124.0,123.0,120.0
63.99,202.0,128.0,123.0,126.0,121.0,124.0,123.0,120.0
64.19,201.0,129.0,123.0,127.0,121.0,124.0,124.0,120.0
64.39,203.0,129.0,123.0,127.0,121.0,124.0,123.0,120.0
64.59,203.0,129.0,123.0,126.0,120.0,124.0,123.0,120.0
64.79,203.0,128.0,123.0,126.0,121.0,124.0,123.0,120.0
64.99,201.0,128.0,123.0,126.0,121.0,124.0,123.0,120.0
65.19,201.0,129.0,123.0,127.0,121.0,124.0,123.0,121.0
65.39,203.0,128.0,122.0,126.0,121.0,124.0,123.0,120.0
65.59,200.0,129.0,123.0,126.0,121.0,124.0,122.0,120.0
65.79,201.0,128.0,123.0,126.0,121.0,124.0,123.0,120.0
65.99,200.0,128.0,123.0,126.0,121.0,124.0,123.0,120.0
66.19,198.0,129.0,123.0,126.0,120.0,124.0,123.0,120.0
66.39,197.0,128.0,123.0,126.0,120.0,124.0,123.0,120.0
66.59,194.0,128.0,123.0,126.0,121.0,124.0,123.0,121.0
66.79,191.0,128.0,123.0,126.0,121.0,124.0,123.0,120.0
66.99,188.0,128.0,123.0,126.0,121.0,124.0,123.0,121.0
67.19,187.0,128.0,123.0,126.0,120.0,124.0,123.0,120.0
67.39,192.0,128.0,123.0,127.0,121.0,124.0,123.0,120.0
67.59,196.0,128.0,123.0,127.0,120.0,124.0,122.0,120.0
67.79,198.0,128.0,122.0,126.0,121.0,124.0,123.0,120.0
67.99,202.0,128.0,123.0,126.0,121.0,124.0,123.0,120.0
68.19,203.0,128.0,122.0,127.0,121.0,124.0,123.0,120.0
68.39,204.0,129.0,123.0,126.0,121.0,124.0,123.0,121.0
68.59,203.0,128.0,122.0,126.0,120.0,124.0,123.0,121.0
68.79,202.0,128.0,123.0,126.0,120.0,125.0,123.0,120.0
68.99,202.0,128.0,122.0,127.0,120.0,124.0,123.0,120.0
69.19,203.0,128.0,122.0,126.0,121.0,124.0,123.0,120.0
69.39,202.0,129.0,123.0,126.0,121.0,124.0,123.0,120.0
69.59,201.0,128.0,123.0,127.0,120.0,124.0,123.0,120.0
69.79,201.0,129.0,123.0,127.0,121.0,124.0,123.0,120.0
69.99,201.0,128.0,123.0,127.0,120.0,124.0,123.0,120.0
70.19,200.0,128.0,123.0,126.0,120.0,125.0,123.0,120.0
70.39,197.0,128.0,123.0,127.0,121.0,124.0,123.0,120.0
70.59,195.0,129.0,123.0,126.0,120.0,124.0,124.0,120.0
70.79,191.0,128.0,123.0,127.0,121.0,124.0,123.0,120.0
70.99,189.0,128.0,123.0,126.0,121.0,124.0,123.0,120.0
71.19,186.0,128.0,123.0,126.0,120.0,124.0,123.0,121.0
71.39,190.0,128.0,123.0,127.0,120.0,124.0,123.0,120.0
71.59,195.0,128.0,123.0,126.0,120.0,124.0,123.0,120.0
71.79,197.0,128.0,123.0,126.0,121.0,124.0,123.0,121.0
71.99,201.0,129.0,123.0,126.0,121.0,124.0,123.0,121.0
72.19,204.0,128.0,123.0,126.0,121.0,124.0,123.0,121.0
72.39,205.0,128.0,123.0,126.0,121.0,124.0,123.0,120.0
72.59,204.0,128.0,123.0,127.0,122.0,124.0,123.0,120.0
72.79,204.0,128.0,123.0,127.0,121.0,125.0,123.0,120.0
72.99,202.0,129.0,123.0,126.0,121.0,124.0,123.0,120.0
73.19,202.0,128.0,123.0,127.0,121.0,124.0,123.0,120.0
73.39,201.0,129.0,123.0,127.0,120.0,124.0,123.0,120.0
73.59,201.0,129.0,123.0,126.0,120.0,124.0,124.0,120.0
73.79,201.0,129.0,123.0,126.0,121.0,124.0,123.0,120.0
73.99,200.0,128.0,122.0,127.0,121.0,124.0,123.0,121.0
74.19,200.0,128.0,123.0,126.0,121.0,124.0,123.0,120.0
74.39,198.0,128.0,123.0,126.0,121.0,124.0,123.0,121.0
74.59,194.0,128.0,123.0,127.0,121.0,124.0,123.0,120.0
74.79,191.0,128.0,123.0,127.0,121.0,124.0,123.0,120.0
74.99,189.0,128.0,123.0,126.0,120.0,124.0,123.0,120.0
75.19,187.0,128.0,123.0,127.0,121.0,124.0,123.0,120.0
75.39,189.0,129.0,123.0,126.0,121.0,124.0,123.0,120.0
75.59,194.0,128.0,123.0,126.0,121.0,124.0,123.0,121.0
75.79,197.0,129.0,123.0,126.0,121.0,124.0,123.0,121.0
75.99,202.0,129.0,123.0,126.0,120.0,124.0,123.0,121.0
76.19,203.0,129.0,123.0,126.0,120.0,124.0,123.0,120.0
76.39,203.0,128.0,123.0,126.0,121.0,124.0,123.0,121.0
76.59,203.0,129.0,123.0,126.0,120.0,125.0,123.0,120.0
76.79,202.0,129.0,123.0,126.0,121.0,124.0,123.0,120.0
76.99,202.0,128.0,123.0,126.0,121.0,124.0,123.0,121.0
77.19,202.0,128.0,123.0,126.0,121.0,124.0,123.0,121.0
77.39,202.0,128.0,123.0,126.0,121.0,125.0,123.0,121.0
77.59,201.0,128.0,123.0,127.0,121.0,124.0,123.0,120.0
77.79,201.0,129.0,123.0,127.0,120.0,124.0,123.0,120.0
77.99,200.0,129.0,123.0,126.0,121.0,124.0,123.0,120.0
78.19,200.0,128.0,123.0,126.0,121.0,124.0,123.0,120.0
78.39,200.0,129.0,123.0,126.0,120.0,125.0,123.0,120.0
78.59,198.0,129.0,123.0,126.0,121.0,124.0,123.0,121.0
78.79,195.0,128.0,123.0,126.0,121.0,124.0,123.0,120.0
78.99,193.0,129.0,122.0,126.0,121.0,124.0,123.0,121.0
79.19,190.0,128.0,123.0,127.0,121.0,124.0,123.0,121.0
79.39,189.0,128.0,123.0,126.0,121.0,125.0,123.0,120.0
79.59,188.0,128.0,123.0,126.0,121.0,124.0,123.0,120.0
79.79,191.0,129.0,123.0,126.0,120.0,124.0,123.0,120.0
79.99,196.0,128.0,123.0,126.0,120.0,124.0,123.0,120.0
80.19,200.0,128.0,123.0,126.0,120.0,124.0,123.0,120.0
80.39,204.0,128.0,123.0,127.0,121.0,124.0,123.0,120.0
80.59,204.0,128.0,123.0,126.0,121.0,124.0,123.0,120.0
80.79,203.0,129.0,123.0,126.0,121.0,124.0,123.0,120.0
80.99,203.0,129.0,123.0,127.0,121.0,124.0,123.0,120.0
81.19,202.0,128.0,123.0,126.0,120.0,124.0,123.0,120.0
81.39,202.0,128.0,123.0,126.0,121.0,125.0,123.0,120.0
81.59,202.0,129.0,122.0,126.0,121.0,124.0,123.0,120.0
81.79,203.0,128.0,122.0,126.0,121.0,124.0,123.0,121.0
81.99,201.0,128.0,123.0,126.0,121.0,124.0,123.0,120.0
82.19,202.0,129.0,123.0,126.0,121.0,124.0,123.0,120.0
82.40,201.0,129.0,123.0,126.0,121.0,124.0,123.0,120.0
82.60,200.0,128.0,123.0,126.0,121.0,125.0,123.0,121.0
82.80,196.0,128.0,123.0,126.0,121.0,124.0,123.0,120.0
83.00,193.0,129.0,123.0,126.0,120.0,124.0,123.0,121.0
83.20,194.0,129.0,123.0,126.0,121.0,125.0,123.0,120.0
83.40,190.0,128.0,123.0,126.0,121.0,124.0,123.0,120.0
83.60,187.0,128.0,123.0,126.0,121.0,124.0,123.0,120.0
83.80,191.0,129.0,123.0,126.0,120.0,124.0,123.0,121.0
84.00,195.0,129.0,123.0,126.0,121.0,124.0,123.0,120.0
84.20,196.0,128.0,123.0,126.0,120.0,124.0,123.0,120.0
84.40,203.0,128.0,123.0,126.0,120.0,124.0,123.0,120.0
84.60,204.0,128.0,122.0,126.0,121.0,124.0,123.0,120.0
84.80,204.0,128.0,123.0,126.0,121.0,124.0,123.0,120.0
85.00,203.0,129.0,123.0,126.0,121.0,124.0,123.0,121.0
85.20,203.0,128.0,122.0,126.0,121.0,124.0,123.0,120.0
85.40,203.0,129.0,123.0,127.0,121.0,124.0,123.0,120.0
85.60,203.0,128.0,123.0,126.0,120.0,124.0,123.0,120.0
85.80,202.0,128.0,123.0,126.0,121.0,124.0,123.0,120.0
86.00,201.0,129.0,123.0,126.0,121.0,124.0,123.0,121.0
86.20,201.0,128.0,123.0,126.0,121.0,125.0,123.0,120.0
86.40,201.0,129.0,123.0,126.0,120.0,124.0,123.0,121.0
86.60,201.0,128.0,123.0,126.0,121.0,124.0,123.0,120.0
86.80,198.0,128.0,123.0,126.0,121.0,124.0,123.0,120.0
87.00,196.0,129.0,122.0,126.0,120.0,124.0,123.0,120.0
87.20,193.0,129.0,123.0,127.0,121.0,124.0,123.0,120.0
87.40,190.0,129.0,123.0,126.0,121.0,124.0,123.0,120.0
87.60,188.0,128.0,123.0,127.0,121.0,124.0,123.0,120.0
87.80,188.0,129.0,123.0,127.0,121.0,124.0,123.0,121.0
88.00,192.0,129.0,123.0,126.0,120.0,124.0,123.0,120.0
88.20,197.0,128.0,123.0,126.0,120.0,124.0,122.0,121.0
88.40,199.0,128.0,123.0,127.0,121.0,124.0,123.0,121.0
88.60,203.0,129.0,123.0,126.0,121.0,124.0,123.0,121.0
88.80,204.0,128.0,123.0,126.0,121.0,124.0,123.0,120.0
89.00,203.0,128.0,123.0,126.0,121.0,124.0,123.0,120.0
89.20,203.0,128.0,123.0,127.0,121.0,125.0,124.0,121.0
89.40,203.0,128.0,123.0,127.0,120.0,124.0,123.0,120.0
89.60,201.0,128.0,123.0,126.0,120.0,124.0,123.0,120.0
89.80,201.0,128.0,123.0,126.0,121.0,124.0,123.0,121.0
90.00,202.0,129.0,123.0,126.0,121.0,124.0,123.0,120.0
90.20,201.0,129.0,123.0,126.0,121.0,124.0,123.0,121.0
90.40,201.0,128.0,123.0,126.0,121.0,124.0,123.0,120.0
90.60,200.0,128.0,123.0,127.0,121.0,124.0,123.0,121.0
90.80,200.0,128.0,123.0,126.0,121.0,124.0,123.0,120.0
91.00,201.0,128.0,123.0,127.0,120.0,124.0,123.0,120.0
91.20,198.0,128.0,123.0,126.0,120.0,124.0,123.0,120.0
91.40,194.0,128.0,123.0,126.0,120.0,125.0,123.0,120.0
91.60,191.0,128.0,123.0,126.0,121.0,125.0,123.0,121.0
91.80,188.0,128.0,123.0,126.0,120.0,124.0,123.0,120.0
92.00,187.0,128.0,123.0,127.0,120.0,124.0,123.0,120.0
92.20,191.0,128.0,123.0,127.0,121.0,125.0,123.0,121.0
92.40,195.0,128.0,123.0,126.0,121.0,124.0,123.0,120.0
92.60,198.0,128.0,123.0,126.0,121.0,124.0,123.0,120.0
92.80,203.0,128.0,123.0,127.0,121.0,124.0,123.0,120.0
93.00,202.0,128.0,123.0,126.0,121.0,124.0,123.0,121.0
93.20,204.0,128.0,122.0,127.0,121.0,123.0,123.0,120.0
93.40,204.0,129.0,123.0,126.0,120.0,124.0,123.0,120.0
93.60,202.0,128.0,123.0,126.0,121.0,124.0,123.0,121.0
93.80,202.0,128.0,123.0,126.0,121.0,125.0,123.0,120.0
94.00,203.0,128.0,123.0,127.0,121.0,125.0,123.0,120.0
94.20,202.0,129.0,123.0,126.0,121.0,124.0,123.0,121.0
94.40,203.0,129.0,123.0,126.0,121.0,124.0,124.0,120.0
94.60,201.0,128.0,123.0,126.0,121.0,124.0,123.0,120.0
94.80,201.0,129.0,123.0,126.0,120.0,124.0,123.0,120.0
95.00,201.0,128.0,123.0,126.0,121.0,124.0,123.0,120.0
95.20,198.0,129.0,123.0,127.0,121.0,124.0,123.0,120.0
95.40,195.0,128.0,123.0,126.0,121.0,124.0,123.0,120.0
95.60,193.0,128.0,123.0,127.0,120.0,124.0,123.0,120.0
95.80,190.0,128.0,123.0,126.0,121.0,124.0,123.0,120.0
96.00,188.0,129.0,123.0,127.0,120.0,124.0,123.0,120.0
96.20,190.0,129.0,124.0,127.0,121.0,124.0,123.0,120.0
96.40,194.0,128.0,123.0,126.0,120.0,125.0,123.0,120.0
96.60,198.0,128.0,123.0,126.0,121.0,124.0,123.0,120.0
96.80,197.0,128.0,122.0,126.0,120.0,124.0,123.0,120.0
97.00,203.0,128.0,123.0,126.0,120.0,124.0,123.0,121.0
97.20,202.0,129.0,123.0,126.0,120.0,124.0,123.0,120.0
97.40,204.0,128.0,123.0,126.0,121.0,124.0,123.0,120.0
97.60,204.0,129.0,123.0,126.0,121.0,124.0,123.0,121.0
97.80,203.0,128.0,123.0,126.0,121.0,124.0,123.0,121.0
98.00,202.0,128.0,123.0,126.0,121.0,124.0,123.0,120.0
98.20,203.0,129.0,123.0,126.0,120.0,124.0,123.0,120.0
98.40,202.0,129.0,123.0,127.0,120.0,124.0,123.0,121.0
98.60,201.0,128.0,123.0,127.0,120.0,125.0,123.0,120.0
98.80,202.0,128.0,123.0,126.0,121.0,124.0,123.0,120.0
99.00,200.0,129.0,123.0,126.0,121.0,124.0,123.0,121.0
99.20,200.0,128.0,123.0,126.0,120.0,124.0,122.0,120.0
99.40,197.0,128.0,123.0,127.0,120.0,124.0,123.0,120.0
99.60,194.0,128.0,123.0,126.0,121.0,124.0,123.0,120.0
99.80,192.0,128.0,123.0,126.0,120.0,124.0,123.0,120.0
100.00,189.0,129.0,123.0,126.0,120.0,124.0,123.0,120.0
100.20,187.0,128.0,123.0,127.0,121.0,125.0,123.0,120.0
100.40,189.0,128.0,122.0,126.0,120.0,124.0,123.0,121.0
100.60,193.0,128.0,123.0,126.0,121.0,124.0,123.0,121.0
100.80,198.0,128.0,123.0,127.0,120.0,125.0,123.0,121.0
101.00,203.0,129.0,123.0,127.0,121.0,124.0,123.0,120.0
101.20,203.0,128.0,123.0,126.0,121.0,125.0,123.0,120.0
101.40,201.0,128.0,123.0,126.0,121.0,124.0,123.0,121.0
101.60,203.0,128.0,123.0,126.0,121.0,124.0,123.0,120.0
101.80,203.0,128.0,123.0,126.0,121.0,124.0,123.0,120.0
102.00,202.0,128.0,123.0,126.0,121.0,124.0,124.0,120.0
102.20,203.0,128.0,123.0,126.0,121.0,125.0,123.0,120.0
102.40,203.0,128.0,123.0,126.0,121.0,124.0,123.0,120.0
102.60,201.0,128.0,123.0,126.0,121.0,125.0,123.0,121.0
102.80,202.0,128.0,123.0,126.0,120.0,124.0,123.0,120.0
103.00,201.0,128.0,123.0,126.0,121.0,124.0,123.0,120.0
103.20,200.0,128.0,123.0,126.0,121.0,124.0,123.0,120.0
103.40,199.0,128.0,123.0,126.0,120.0,124.0,123.0,120.0
103.60,196.0,128.0,123.0,126.0,121.0,124.0,123.0,120.0
103.80,193.0,129.0,123.0,126.0,121.0,124.0,123.0,120.0
104.00,190.0,128.0,123.0,126.0,121.0,124.0,123.0,120.0
104.20,188.0,128.0,123.0,126.0,121.0,124.0,123.0,121.0
104.40,188.0,129.0,123.0,126.0,121.0,124.0,124.0,121.0
104.60,191.0,128.0,123.0,127.0,121.0,124.0,123.0,121.0
104.80,197.0,128.0,123.0,126.0,121.0,124.0,123.0,120.0
105.00,201.0,128.0,122.0,126.0,121.0,125.0,123.0,121.0
105.20,201.0,128.0,123.0,126.0,120.0,125.0,123.0,120.0
105.40,203.0,128.0,123.0,126.0,121.0,124.0,124.0,120.0
105.60,203.0,128.0,123.0,127.0,121.0,124.0,123.0,120.0
105.80,203.0,128.0,123.0,127.0,120.0,124.0,123.0,121.0
106.00,204.0,129.0,123.0,126.0,120.0,124.0,123.0,121.0
106.20,204.0,128.0,123.0,126.0,121.0,125.0,123.0,121.0
106.40,203.0,128.0,122.0,126.0,121.0,124.0,123.0,120.0
106.60,202.0,128.0,123.0,126.0,121.0,124.0,123.0,120.0
106.80,202.0,128.0,123.0,126.0,120.0,124.0,123.0,121.0
107.00,201.0,128.0,123.0,127.0,120.0,124.0,123.0,120.0
107.20,200.0,128.0,123.0,126.0,121.0,124.0,123.0,120.0
107.41,200.0,128.0,123.0,126.0,121.0,124.0,123.0,120.0
107.61,197.0,129.0,123.0,126.0,120.0,124.0,123.0,120.0
107.81,194.0,129.0,123.0,126.0,121.0,124.0,123.0,120.0
108.01,191.0,128.0,123.0,127.0,121.0,124.0,123.0,120.0
108.21,189.0,128.0,123.0,126.0,121.0,124.0,123.0,120.0
108.41,187.0,129.0,123.0,126.0,120.0,124.0,123.0,121.0
108.61,190.0,128.0,123.0,126.0,121.0,124.0,123.0,120.0
108.81,195.0,128.0,123.0,127.0,120.0,124.0,123.0,120.0
109.01,200.0,129.0,123.0,126.0,120.0,125.0,123.0,121.0
109.21,203.0,128.0,122.0,126.0,121.0,124.0,123.0,120.0
109.41,202.0,128.0,123.0,126.0,121.0,124.0,123.0,120.0
109.61,203.0,128.0,123.0,126.0,121.0,124.0,123.0,120.0
109.81,204.0,128.0,123.0,127.0,121.0,124.0,123.0,120.0
110.01,203.0,128.0,123.0,126.0,121.0,124.0,123.0,120.0
110.21,202.0,128.0,123.0,126.0,121.0,124.0,123.0,120.0
110.41,202.0,128.0,123.0,126.0,121.0,124.0,123.0,120.0
110.61,202.0,129.0,123.0,126.0,120.0,124.0,123.0,120.0
110.81,202.0,128.0,123.0,126.0,121.0,124.0,123.0,120.0
111.01,201.0,128.0,122.0,126.0,120.0,125.0,123.0,120.0
111.21,201.0,128.0,122.0,127.0,120.0,124.0,123.0,120.0
111.41,200.0,128.0,123.0,126.0,121.0,124.0,123.0,120.0
111.61,197.0,128.0,123.0,127.0,121.0,124.0,123.0,120.0
111.81,195.0,128.0,123.0,126.0,121.0,124.0,123.0,120.0
112.01,191.0,128.0,123.0,126.0,121.0,124.0,123.0,120.0
112.21,189.0,128.0,123.0,126.0,120.0,124.0,123.0,120.0
112.41,187.0,128.0,123.0,126.0,120.0,124.0,123.0,121.0
112.61,190.0,128.0,123.0,126.0,121.0,124.0,123.0,120.0
112.81,193.0,128.0,123.0,126.0,120.0,124.0,123.0,120.0
113.01,199.0,128.0,122.0,127.0,121.0,124.0,123.0,120.0
113.21,203.0,128.0,122.0,127.0,121.0,124.0,123.0,120.0
113.41,204.0,129.0,123.0,126.0,121.0,124.0,123.0,120.0
113.61,204.0,128.0,123.0,127.0,121.0,124.0,123.0,120.0
113.81,203.0,128.0,123.0,126.0,121.0,124.0,123.0,120.0
114.01,204.0,128.0,123.0,126.0,120.0,125.0,123.0,120.0
114.21,203.0,128.0,123.0,126.0,121.0,124.0,123.0,120.0
114.41,202.0,128.0,123.0,126.0,120.0,124.0,123.0,121.0
114.61,202.0,128.0,122.0,126.0,121.0,125.0,122.0,120.0
114.81,202.0,128.0,123.0,127.0,120.0,125.0,123.0,120.0
115.01,201.0,128.0,123.0,126.0,120.0,124.0,123.0,121.0
115.21,201.0,129.0,123.0,126.0,121.0,124.0,123.0,121.0
115.41,200.0,128.0,123.0,126.0,121.0,124.0,123.0,120.0
115.61,198.0,129.0,123.0,127.0,121.0,124.0,123.0,121.0
115.81,195.0,128.0,123.0,126.0,121.0,124.0,123.0,120.0
116.01,192.0,128.0,123.0,127.0,120.0,124.0,123.0,120.0
116.21,189.0,128.0,122.0,126.0,120.0,124.0,123.0,120.0
116.41,188.0,128.0,123.0,127.0,121.0,124.0,123.0,120.0
116.61,190.0,129.0,123.0,127.0,121.0,124.0,123.0,121.0
116.81,195.0,128.0,123.0,126.0,120.0,124.0,123.0,120.0
117.01,198.0,129.0,123.0,127.0,120.0,124.0,123.0,120.0
117.21,199.0,128.0,123.0,127.0,121.0,125.0,123.0,120.0
117.41,202.0,128.0,123.0,127.0,120.0,124.0,123.0,120.0
117.61,203.0,128.0,123.0,126.0,121.0,124.0,123.0,120.0
117.81,204.0,128.0,123.0,126.0,121.0,124.0,123.0,120.0
118.01,203.0,128.0,123.0,126.0,121.0,124.0,123.0,120.0
118.21,203.0,128.0,123.0,126.0,121.0,125.0,123.0,120.0
118.41,202.0,128.0,123.0,127.0,121.0,124.0,123.0,120.0
118.61,201.0,128.0,123.0,127.0,121.0,124.0,123.0,120.0
118.81,202.0,129.0,123.0,126.0,121.0,124.0,123.0,120.0
119.01,201.0,128.0,123.0,127.0,121.0,124.0,123.0,120.0
119.21,201.0,128.0,122.0,126.0,121.0,124.0,123.0,120.0
119.41,201.0,128.0,123.0,126.0,121.0,124.0,123.0,120.0
119.61,199.0,128.0,123.0,127.0,120.0,124.0,123.0,120.0
119.81,196.0,129.0,123.0,126.0,120.0,124.0,123.0,121.0
120.01,193.0,128.0,123.0,126.0,121.0,124.0,123.0,120.0
120.21,191.0,128.0,123.0,126.0,121.0,124.0,123.0,120.0
120.41,188.0,128.0,123.0,126.0,121.0,124.0,123.0,120.0
120.61,188.0,128.0,122.0,126.0,121.0,124.0,123.0,120.0
120.81,193.0,128.0,122.0,126.0,121.0,124.0,123.0,120.0
121.01,196.0,128.0,123.0,127.0,121.0,124.0,123.0,120.0
121.21,200.0,129.0,123.0,126.0,120.0,124.0,123.0,120.0
121.41,203.0,129.0,123.0,126.0,120.0,124.0,123.0,120.0
121.61,203.0,129.0,123.0,127.0,120.0,124.0,123.0,120.0
121.81,202.0,128.0,123.0,126.0,121.0,124.0,123.0,120.0
122.01,202.0,128.0,123.0,126.0,121.0,124.0,123.0,120.0
122.21,203.0,129.0,123.0,126.0,120.0,125.0,123.0,120.0
122.41,204.0,128.0,123.0,126.0,121.0,124.0,123.0,120.0
122.61,202.0,128.0,123.0,126.0,120.0,125.0,123.0,120.0
122.81,202.0,129.0,123.0,127.0,121.0,124.0,123.0,120.0
123.01,201.0,128.0,122.0,127.0,121.0,125.0,123.0,120.0
123.21,201.0,128.0,123.0,127.0,121.0,124.0,123.0,121.0
123.41,201.0,128.0,123.0,127.0,121.0,125.0,123.0,120.0
123.61,199.0,128.0,123.0,127.0,120.0,124.0,123.0,120.0
123.81,195.0,129.0,123.0,126.0,121.0,124.0,123.0,120.0
124.01,193.0,128.0,123.0,126.0,121.0,124.0,123.0,120.0
124.21,190.0,128.0,122.0,126.0,120.0,124.0,123.0,120.0
124.41,188.0,128.0,123.0,126.0,120.0,124.0,123.0,120.0
124.61,188.0,128.0,123.0,126.0,121.0,124.0,123.0,120.0
124.81,193.0,128.0,123.0,126.0,121.0,124.0,123.0,120.0
125.01,195.0,128.0,123.0,127.0,120.0,124.0,123.0,120.0
125.21,200.0,128.0,123.0,126.0,120.0,124.0,123.0,120.0
125.41,202.0,128.0,123.0,126.0,121.0,124.0,123.0,120.0
125.61,201.0,128.0,123.0,126.0,121.0,124.0,123.0,120.0
125.81,200.0,129.0,123.0,126.0,120.0,124.0,123.0,120.0
126.01,203.0,128.0,123.0,126.0,120.0,124.0,123.0,120.0
126.21,203.0,128.0,122.0,126.0,121.0,124.0,123.0,120.0
126.41,202.0,128.0,122.0,127.0,120.0,124.0,123.0,120.0
126.61,202.0,128.0,123.0,127.0,121.0,124.0,123.0,120.0
126.81,202.0,128.0,123.0,127.0,121.0,124.0,123.0,120.0
127.01,201.0,128.0,122.0,127.0,120.0,124.0,123.0,120.0
127.21,201.0,128.0,123.0,127.0,121.0,124.0,123.0,120.0
127.41,200.0,128.0,123.0,126.0,121.0,124.0,123.0,120.0
127.61,198.0,128.0,123.0,126.0,120.0,124.0,123.0,121.0
127.81,196.0,128.0,122.0,127.0,121.0,124.0,123.0,121.0
128.01,194.0,128.0,123.0,126.0,120.0,124.0,123.0,120.0
128.21,191.0,128.0,123.0,126.0,120.0,124.0,123.0,120.0
128.41,188.0,128.0,123.0,126.0,121.0,124.0,123.0,120.0
128.61,188.0,128.0,123.0,126.0,120.0,125.0,123.0,120.0
128.81,191.0,128.0,123.0,127.0,121.0,124.0,123.0,120.0
129.01,197.0,128.0,123.0,126.0,121.0,124.0,123.0,120.0
129.21,199.0,128.0,123.0,126.0,120.0,124.0,123.0,121.0
129.41,204.0,129.0,123.0,126.0,120.0,124.0,123.0,120.0
129.61,204.0,128.0,123.0,126.0,121.0,124.0,123.0,120.0
129.81,202.0,128.0,123.0,126.0,121.0,124.0,123.0,120.0
130.01,203.0,128.0,123.0,126.0,121.0,124.0,123.0,120.0
130.21,203.0,129.0,123.0,126.0,120.0,125.0,123.0,120.0
130.41,203.0,128.0,122.0,126.0,121.0,124.0,123.0,120.0
130.61,202.0,128.0,123.0,126.0,121.0,124.0,123.0,120.0
130.81,202.0,128.0,123.0,126.0,120.0,124.0,123.0,120.0
131.01,202.0,129.0,123.0,127.0,121.0,124.0,123.0,120.0
131.21,201.0,128.0,122.0,126.0,121.0,124.0,123.0,121.0
131.41,201.0,128.0,122.0,126.0,121.0,124.0,123.0,120.0
131.61,199.0,128.0,123.0,127.0,121.0,124.0,123.0,121.0
131.81,195.0,129.0,123.0,126.0,121.0,124.0,123.0,120.0
132.01,192.0,128.0,123.0,126.0,121.0,124.0,123.0,120.0
132.21,189.0,128.0,123.0,126.0,121.0,124.0,123.0,121.0
132.42,187.0,128.0,123.0,127.0,121.0,124.0,123.0,121.0
132.62,191.0,128.0,123.0,126.0,121.0,124.0,124.0,120.0
132.82,196.0,128.0,123.0,126.0,120.0,124.0,123.0,121.0
133.02,198.0,128.0,123.0,127.0,120.0,124.0,123.0,121.0
133.22,200.0,128.0,123.0,126.0,121.0,124.0,123.0,121.0
133.42,204.0,128.0,123.0,126.0,121.0,124.0,123.0,120.0
133.62,202.0,128.0,123.0,127.0,121.0,124.0,123.0,121.0
133.82,203.0,128.0,123.0,126.0,120.0,123.0,123.0,121.0
134.02,203.0,128.0,123.0,127.0,121.0,124.0,123.0,120.0
134.22,204.0,128.0,122.0,126.0,120.0,124.0,124.0,120.0
134.42,202.0,128.0,123.0,126.0,120.0,124.0,123.0,120.0
134.62,202.0,128.0,123.0,126.0,121.0,124.0,123.0,120.0
134.82,202.0,128.0,123.0,126.0,121.0,124.0,123.0,120.0
135.02,202.0,128.0,122.0,126.0,121.0,124.0,123.0,120.0
135.22,201.0,128.0,123.0,126.0,121.0,124.0,124.0,120.0
135.42,199.0,128.0,123.0,127.0,120.0,125.0,123.0,120.0
135.62,196.0,128.0,123.0,126.0,120.0,124.0,123.0,121.0
135.82,193.0,128.0,122.0,126.0,121.0,124.0,123.0,120.0
136.02,191.0,128.0,122.0,127.0,121.0,124.0,123.0,120.0
136.22,189.0,128.0,123.0,126.0,121.0,124.0,123.0,120.0
136.42,189.0,128.0,123.0,126.0,121.0,124.0,123.0,120.0
136.62,194.0,128.0,123.0,126.0,120.0,124.0,123.0,120.0
136.82,198.0,128.0,123.0,127.0,121.0,124.0,123.0,120.0
137.02,199.0,128.0,123.0,126.0,121.0,124.0,123.0,121.0
137.22,203.0,128.0,123.0,126.0,121.0,124.0,123.0,120.0
137.42,203.0,128.0,123.0,126.0,121.0,124.0,123.0,120.0
137.62,201.0,128.0,123.0,126.0,121.0,124.0,123.0,120.0
137.82,202.0,128.0,123.0,127.0,121.0,124.0,123.0,120.0
138.02,203.0,128.0,123.0,126.0,121.0,124.0,123.0,120.0
138.22,202.0,128.0,123.0,126.0,120.0,124.0,123.0,120.0
138.42,202.0,128.0,123.0,126.0,120.0,124.0,123.0,120.0
138.62,202.0,128.0,123.0,126.0,121.0,124.0,123.0,120.0
138.82,201.0,128.0,123.0,126.0,121.0,124.0,123.0,120.0
139.02,202.0,128.0,123.0,126.0,121.0,124.0,123.0,120.0
139.22,201.0,128.0,122.0,126.0,121.0,125.0,123.0,120.0
139.42,198.0,128.0,123.0,126.0,121.0,124.0,123.0,120.0
139.62,195.0,128.0,123.0,126.0,120.0,124.0,123.0,120.0
139.82,193.0,128.0,123.0,127.0,120.0,124.0,123.0,121.0
140.02,190.0,128.0,123.0,127.0,121.0,124.0,123.0,120.0
140.22,188.0,128.0,123.0,126.0,121.0,124.0,123.0,121.0
140.42,190.0,128.0,123.0,127.0,120.0,125.0,123.0,120.0
140.62,195.0,128.0,123.0,126.0,120.0,124.0,124.0,120.0
140.82,200.0,128.0,122.0,127.0,120.0,124.0,123.0,120.0
141.02,203.0,129.0,123.0,127.0,121.0,124.0,123.0,120.0
141.22,203.0,128.0,123.0,127.0,121.0,124.0,124.0,120.0
141.42,202.0,128.0,122.0,127.0,120.0,124.0,123.0,120.0
141.62,203.0,128.0,123.0,127.0,120.0,124.0,123.0,120.0
141.82,202.0,128.0,123.0,126.0,121.0,124.0,123.0,120.0
142.02,203.0,128.0,122.0,126.0,121.0,124.0,124.0,120.0
142.22,203.0,128.0,123.0,126.0,121.0,124.0,123.0,120.0
142.42,201.0,128.0,122.0,126.0,121.0,124.0,123.0,120.0
142.62,202.0,128.0,123.0,126.0,121.0,124.0,122.0,120.0
142.82,202.0,128.0,123.0,127.0,121.0,124.0,123.0,120.0
143.02,201.0,128.0,123.0,126.0,121.0,125.0,123.0,121.0
143.22,198.0,129.0,123.0,126.0,120.0,125.0,123.0,120.0
143.42,196.0,128.0,122.0,126.0,120.0,124.0,123.0,120.0
143.62,193.0,128.0,123.0,127.0,120.0,124.0,123.0,120.0
143.82,190.0,128.0,123.0,126.0,121.0,124.0,123.0,120.0
144.02,187.0,128.0,122.0,126.0,121.0,124.0,123.0,120.0
144.22,192.0,128.0,123.0,126.0,121.0,124.0,123.0,120.0
144.42,198.0,128.0,123.0,127.0,121.0,124.0,123.0,120.0
144.62,200.0,128.0,123.0,126.0,121.0,124.0,123.0,120.0
144.82,202.0,128.0,123.0,126.0,120.0,124.0,123.0,120.0
145.02,203.0,128.0,122.0,126.0,121.0,124.0,123.0,120.0
145.22,204.0,128.0,123.0,127.0,120.0,124.0,123.0,120.0
145.42,203.0,128.0,123.0,126.0,120.0,124.0,123.0,120.0
145.62,204.0,128.0,123.0,127.0,120.0,124.0,123.0,120.0
145.82,202.0,128.0,123.0,126.0,120.0,124.0,123.0,120.0
146.02,204.0,128.0,123.0,126.0,120.0,124.0,123.0,121.0
146.22,201.0,128.0,122.0,126.0,121.0,124.0,123.0,120.0
146.42,201.0,128.0,123.0,127.0,120.0,124.0,123.0,120.0
146.62,201.0,128.0,123.0,126.0,121.0,124.0,123.0,120.0
146.82,200.0,128.0,122.0,126.0,121.0,124.0,123.0,121.0
147.02,199.0,129.0,123.0,126.0,121.0,124.0,123.0,120.0
147.22,195.0,128.0,123.0,126.0,121.0,124.0,123.0,120.0
147.42,193.0,128.0,123.0,126.0,120.0,124.0,123.0,120.0
147.62,191.0,128.0,123.0,126.0,120.0,125.0,123.0,120.0
147.82,187.0,128.0,122.0,126.0,120.0,124.0,123.0,121.0
148.02,190.0,128.0,123.0,126.0,121.0,124.0,123.0,120.0
148.22,194.0,129.0,122.0,126.0,121.0,125.0,124.0,120.0
148.42,198.0,129.0,123.0,126.0,121.0,124.0,123.0,120.0
148.62,201.0,128.0,123.0,126.0,121.0,124.0,122.0,120.0
148.82,201.0,128.0,123.0,126.0,120.0,124.0,123.0,120.0
149.02,203.0,128.0,123.0,126.0,121.0,124.0,123.0,120.0
149.22,202.0,128.0,123.0,126.0,120.0,125.0,122.0,120.0
149.42,202.0,128.0,123.0,126.0,120.0,124.0,123.0,120.0
149.62,203.0,128.0,123.0,127.0,121.0,124.0,123.0,120.0
149.82,202.0,128.0,123.0,126.0,120.0,124.0,123.0,120.0
150.02,201.0,128.0,122.0,126.0,120.0,124.0,123.0,120.0
150.22,201.0,128.0,123.0,126.0,120.0,124.0,123.0,120.0
150.42,200.0,128.0,123.0,126.0,121.0,124.0,123.0,120.0
150.62,200.0,128.0,123.0,126.0,121.0,124.0,123.0,120.0
150.82,199.0,128.0,123.0,126.0,121.0,124.0,123.0,120.0
151.02,196.0,128.0,123.0,127.0,120.0,125.0,123.0,120.0
151.22,192.0,128.0,123.0,126.0,121.0,124.0,123.0,120.0
151.42,189.0,128.0,123.0,126.0,120.0,124.0,123.0,121.0
151.62,188.0,128.0,123.0,126.0,121.0,124.0,123.0,120.0
151.82,191.0,128.0,123.0,127.0,120.0,124.0,123.0,120.0
152.02,195.0,129.0,123.0,126.0,120.0,124.0,123.0,120.0
152.22,202.0,128.0,123.0,126.0,121.0,124.0,123.0,121.0
152.42,202.0,128.0,123.0,126.0,120.0,124.0,123.0,120.0
152.62,204.0,128.0,123.0,127.0,120.0,124.0,123.0,120.0
152.82,203.0,128.0,123.0,126.0,120.0,124.0,123.0,120.0
153.02,203.0,128.0,123.0,126.0,120.0,124.0,123.0,120.0
153.22,203.0,128.0,122.0,126.0,121.0,124.0,123.0,120.0
153.42,202.0,129.0,123.0,126.0,120.0,124.0,123.0,120.0
153.62,202.0,128.0,122.0,126.0,121.0,124.0,123.0,120.0
153.82,202.0,128.0,123.0,126.0,121.0,124.0,123.0,120.0
154.02,201.0,128.0,122.0,126.0,121.0,124.0,123.0,120.0
154.22,201.0,128.0,123.0,126.0,121.0,124.0,123.0,120.0
154.42,200.0,128.0,123.0,126.0,121.0,124.0,123.0,120.0
154.62,197.0,128.0,123.0,126.0,120.0,124.0,123.0,120.0
154.82,194.0,128.0,123.0,126.0,121.0,124.0,123.0,120.0
155.02,192.0,129.0,123.0,126.0,121.0,124.0,123.0,120.0
155.22,189.0,128.0,123.0,126.0,121.0,124.0,123.0,120.0
155.42,188.0,128.0,123.0,127.0,120.0,124.0,123.0,120.0
155.62,193.0,128.0,123.0,127.0,120.0,124.0,123.0,120.0
155.82,196.0,128.0,123.0,126.0,121.0,124.0,123.0,120.0
156.02,201.0,128.0,123.0,126.0,121.0,124.0,123.0,121.0
156.22,202.0,128.0,123.0,126.0,121.0,124.0,123.0,120.0
156.42,203.0,128.0,123.0,126.0,121.0,124.0,123.0,121.0
156.62,202.0,128.0,123.0,127.0,121.0,124.0,124.0,121.0
156.82,203.0,128.0,122.0,126.0,121.0,124.0,123.0,120.0
157.02,203.0,128.0,123.0,126.0,121.0,124.0,123.0,120.0
157.22,203.0,128.0,123.0,126.0,120.0,124.0,123.0,120.0
157.42,202.0,128.0,123.0,126.0,121.0,124.0,123.0,120.0
157.62,201.0,128.0,123.0,126.0,120.0,124.0,123.0,120.0
157.82,202.0,128.0,123.0,126.0,121.0,124.0,123.0,120.0
158.03,202.0,128.0,123.0,126.0,120.0,124.0,123.0,120.0
158.23,199.0,128.0,122.0,126.0,121.0,124.0,123.0,120.0
158.43,196.0,128.0,123.0,126.0,120.0,124.0,123.0,120.0
158.63,193.0,129.0,123.0,126.0,121.0,124.0,123.0,120.0
158.83,190.0,128.0,122.0,126.0,120.0,124.0,122.0,120.0
159.03,188.0,129.0,123.0,126.0,121.0,124.0,123.0,120.0
159.23,190.0,129.0,122.0,126.0,120.0,124.0,123.0,120.0
159.43,195.0,128.0,123.0,126.0,120.0,124.0,123.0,120.0
159.63,198.0,128.0,123.0,126.0,120.0,124.0,123.0,120.0
159.83,203.0,128.0,123.0,126.0,121.0,124.0,123.0,120.0
160.03,205.0,128.0,123.0,126.0,120.0,124.0,123.0,120.0
160.23,203.0,128.0,123.0,126.0,120.0,125.0,123.0,120.0
160.43,204.0,128.0,122.0,127.0,120.0,124.0,123.0,121.0
160.63,202.0,128.0,123.0,127.0,121.0,124.0,123.0,120.0
160.83,203.0,128.0,123.0,127.0,121.0,124.0,123.0,120.0
161.03,202.0,128.0,123.0,126.0,120.0,124.0,123.0,120.0
161.23,202.0,128.0,123.0,127.0,121.0,124.0,123.0,120.0
161.43,201.0,128.0,122.0,127.0,121.0,124.0,123.0,120.0
161.63,200.0,128.0,123.0,126.0,120.0,124.0,123.0,120.0
161.83,201.0,128.0,123.0,126.0,121.0,125.0,123.0,120.0
162.03,198.0,128.0,123.0,126.0,121.0,124.0,123.0,120.0
162.23,195.0,129.0,123.0,126.0,121.0,124.0,123.0,120.0
162.43,191.0,128.0,123.0,127.0,121.0,124.0,123.0,121.0
162.63,189.0,128.0,123.0,126.0,120.0,124.0,123.0,120.0
162.83,189.0,128.0,123.0,126.0,120.0,124.0,123.0,120.0
163.03,194.0,129.0,122.0,126.0,120.0,124.0,123.0,120.0
163.23,196.0,129.0,123.0,127.0,120.0,125.0,123.0,120.0
163.43,200.0,128.0,123.0,126.0,121.0,124.0,123.0,120.0
163.63,204.0,128.0,122.0,126.0,121.0,124.0,123.0,121.0
163.83,204.0,128.0,123.0,126.0,120.0,124.0,123.0,121.0
164.03,202.0,128.0,123.0,126.0,121.0,124.0,123.0,120.0
164.23,203.0,128.0,122.0,127.0,121.0,124.0,123.0,120.0
164.43,203.0,128.0,123.0,126.0,121.0,125.0,123.0,120.0
164.63,203.0,128.0,123.0,126.0,121.0,124.0,123.0,120.0
164.83,201.0,128.0,123.0,126.0,121.0,124.0,123.0,120.0
165.03,201.0,128.0,123.0,126.0,121.0,125.0,123.0,120.0
165.23,201.0,128.0,123.0,126.0,120.0,124.0,123.0,120.0
165.43,201.0,128.0,123.0,127.0,121.0,124.0,123.0,120.0
165.63,199.0,129.0,123.0,126.0,121.0,124.0,123.0,120.0
165.83,196.0,128.0,123.0,126.0,121.0,124.0,123.0,121.0
166.03,193.0,128.0,123.0,126.0,121.0,125.0,123.0,120.0
166.23,190.0,128.0,123.0,126.0,121.0,124.0,123.0,120.0
166.43,188.0,128.0,123.0,126.0,121.0,124.0,123.0,120.0
166.63,191.0,129.0,122.0,127.0,121.0,124.0,123.0,120.0
166.83,195.0,129.0,123.0,127.0,121.0,124.0,123.0,120.0
167.03,200.0,128.0,123.0,126.0,121.0,124.0,123.0,120.0
167.23,203.0,128.0,123.0,126.0,121.0,124.0,123.0,121.0
167.43,205.0,128.0,123.0,126.0,120.0,124.0,123.0,120.0
167.63,203.0,128.0,123.0,127.0,121.0,124.0,123.0,120.0
167.83,204.0,128.0,123.0,126.0,121.0,124.0,123.0,120.0
168.03,203.0,128.0,123.0,127.0,121.0,124.0,123.0,120.0
168.23,203.0,128.0,123.0,127.0,121.0,124.0,123.0,121.0
168.43,203.0,128.0,123.0,126.0,120.0,124.0,123.0,120.0
168.63,203.0,128.0,123.0,126.0,120.0,124.0,123.0,120.0
168.83,200.0,128.0,123.0,126.0,121.0,124.0,123.0,120.0
169.03,201.0,128.0,123.0,126.0,120.0,124.0,123.0,120.0
169.23,200.0,128.0,123.0,126.0,121.0,124.0,123.0,120.0
169.43,197.0,128.0,123.0,127.0,121.0,124.0,123.0,121.0
169.63,193.0,128.0,122.0,127.0,121.0,124.0,124.0,121.0
169.83,190.0,129.0,123.0,126.0,121.0,124.0,123.0,120.0
170.03,188.0,128.0,123.0,126.0,120.0,124.0,124.0,120.0
170.23,191.0,128.0,123.0,126.0,121.0,124.0,123.0,120.0
170.43,195.0,128.0,123.0,126.0,120.0,124.0,123.0,120.0
170.63,199.0,128.0,122.0,126.0,120.0,124.0,123.0,120.0
170.83,203.0,128.0,123.0,126.0,120.0,124.0,123.0,121.0
171.03,205.0,128.0,123.0,126.0,121.0,124.0,123.0,120.0
171.23,204.0,128.0,123.0,127.0,121.0,124.0,123.0,120.0
171.43,203.0,128.0,123.0,126.0,120.0,124.0,123.0,120.0
171.63,204.0,128.0,122.0,126.0,120.0,124.0,123.0,120.0
171.83,204.0,128.0,123.0,126.0,120.0,125.0,123.0,120.0
172.03,203.0,128.0,123.0,127.0,121.0,124.0,123.0,120.0
172.23,202.0,128.0,122.0,126.0,121.0,124.0,123.0,121.0
172.43,201.0,128.0,123.0,126.0,120.0,124.0,123.0,120.0
172.63,202.0,128.0,123.0,126.0,121.0,124.0,123.0,120.0
172.83,200.0,128.0,122.0,126.0,121.0,124.0,123.0,120.0
173.03,196.0,128.0,123.0,127.0,121.0,124.0,123.0,120.0
173.23,193.0,128.0,123.0,127.0,121.0,124.0,123.0,121.0
173.43,190.0,128.0,123.0,126.0,121.0,124.0,123.0,121.0
173.63,188.0,128.0,123.0,126.0,121.0,124.0,123.0,120.0
173.83,193.0,128.0,123.0,126.0,120.0,125.0,123.0,120.0
174.03,196.0,128.0,122.0,126.0,120.0,124.0,123.0,120.0
174.23,201.0,128.0,123.0,127.0,121.0,124.0,123.0,120.0
174.43,202.0,128.0,123.0,126.0,121.0,124.0,123.0,120.0
174.63,203.0,128.0,123.0,126.0,121.0,124.0,123.0,120.0
174.83,203.0,128.0,123.0,126.0,120.0,124.0,123.0,120.0
175.03,204.0,128.0,123.0,126.0,120.0,125.0,123.0,120.0
175.23,202.0,129.0,123.0,126.0,121.0,124.0,123.0,120.0
175.43,202.0,128.0,123.0,126.0,121.0,124.0,123.0,120.0
175.63,202.0,128.0,123.0,127.0,121.0,124.0,123.0,120.0
175.83,202.0,129.0,122.0,126.0,120.0,124.0,123.0,120.0
176.03,201.0,128.0,123.0,126.0,121.0,124.0,123.0,120.0
176.23,201.0,128.0,123.0,126.0,121.0,124.0,124.0,120.0
176.43,199.0,128.0,123.0,126.0,121.0,124.0,123.0,120.0
176.63,195.0,128.0,123.0,126.0,120.0,124.0,123.0,121.0
176.83,192.0,128.0,123.0,126.0,121.0,124.0,123.0,121.0
177.03,189.0,128.0,123.0,126.0,121.0,124.0,123.0,120.0
177.23,187.0,128.0,123.0,126.0,120.0,124.0,123.0,121.0
177.43,190.0,128.0,123.0,126.0,120.0,124.0,123.0,120.0
177.63,196.0,128.0,123.0,126.0,120.0,124.0,123.0,120.0
177.83,200.0,128.0,123.0,127.0,121.0,124.0,123.0,120.0
178.03,204.0,129.0,123.0,127.0,121.0,124.0,122.0,120.0
178.23,203.0,128.0,123.0,126.0,121.0,124.0,123.0,120.0
178.43,203.0,128.0,123.0,126.0,120.0,124.0,123.0,121.0
178.63,202.0,128.0,123.0,126.0,120.0,124.0,123.0,120.0
178.83,202.0,128.0,123.0,126.0,121.0,124.0,123.0,120.0
179.03,203.0,128.0,123.0,126.0,121.0,124.0,123.0,120.0
179.23,203.0,128.0,123.0,126.0,120.0,124.0,123.0,120.0
179.43,201.0,128.0,123.0,126.0,120.0,125.0,123.0,120.0
179.63,201.0,128.0,123.0,126.0,120.0,124.0,123.0,121.0
179.83,200.0,128.0,123.0,127.0,120.0,124.0,123.0,120.0
180.03,199.0,128.0,123.0,127.0,121.0,124.0,123.0,120.0
180.23,196.0,128.0,123.0,127.0,121.0,124.0,123.0,120.0
180.43,192.0,128.0,123.0,126.0,121.0,124.0,123.0,120.0
180.63,189.0,128.0,123.0,126.0,120.0,124.0,123.0,120.0
180.83,187.0,128.0,123.0,126.0,121.0,124.0,123.0,120.0
181.03,192.0,128.0,122.0,126.0,121.0,124.0,123.0,120.0
181.23,197.0,128.0,122.0,126.0,121.0,124.0,123.0,121.0
181.43,200.0,128.0,123.0,127.0,121.0,124.0,123.0,120.0
181.63,202.0,128.0,123.0,127.0,120.0,124.0,123.0,120.0
181.83,202.0,128.0,122.0,126.0,121.0,125.0,123.0,121.0
182.03,203.0,128.0,123.0,126.0,121.0,124.0,123.0,120.0
182.23,203.0,128.0,123.0,126.0,120.0,124.0,123.0,120.0
182.43,203.0,128.0,123.0,127.0,121.0,124.0,122.0,120.0
182.63,202.0,128.0,123.0,127.0,121.0,124.0,123.0,120.0
182.83,201.0,129.0,123.0,126.0,120.0,124.0,123.0,120.0
183.04,202.0,128.0,123.0,126.0,121.0,124.0,123.0,120.0
183.24,200.0,129.0,123.0,126.0,121.0,124.0,123.0,120.0
183.44,201.0,128.0,123.0,127.0,121.0,124.0,123.0,120.0
183.64,198.0,128.0,123.0,127.0,120.0,124.0,123.0,121.0
183.84,194.0,128.0,123.0,126.0,121.0,124.0,123.0,120.0
184.04,192.0,128.0,123.0,126.0,121.0,124.0,123.0,120.0
184.24,188.0,128.0,123.0,126.0,121.0,124.0,123.0,120.0
184.44,189.0,128.0,123.0,126.0,120.0,124.0,123.0,120.0
184.64,192.0,128.0,123.0,126.0,120.0,124.0,124.0,120.0
184.84,198.0,128.0,123.0,126.0,121.0,124.0,123.0,120.0
185.04,200.0,129.0,123.0,126.0,121.0,124.0,123.0,120.0
185.24,203.0,129.0,122.0,126.0,120.0,124.0,123.0,120.0
185.44,203.0,128.0,123.0,126.0,121.0,124.0,123.0,120.0
185.64,203.0,128.0,123.0,126.0,120.0,125.0,123.0,120.0
185.84,202.0,129.0,123.0,126.0,121.0,125.0,123.0,120.0
186.04,203.0,128.0,123.0,126.0,121.0,124.0,123.0,120.0
186.24,202.0,128.0,123.0,126.0,121.0,124.0,123.0,120.0
186.44,202.0,128.0,123.0,126.0,121.0,124.0,123.0,120.0
186.64,201.0,128.0,123.0,126.0,120.0,124.0,124.0,120.0
186.84,201.0,128.0,123.0,126.0,121.0,124.0,123.0,121.0
187.04,200.0,128.0,123.0,127.0,121.0,125.0,123.0,120.0
187.24,197.0,128.0,123.0,126.0,121.0,125.0,123.0,120.0
187.44,195.0,128.0,123.0,127.0,121.0,124.0,123.0,120.0
187.64,191.0,128.0,123.0,126.0,120.0,124.0,123.0,120.0
187.84,188.0,128.0,123.0,126.0,121.0,125.0,124.0,120.0
188.04,191.0,128.0,123.0,126.0,121.0,124.0,123.0,120.0
188.24,194.0,128.0,123.0,127.0,121.0,124.0,123.0,120.0
188.44,201.0,129.0,123.0,126.0,121.0,125.0,123.0,120.0
188.64,204.0,128.0,123.0,126.0,121.0,124.0,123.0,120.0
188.84,205.0,128.0,123.0,126.0,121.0,124.0,123.0,120.0
189.04,204.0,128.0,123.0,127.0,121.0,124.0,123.0,120.0
189.24,203.0,128.0,123.0,127.0,121.0,124.0,124.0,121.0
189.44,205.0,128.0,123.0,126.0,120.0,124.0,124.0,120.0
189.64,203.0,128.0,122.0,126.0,121.0,124.0,123.0,120.0
189.84,202.0,129.0,122.0,126.0,121.0,124.0,123.0,120.0
190.04,202.0,128.0,123.0,126.0,121.0,125.0,123.0,120.0
190.24,202.0,129.0,123.0,126.0,121.0,124.0,123.0,120.0
190.44,201.0,129.0,123.0,127.0,120.0,125.0,123.0,120.0
190.64,200.0,128.0,123.0,126.0,120.0,124.0,123.0,120.0
190.84,196.0,128.0,123.0,126.0,120.0,124.0,123.0,120.0
191.04,194.0,128.0,123.0,126.0,121.0,124.0,123.0,120.0
191.24,190.0,128.0,123.0,126.0,121.0,124.0,123.0,120.0
191.44,188.0,128.0,122.0,126.0,120.0,124.0,123.0,121.0
191.64,192.0,129.0,123.0,126.0,121.0,124.0,123.0,121.0
191.84,196.0,128.0,123.0,127.0,121.0,124.0,123.0,120.0
192.04,200.0,129.0,123.0,127.0,121.0,124.0,123.0,120.0
192.24,203.0,128.0,123.0,126.0,121.0,124.0,123.0,121.0
192.44,202.0,128.0,122.0,126.0,120.0,124.0,123.0,120.0
192.64,203.0,129.0,123.0,126.0,121.0,124.0,124.0,120.0
192.84,204.0,128.0,123.0,126.0,121.0,124.0,123.0,120.0
193.04,203.0,128.0,123.0,126.0,121.0,125.0,123.0,121.0
193.24,204.0,128.0,122.0,127.0,121.0,124.0,123.0,120.0
193.44,203.0,128.0,123.0,127.0,121.0,124.0,123.0,121.0
193.64,202.0,128.0,123.0,127.0,121.0,124.0,123.0,120.0
193.84,201.0,128.0,123.0,126.0,121.0,124.0,124.0,120.0
194.04,201.0,128.0,123.0,127.0,121.0,124.0,123.0,120.0
194.24,199.0,128.0,123.0,126.0,120.0,124.0,123.0,120.0
194.44,196.0,128.0,123.0,127.0,121.0,124.0,123.0,120.0
194.64,193.0,128.0,122.0,126.0,121.0,124.0,123.0,120.0
194.84,189.0,128.0,123.0,126.0,121.0,125.0,123.0,120.0
195.04,189.0,128.0,123.0,126.0,121.0,124.0,123.0,120.0
195.24,193.0,128.0,123.0,126.0,121.0,124.0,123.0,120.0
195.44,197.0,128.0,123.0,126.0,121.0,124.0,123.0,120.0
195.64,201.0,128.0,123.0,126.0,121.0,124.0,123.0,120.0
195.84,202.0,128.0,123.0,126.0,121.0,124.0,123.0,120.0
196.04,202.0,128.0,123.0,126.0,121.0,124.0,124.0,120.0
196.24,204.0,128.0,122.0,126.0,121.0,124.0,123.0,121.0
196.44,204.0,128.0,123.0,126.0,120.0,125.0,123.0,120.0
196.64,203.0,128.0,123.0,126.0,120.0,124.0,123.0,120.0
196.84,203.0,129.0,123.0,126.0,121.0,124.0,123.0,121.0
197.04,203.0,128.0,123.0,126.0,121.0,124.0,123.0,120.0
197.24,202.0,128.0,124.0,126.0,121.0,124.0,123.0,121.0
197.44,202.0,128.0,123.0,126.0,121.0,124.0,123.0,121.0
197.64,201.0,129.0,123.0,126.0,122.0,124.0,123.0,121.0
197.84,198.0,128.0,123.0,126.0,120.0,124.0,123.0,120.0
198.04,194.0,129.0,123.0,126.0,120.0,125.0,123.0,120.0
198.24,191.0,128.0,123.0,126.0,121.0,125.0,123.0,121.0
198.44,189.0,129.0,123.0,126.0,121.0,124.0,123.0,121.0
198.64,190.0,128.0,123.0,126.0,121.0,124.0,123.0,120.0
198.84,193.0,128.0,123.0,126.0,121.0,124.0,123.0,120.0
199.04,195.0,128.0,122.0,126.0,120.0,124.0,123.0,120.0
199.24,205.0,128.0,123.0,126.0,121.0,124.0,123.0,121.0
199.44,203.0,129.0,123.0,126.0,120.0,124.0,123.0,120.0
199.64,203.0,128.0,123.0,127.0,121.0,124.0,123.0,120.0
199.84,204.0,128.0,123.0,127.0,121.0,124.0,123.0,120.0
200.04,204.0,128.0,123.0,126.0,121.0,124.0,123.0,120.0
200.24,203.0,128.0,123.0,126.0,121.0,124.0,123.0,120.0
200.44,202.0,128.0,123.0,126.0,121.0,124.0,123.0,121.0
200.64,202.0,128.0,123.0,126.0,120.0,124.0,123.0,120.0
200.84,202.0,128.0,123.0,126.0,121.0,124.0,123.0,121.0
201.04,201.0,128.0,122.0,126.0,120.0,124.0,123.0,120.0
201.24,201.0,128.0,123.0,126.0,121.0,124.0,123.0,120.0
201.44,200.0,128.0,122.0,126.0,121.0,124.0,123.0,120.0
201.64,198.0,128.0,123.0,126.0,120.0,124.0,123.0,120.0
201.84,195.0,128.0,123.0,126.0,120.0,124.0,123.0,120.0
202.04,193.0,128.0,123.0,126.0,121.0,124.0,123.0,120.0
202.24,190.0,128.0,123.0,127.0,121.0,125.0,123.0,120.0
202.44,188.0,128.0,123.0,127.0,120.0,124.0,123.0,120.0
202.64,188.0,128.0,122.0,126.0,120.0,124.0,123.0,120.0
202.84,192.0,128.0,123.0,126.0,120.0,125.0,123.0,120.0
203.04,194.0,128.0,123.0,126.0,120.0,124.0,123.0,120.0
203.24,199.0,128.0,123.0,127.0,121.0,124.0,123.0,120.0
203.44,201.0,128.0,123.0,126.0,121.0,124.0,123.0,120.0
203.64,203.0,128.0,123.0,126.0,120.0,124.0,123.0,120.0
203.84,205.0,128.0,123.0,126.0,121.0,125.0,123.0,120.0
204.04,203.0,128.0,123.0,127.0,121.0,124.0,123.0,120.0
204.24,203.0,128.0,123.0,127.0,121.0,124.0,123.0,120.0
204.44,204.0,128.0,122.0,127.0,121.0,124.0,123.0,120.0
204.64,203.0,128.0,123.0,126.0,121.0,124.0,124.0,120.0
204.84,203.0,128.0,123.0,126.0,120.0,125.0,123.0,120.0
205.04,203.0,128.0,123.0,127.0,121.0,124.0,123.0,120.0
205.24,204.0,128.0,123.0,126.0,121.0,124.0,123.0,120.0
205.44,202.0,128.0,122.0,126.0,121.0,125.0,123.0,121.0
205.64,202.0,128.0,123.0,127.0,120.0,124.0,123.0,120.0
205.84,202.0,128.0,123.0,126.0,121.0,124.0,123.0,120.0
206.04,202.0,129.0,123.0,126.0,121.0,124.0,123.0,120.0
206.24,202.0,128.0,123.0,126.0,121.0,124.0,123.0,120.0
206.44,199.0,128.0,123.0,126.0,121.0,124.0,123.0,120.0
206.64,197.0,128.0,123.0,127.0,120.0,124.0,123.0,120.0
206.84,194.0,128.0,123.0,126.0,120.0,125.0,123.0,120.0
207.04,191.0,128.0,123.0,127.0,120.0,124.0,123.0,120.0
207.24,190.0,128.0,123.0,126.0,121.0,124.0,123.0,120.0
207.44,189.0,129.0,123.0,126.0,121.0,124.0,123.0,120.0
207.64,189.0,128.0,123.0,127.0,121.0,124.0,123.0,120.0
207.84,191.0,128.0,122.0,126.0,121.0,124.0,123.0,120.0
208.04,194.0,128.0,123.0,126.0,121.0,124.0,123.0,120.0
208.24,196.0,128.0,123.0,126.0,120.0,124.0,123.0,120.0
208.44,201.0,128.0,123.0,126.0,121.0,124.0,123.0,120.0
208.64,206.0,128.0,123.0,126.0,120.0,124.0,123.0,120.0
208.85,204.0,128.0,123.0,126.0,120.0,125.0,123.0,120.0
209.05,205.0,128.0,123.0,126.0,121.0,125.0,122.0,120.0
209.25,202.0,128.0,123.0,127.0,120.0,124.0,123.0,120.0
209.45,203.0,128.0,123.0,127.0,121.0,124.0,123.0,120.0
209.65,202.0,128.0,123.0,127.0,121.0,124.0,123.0,120.0
209.85,203.0,128.0,123.0,126.0,121.0,125.0,123.0,120.0
210.05,203.0,128.0,123.0,126.0,120.0,124.0,123.0,120.0
210.25,202.0,128.0,123.0,126.0,121.0,124.0,123.0,120.0
210.45,202.0,128.0,123.0,126.0,121.0,124.0,123.0,120.0
210.65,202.0,128.0,123.0,127.0,120.0,124.0,123.0,120.0
210.85,202.0,128.0,123.0,126.0,121.0,125.0,123.0,120.0
211.05,202.0,128.0,123.0,126.0,121.0,125.0,123.0,120.0
211.25,201.0,128.0,123.0,126.0,121.0,124.0,123.0,121.0
211.45,199.0,128.0,122.0,126.0,121.0,125.0,124.0,120.0
211.65,196.0,128.0,123.0,126.0,121.0,124.0,124.0,120.0
211.85,193.0,128.0,123.0,126.0,120.0,124.0,123.0,120.0
212.05,192.0,128.0,123.0,126.0,121.0,124.0,123.0,120.0
212.25,189.0,128.0,123.0,126.0,121.0,124.0,123.0,121.0
212.45,189.0,128.0,123.0,127.0,121.0,124.0,123.0,120.0
212.65,189.0,128.0,123.0,126.0,121.0,124.0,123.0,120.0
212.85,194.0,128.0,123.0,126.0,121.0,124.0,123.0,120.0
213.05,197.0,128.0,123.0,126.0,120.0,125.0,123.0,120.0
213.25,200.0,128.0,122.0,126.0,121.0,125.0,123.0,120.0
213.45,203.0,128.0,123.0,126.0,121.0,125.0,123.0,120.0
213.65,204.0,128.0,123.0,126.0,120.0,124.0,123.0,120.0
213.85,203.0,128.0,123.0,126.0,120.0,124.0,123.0,120.0
214.05,204.0,128.0,123.0,126.0,121.0,124.0,123.0,120.0
214.25,203.0,129.0,123.0,127.0,121.0,124.0,124.0,120.0
214.45,204.0,128.0,123.0,126.0,121.0,124.0,123.0,120.0
214.65,204.0,128.0,123.0,126.0,120.0,124.0,123.0,120.0
214.85,203.0,128.0,123.0,126.0,121.0,125.0,123.0,120.0
215.05,203.0,129.0,123.0,127.0,121.0,124.0,123.0,120.0
215.25,202.0,128.0,123.0,126.0,121.0,124.0,123.0,120.0
215.45,203.0,128.0,123.0,126.0,121.0,124.0,123.0,120.0
215.65,202.0,128.0,122.0,126.0,121.0,124.0,123.0,120.0
215.85,202.0,128.0,123.0,126.0,121.0,124.0,123.0,120.0
216.05,201.0,128.0,123.0,126.0,121.0,125.0,123.0,120.0
216.25,200.0,128.0,123.0,126.0,121.0,124.0,123.0,120.0
216.45,197.0,128.0,123.0,126.0,121.0,124.0,123.0,120.0
216.65,195.0,128.0,123.0,126.0,121.0,124.0,123.0,121.0
216.85,191.0,129.0,123.0,126.0,121.0,124.0,123.0,121.0
217.05,189.0,128.0,123.0,126.0,120.0,125.0,123.0,120.0
217.25,188.0,128.0,123.0,126.0,120.0,124.0,123.0,120.0
217.45,188.0,129.0,122.0,126.0,121.0,125.0,124.0,120.0
217.65,192.0,128.0,123.0,126.0,121.0,124.0,123.0,121.0
217.85,195.0,128.0,123.0,126.0,121.0,124.0,123.0,120.0
218.05,198.0,128.0,123.0,127.0,121.0,124.0,123.0,120.0
218.25,201.0,128.0,123.0,126.0,121.0,124.0,123.0,120.0
218.45,204.0,128.0,123.0,126.0,121.0,125.0,123.0,120.0
218.65,204.0,128.0,122.0,126.0,121.0,124.0,123.0,120.0
218.85,205.0,128.0,123.0,126.0,121.0,124.0,122.0,120.0
219.05,204.0,128.0,123.0,127.0,121.0,124.0,123.0,120.0
219.25,203.0,128.0,123.0,126.0,121.0,125.0,123.0,120.0
219.45,203.0,128.0,123.0,126.0,121.0,124.0,123.0,120.0
219.65,203.0,128.0,122.0,127.0,120.0,124.0,123.0,120.0
219.85,203.0,128.0,123.0,126.0,121.0,124.0,123.0,120.0
220.05,203.0,129.0,123.0,126.0,121.0,124.0,123.0,120.0
220.25,202.0,129.0,123.0,126.0,121.0,124.0,123.0,120.0
220.45,201.0,128.0,123.0,127.0,121.0,125.0,122.0,120.0
220.65,202.0,128.0,123.0,126.0,121.0,124.0,123.0,120.0
220.85,201.0,128.0,123.0,126.0,121.0,124.0,124.0,120.0
221.05,200.0,128.0,123.0,126.0,121.0,124.0,123.0,120.0
221.25,198.0,128.0,123.0,126.0,121.0,124.0,123.0,120.0
221.45,196.0,128.0,123.0,127.0,121.0,124.0,122.0,120.0
221.65,194.0,128.0,122.0,126.0,121.0,125.0,123.0,120.0
221.85,191.0,129.0,122.0,126.0,121.0,124.0,123.0,120.0
222.05,189.0,128.0,123.0,126.0,121.0,124.0,123.0,120.0
222.25,188.0,128.0,122.0,127.0,121.0,124.0,123.0,120.0
222.45,190.0,128.0,123.0,127.0,121.0,124.0,123.0,120.0
222.65,195.0,128.0,123.0,126.0,120.0,124.0,123.0,120.0
222.85,198.0,128.0,123.0,126.0,121.0,124.0,123.0,120.0
223.05,200.0,128.0,122.0,126.0,121.0,124.0,124.0,120.0
223.25,205.0,128.0,123.0,126.0,121.0,124.0,123.0,120.0
223.45,204.0,128.0,123.0,126.0,121.0,125.0,123.0,121.0
223.65,204.0,128.0,123.0,126.0,121.0,124.0,123.0,120.0
223.85,203.0,128.0,122.0,126.0,121.0,124.0,123.0,120.0
224.05,204.0,128.0,123.0,127.0,120.0,124.0,123.0,120.0
224.25,203.0,128.0,123.0,126.0,121.0,125.0,123.0,120.0
224.45,204.0,128.0,122.0,127.0,121.0,124.0,123.0,120.0
224.65,203.0,128.0,123.0,126.0,121.0,124.0,123.0,121.0
224.85,203.0,128.0,123.0,126.0,121.0,124.0,123.0,120.0
225.05,201.0,128.0,122.0,126.0,121.0,124.0,123.0,120.0
225.25,201.0,129.0,123.0,127.0,121.0,124.0,123.0,120.0
225.45,201.0,128.0,123.0,126.0,120.0,124.0,123.0,121.0
225.65,201.0,128.0,123.0,126.0,120.0,124.0,123.0,120.0
225.85,200.0,128.0,123.0,126.0,121.0,124.0,123.0,120.0
226.05,198.0,128.0,123.0,126.0,120.0,124.0,123.0,121.0
226.25,196.0,128.0,123.0,126.0,120.0,124.0,123.0,120.0
226.45,193.0,128.0,123.0,127.0,120.0,124.0,123.0,120.0
226.65,191.0,129.0,123.0,126.0,120.0,124.0,123.0,120.0
226.85,189.0,128.0,123.0,126.0,120.0,124.0,123.0,120.0
227.05,188.0,128.0,123.0,126.0,120.0,125.0,123.0,120.0
227.25,188.0,128.0,123.0,126.0,120.0,124.0,123.0,120.0
227.45,191.0,129.0,123.0,126.0,120.0,124.0,123.0,120.0
227.65,195.0,128.0,122.0,126.0,121.0,124.0,123.0,120.0
227.85,198.0,128.0,123.0,126.0,121.0,124.0,123.0,120.0
228.05,203.0,128.0,123.0,126.0,121.0,124.0,123.0,120.0
228.25,204.0,128.0,123.0,126.0,121.0,124.0,123.0,120.0
228.45,202.0,128.0,123.0,126.0,121.0,124.0,123.0,120.0
228.65,202.0,128.0,123.0,126.0,121.0,124.0,123.0,121.0
228.85,203.0,128.0,123.0,126.0,121.0,124.0,123.0,120.0
229.05,203.0,128.0,122.0,126.0,120.0,124.0,123.0,120.0
229.25,203.0,128.0,122.0,127.0,121.0,124.0,123.0,120.0
229.45,203.0,128.0,123.0,127.0,121.0,124.0,123.0,121.0
229.65,202.0,128.0,123.0,126.0,121.0,124.0,124.0,121.0
229.85,201.0,128.0,123.0,126.0,121.0,124.0,123.0,120.0
230.05,201.0,128.0,122.0,126.0,121.0,124.0,123.0,120.0
230.25,202.0,128.0,123.0,126.0,121.0,124.0,123.0,120.0
230.45,202.0,128.0,123.0,126.0,120.0,124.0,123.0,120.0
230.65,201.0,128.0,123.0,126.0,121.0,124.0,123.0,120.0
230.85,199.0,128.0,123.0,127.0,121.0,124.0,123.0,120.0
231.05,197.0,128.0,123.0,126.0,121.0,124.0,123.0,120.0
231.25,195.0,128.0,123.0,126.0,121.0,124.0,123.0,120.0
231.45,192.0,128.0,123.0,127.0,120.0,124.0,123.0,121.0
231.65,190.0,128.0,123.0,126.0,121.0,124.0,123.0,120.0
231.85,189.0,128.0,123.0,126.0,121.0,124.0,123.0,120.0
232.05,188.0,128.0,123.0,126.0,121.0,124.0,123.0,120.0
232.25,190.0,129.0,123.0,126.0,121.0,124.0,123.0,120.0
232.45,195.0,128.0,123.0,126.0,121.0,124.0,123.0,120.0
232.65,197.0,128.0,123.0,126.0,121.0,124.0,123.0,120.0
232.85,201.0,128.0,123.0,127.0,121.0,124.0,123.0,120.0
233.05,202.0,128.0,123.0,126.0,121.0,124.0,123.0,120.0
233.25,203.0,128.0,123.0,126.0,121.0,124.0,123.0,120.0
233.45,205.0,128.0,123.0,126.0,120.0,124.0,123.0,120.0
233.65,203.0,128.0,123.0,127.0,120.0,124.0,123.0,120.0
233.85,203.0,128.0,123.0,126.0,121.0,124.0,123.0,120.0
234.05,202.0,128.0,123.0,127.0,121.0,125.0,123.0,120.0
234.25,203.0,128.0,123.0,127.0,121.0,124.0,123.0,120.0
234.46,204.0,128.0,123.0,127.0,121.0,124.0,124.0,120.0
234.66,203.0,128.0,123.0,126.0,121.0,124.0,123.0,120.0
234.86,202.0,128.0,123.0,126.0,121.0,124.0,123.0,120.0
235.06,202.0,128.0,122.0,126.0,121.0,125.0,123.0,120.0
235.26,202.0,128.0,123.0,126.0,121.0,125.0,123.0,120.0
235.46,201.0,128.0,123.0,126.0,121.0,124.0,123.0,121.0
235.66,200.0,128.0,123.0,126.0,120.0,124.0,123.0,121.0
235.86,200.0,128.0,122.0,126.0,120.0,124.0,123.0,120.0
236.06,197.0,128.0,123.0,127.0,121.0,124.0,124.0,120.0
236.26,194.0,128.0,123.0,126.0,120.0,124.0,123.0,120.0
236.46,192.0,128.0,122.0,126.0,120.0,124.0,123.0,120.0
236.66,190.0,129.0,122.0,126.0,121.0,125.0,123.0,120.0
236.86,188.0,128.0,123.0,126.0,121.0,124.0,123.0,120.0
237.06,190.0,128.0,122.0,126.0,120.0,124.0,123.0,120.0
237.26,193.0,128.0,123.0,126.0,121.0,124.0,123.0,120.0
237.46,195.0,128.0,123.0,126.0,121.0,124.0,123.0,120.0
237.66,197.0,128.0,123.0,126.0,121.0,124.0,123.0,121.0
237.86,202.0,129.0,123.0,127.0,121.0,124.0,123.0,120.0
238.06,204.0,128.0,123.0,127.0,121.0,124.0,122.0,120.0
238.26,206.0,128.0,123.0,126.0,121.0,124.0,123.0,120.0
238.46,204.0,128.0,123.0,126.0,120.0,125.0,123.0,120.0
238.66,205.0,128.0,123.0,126.0,121.0,124.0,123.0,121.0
238.86,203.0,128.0,123.0,126.0,120.0,124.0,123.0,120.0
239.06,203.0,128.0,123.0,126.0,121.0,124.0,123.0,120.0
239.26,203.0,128.0,123.0,126.0,121.0,124.0,123.0,120.0
239.46,203.0,129.0,123.0,127.0,121.0,124.0,123.0,120.0
239.66,202.0,128.0,122.0,126.0,121.0,124.0,123.0,121.0
239.86,203.0,128.0,123.0,126.0,120.0,124.0,123.0,120.0
240.06,203.0,128.0,122.0,126.0,120.0,124.0,123.0,120.0
240.26,201.0,128.0,123.0,127.0,120.0,124.0,123.0,120.0
240.46,201.0,128.0,123.0,126.0,121.0,124.0,123.0,120.0
240.66,201.0,128.0,123.0,126.0,121.0,124.0,123.0,120.0
240.86,198.0,129.0,123.0,127.0,121.0,125.0,123.0,120.0
241.06,196.0,128.0,123.0,126.0,120.0,124.0,123.0,121.0
241.26,194.0,128.0,123.0,126.0,120.0,125.0,123.0,120.0
241.46,191.0,128.0,123.0,126.0,121.0,124.0,123.0,120.0
241.66,189.0,128.0,123.0,126.0,120.0,124.0,123.0,120.0
241.86,187.0,128.0,123.0,126.0,121.0,124.0,123.0,120.0
242.06,191.0,128.0,123.0,126.0,121.0,124.0,123.0,120.0
242.26,193.0,128.0,123.0,126.0,120.0,124.0,123.0,120.0
242.46,196.0,128.0,123.0,126.0,120.0,124.0,123.0,121.0
242.66,200.0,128.0,123.0,126.0,121.0,124.0,123.0,120.0
242.86,202.0,128.0,123.0,126.0,121.0,124.0,123.0,120.0
243.06,206.0,128.0,123.0,126.0,121.0,124.0,123.0,120.0
243.26,205.0,127.0,123.0,126.0,121.0,124.0,123.0,120.0
243.46,204.0,128.0,123.0,127.0,120.0,124.0,123.0,120.0
243.66,204.0,128.0,123.0,127.0,120.0,124.0,123.0,120.0
243.86,204.0,128.0,123.0,126.0,120.0,124.0,123.0,120.0
244.06,203.0,128.0,123.0,127.0,121.0,124.0,123.0,120.0
244.26,203.0,128.0,123.0,126.0,121.0,125.0,123.0,120.0
244.46,203.0,128.0,123.0,126.0,120.0,124.0,123.0,120.0
244.66,203.0,129.0,123.0,126.0,120.0,124.0,123.0,120.0
244.86,201.0,128.0,123.0,126.0,120.0,124.0,123.0,120.0
245.06,201.0,128.0,123.0,126.0,121.0,124.0,123.0,120.0
245.26,200.0,128.0,123.0,127.0,120.0,124.0,123.0,120.0
245.46,201.0,129.0,123.0,127.0,120.0,124.0,123.0,120.0
245.66,200.0,129.0,123.0,126.0,121.0,124.0,123.0,121.0
245.86,197.0,128.0,123.0,126.0,121.0,125.0,123.0,120.0
246.06,195.0,129.0,122.0,126.0,120.0,124.0,123.0,120.0
246.26,192.0,128.0,123.0,127.0,120.0,124.0,123.0,120.0
246.46,189.0,128.0,123.0,126.0,120.0,124.0,123.0,120.0
246.66,188.0,128.0,123.0,127.0,120.0,124.0,123.0,120.0
246.86,190.0,128.0,123.0,126.0,121.0,124.0,123.0,120.0
247.06,194.0,128.0,123.0,126.0,121.0,125.0,123.0,120.0
247.26,197.0,128.0,123.0,126.0,121.0,124.0,123.0,120.0
247.46,199.0,128.0,122.0,126.0,120.0,124.0,123.0,120.0
247.66,201.0,128.0,123.0,126.0,121.0,124.0,123.0,120.0
247.86,204.0,128.0,123.0,126.0,121.0,124.0,123.0,120.0
248.06,202.0,128.0,123.0,126.0,120.0,124.0,123.0,121.0
248.26,203.0,128.0,123.0,126.0,120.0,124.0,123.0,120.0
248.46,202.0,128.0,123.0,126.0,120.0,125.0,123.0,120.0
248.66,204.0,128.0,123.0,126.0,120.0,125.0,123.0,120.0
248.86,204.0,128.0,123.0,126.0,120.0,124.0,123.0,120.0
249.06,203.0,128.0,123.0,126.0,120.0,125.0,123.0,120.0
249.26,203.0,128.0,123.0,126.0,120.0,124.0,123.0,120.0
249.46,203.0,128.0,123.0,126.0,121.0,124.0,123.0,120.0
249.66,203.0,128.0,123.0,126.0,120.0,124.0,123.0,120.0
249.86,202.0,128.0,123.0,126.0,121.0,124.0,123.0,120.0
250.06,201.0,129.0,122.0,126.0,121.0,125.0,123.0,120.0
250.26,201.0,128.0,123.0,127.0,120.0,124.0,123.0,120.0
250.46,200.0,128.0,123.0,126.0,120.0,124.0,123.0,120.0
250.66,198.0,128.0,123.0,126.0,120.0,124.0,123.0,120.0
250.86,194.0,128.0,123.0,126.0,120.0,125.0,123.0,120.0
251.06,192.0,128.0,122.0,126.0,120.0,124.0,123.0,120.0
251.26,190.0,128.0,122.0,126.0,120.0,124.0,123.0,120.0
251.46,189.0,128.0,122.0,126.0,120.0,124.0,123.0,120.0
251.66,188.0,129.0,123.0,126.0,120.0,125.0,123.0,121.0
251.86,192.0,128.0,123.0,126.0,120.0,124.0,123.0,120.0
252.06,194.0,128.0,123.0,126.0,121.0,124.0,123.0,121.0
252.26,199.0,128.0,123.0,126.0,121.0,124.0,123.0,120.0
252.46,201.0,128.0,123.0,126.0,121.0,124.0,123.0,120.0
252.66,202.0,128.0,123.0,126.0,120.0,125.0,123.0,120.0
252.86,204.0,128.0,123.0,126.0,121.0,124.0,123.0,120.0
253.06,204.0,128.0,123.0,126.0,120.0,124.0,123.0,120.0
253.26,205.0,128.0,123.0,126.0,121.0,124.0,123.0,120.0
253.46,203.0,128.0,123.0,126.0,120.0,124.0,123.0,120.0
253.66,202.0,128.0,123.0,127.0,120.0,124.0,123.0,120.0
253.86,203.0,128.0,122.0,126.0,121.0,124.0,123.0,120.0
254.06,203.0,128.0,122.0,126.0,121.0,124.0,123.0,120.0
254.26,203.0,128.0,122.0,126.0,120.0,124.0,123.0,120.0
254.46,202.0,128.0,122.0,126.0,121.0,124.0,123.0,120.0
254.66,202.0,129.0,123.0,126.0,121.0,124.0,123.0,120.0
254.86,202.0,128.0,123.0,126.0,121.0,124.0,123.0,120.0
255.06,202.0,128.0,123.0,126.0,121.0,124.0,123.0,120.0
255.26,201.0,128.0,122.0,126.0,121.0,124.0,123.0,120.0
255.46,199.0,128.0,123.0,126.0,121.0,124.0,123.0,120.0
255.66,197.0,128.0,123.0,127.0,121.0,125.0,123.0,120.0
255.86,194.0,128.0,123.0,126.0,121.0,124.0,123.0,120.0
256.06,192.0,128.0,123.0,126.0,120.0,125.0,123.0,120.0
256.26,190.0,128.0,123.0,126.0,120.0,124.0,123.0,120.0
256.46,187.0,128.0,123.0,126.0,120.0,124.0,123.0,121.0
256.66,191.0,128.0,123.0,126.0,120.0,125.0,123.0,121.0
256.86,193.0,128.0,123.0,126.0,120.0,124.0,123.0,120.0
257.06,197.0,129.0,123.0,126.0,121.0,124.0,123.0,120.0
257.26,200.0,128.0,123.0,126.0,121.0,124.0,123.0,120.0
257.46,202.0,128.0,123.0,126.0,121.0,124.0,123.0,121.0
257.66,205.0,128.0,123.0,126.0,121.0,124.0,123.0,120.0
257.86,204.0,128.0,123.0,126.0,121.0,124.0,123.0,120.0
258.06,204.0,128.0,123.0,126.0,121.0,124.0,123.0,120.0
258.26,204.0,128.0,123.0,126.0,120.0,124.0,123.0,120.0
258.46,204.0,128.0,123.0,127.0,120.0,123.0,123.0,120.0
258.66,203.0,128.0,122.0,126.0,120.0,124.0,123.0,120.0
258.86,204.0,128.0,122.0,126.0,121.0,124.0,123.0,120.0
259.06,203.0,128.0,123.0,126.0,120.0,124.0,123.0,120.0
259.26,202.0,128.0,123.0,126.0,120.0,125.0,123.0,120.0
259.46,202.0,128.0,123.0,126.0,120.0,124.0,123.0,120.0
259.66,203.0,128.0,123.0,126.0,121.0,124.0,123.0,120.0
259.86,201.0,128.0,123.0,126.0,121.0,124.0,123.0,120.0
260.06,202.0,128.0,122.0,126.0,121.0,124.0,123.0,120.0
260.26,200.0,129.0,123.0,126.0,120.0,124.0,123.0,121.0
260.46,197.0,128.0,122.0,126.0,120.0,124.0,123.0,120.0
260.66,195.0,128.0,123.0,126.0,121.0,124.0,123.0,120.0
260.87,192.0,128.0,123.0,127.0,120.0,125.0,123.0,120.0
261.07,191.0,128.0,123.0,127.0,120.0,124.0,123.0,120.0
261.27,188.0,128.0,122.0,126.0,120.0,124.0,123.0,120.0
261.47,188.0,129.0,122.0,126.0,120.0,124.0,123.0,120.0
261.67,191.0,128.0,123.0,126.0,121.0,124.0,123.0,120.0
261.87,195.0,128.0,123.0,126.0,121.0,125.0,123.0,120.0
262.07,198.0,128.0,123.0,126.0,121.0,124.0,123.0,120.0
262.27,201.0,128.0,122.0,126.0,121.0,125.0,123.0,120.0
262.47,202.0,128.0,123.0,126.0,121.0,124.0,123.0,120.0
262.67,202.0,129.0,123.0,126.0,120.0,124.0,123.0,120.0
262.87,203.0,128.0,122.0,126.0,120.0,124.0,123.0,120.0
263.07,203.0,128.0,123.0,126.0,121.0,124.0,123.0,120.0
263.27,204.0,128.0,122.0,126.0,120.0,124.0,123.0,120.0
263.47,204.0,128.0,123.0,126.0,121.0,124.0,123.0,120.0
263.67,203.0,128.0,123.0,126.0,121.0,124.0,123.0,120.0
263.87,203.0,128.0,123.0,126.0,120.0,124.0,123.0,120.0
264.07,204.0,128.0,123.0,126.0,121.0,124.0,123.0,120.0
264.27,203.0,128.0,123.0,127.0,121.0,124.0,123.0,120.0
264.47,202.0,128.0,123.0,127.0,121.0,124.0,123.0,120.0
264.67,201.0,128.0,123.0,126.0,120.0,124.0,123.0,121.0
264.87,201.0,128.0,123.0,127.0,121.0,124.0,123.0,120.0
265.07,200.0,128.0,123.0,126.0,121.0,124.0,123.0,120.0
265.27,200.0,128.0,123.0,127.0,121.0,124.0,122.0,121.0
265.47,197.0,129.0,123.0,126.0,121.0,124.0,123.0,120.0
265.67,194.0,128.0,122.0,126.0,120.0,124.0,123.0,120.0
265.87,192.0,128.0,123.0,127.0,121.0,124.0,123.0,120.0
266.07,191.0,128.0,123.0,126.0,120.0,124.0,123.0,120.0
266.27,188.0,128.0,122.0,127.0,121.0,124.0,123.0,120.0
266.47,190.0,128.0,123.0,127.0,121.0,124.0,123.0,120.0
266.67,194.0,128.0,122.0,126.0,121.0,124.0,123.0,120.0
266.87,197.0,128.0,123.0,127.0,121.0,125.0,123.0,120.0
267.07,198.0,128.0,122.0,127.0,120.0,124.0,123.0,120.0
267.27,203.0,128.0,123.0,126.0,121.0,124.0,123.0,120.0
267.47,202.0,128.0,123.0,126.0,121.0,124.0,123.0,120.0
267.67,204.0,128.0,123.0,126.0,120.0,124.0,123.0,120.0
267.87,205.0,128.0,123.0,126.0,120.0,124.0,123.0,120.0
268.07,203.0,128.0,123.0,126.0,121.0,124.0,123.0,120.0
268.27,202.0,128.0,123.0,126.0,121.0,124.0,123.0,120.0
268.47,203.0,128.0,123.0,126.0,120.0,124.0,123.0,120.0
268.67,203.0,128.0,123.0,127.0,121.0,124.0,122.0,120.0
268.87,203.0,129.0,123.0,126.0,120.0,124.0,123.0,120.0
269.07,203.0,128.0,122.0,127.0,121.0,124.0,123.0,120.0
269.27,202.0,128.0,123.0,126.0,121.0,124.0,124.0,121.0
269.47,201.0,128.0,123.0,126.0,121.0,124.0,123.0,120.0
269.67,202.0,128.0,123.0,126.0,121.0,124.0,124.0,120.0
269.87,201.0,128.0,122.0,126.0,121.0,124.0,123.0,120.0
270.07,201.0,128.0,122.0,126.0,121.0,124.0,123.0,120.0
270.27,198.0,128.0,122.0,126.0,120.0,124.0,123.0,120.0
270.47,195.0,128.0,123.0,126.0,120.0,124.0,123.0,120.0
270.67,193.0,128.0,123.0,126.0,121.0,124.0,123.0,120.0
270.87,191.0,128.0,122.0,126.0,120.0,124.0,123.0,120.0
271.07,189.0,128.0,123.0,126.0,120.0,124.0,123.0,120.0
271.27,188.0,128.0,123.0,126.0,120.0,124.0,123.0,120.0
271.47,191.0,128.0,123.0,126.0,121.0,124.0,123.0,120.0
271.67,195.0,128.0,123.0,126.0,121.0,124.0,124.0,120.0
271.87,198.0,128.0,123.0,126.0,120.0,124.0,123.0,120.0
272.07,202.0,129.0,122.0,126.0,121.0,124.0,123.0,120.0
272.27,204.0,128.0,123.0,126.0,121.0,124.0,123.0,121.0
272.47,205.0,129.0,123.0,126.0,121.0,125.0,123.0,120.0
272.67,205.0,129.0,123.0,126.0,121.0,124.0,123.0,120.0
272.87,204.0,129.0,123.0,126.0,120.0,124.0,123.0,120.0
273.07,204.0,128.0,123.0,126.0,120.0,124.0,123.0,120.0
273.27,203.0,128.0,123.0,126.0,121.0,124.0,123.0,120.0
273.47,204.0,128.0,122.0,126.0,121.0,124.0,123.0,120.0
273.67,203.0,129.0,123.0,126.0,121.0,125.0,123.0,120.0
273.87,203.0,128.0,123.0,126.0,120.0,124.0,123.0,120.0
274.07,202.0,128.0,123.0,126.0,121.0,124.0,123.0,120.0
274.27,201.0,128.0,123.0,126.0,121.0,124.0,123.0,120.0
274.47,202.0,128.0,123.0,126.0,121.0,124.0,123.0,120.0
274.67,201.0,128.0,123.0,126.0,121.0,124.0,123.0,120.0
274.87,200.0,128.0,123.0,126.0,121.0,124.0,122.0,120.0
275.07,198.0,128.0,123.0,126.0,121.0,125.0,123.0,120.0
275.27,196.0,128.0,123.0,126.0,120.0,124.0,123.0,121.0
275.47,193.0,128.0,123.0,126.0,121.0,124.0,123.0,121.0
275.67,192.0,128.0,123.0,126.0,121.0,124.0,123.0,121.0
275.87,189.0,128.0,123.0,126.0,121.0,124.0,123.0,120.0
276.07,188.0,128.0,123.0,126.0,120.0,124.0,123.0,120.0
276.27,190.0,128.0,122.0,126.0,120.0,124.0,123.0,120.0
276.47,193.0,128.0,122.0,126.0,121.0,124.0,123.0,121.0
276.67,196.0,129.0,123.0,126.0,120.0,124.0,123.0,121.0
276.87,198.0,128.0,122.0,126.0,121.0,124.0,123.0,120.0
277.07,201.0,128.0,122.0,127.0,121.0,124.0,124.0,120.0
277.27,205.0,128.0,123.0,126.0,121.0,124.0,123.0,120.0
277.47,205.0,128.0,123.0,126.0,121.0,125.0,123.0,120.0
277.67,204.0,128.0,122.0,127.0,121.0,124.0,123.0,120.0
277.87,204.0,128.0,123.0,126.0,121.0,124.0,123.0,120.0
278.07,204.0,128.0,123.0,126.0,120.0,124.0,123.0,120.0
278.27,204.0,129.0,123.0,126.0,120.0,124.0,123.0,120.0
278.47,202.0,128.0,123.0,126.0,120.0,124.0,123.0,120.0
278.67,202.0,128.0,123.0,126.0,120.0,124.0,123.0,120.0
278.87,202.0,128.0,123.0,126.0,120.0,124.0,123.0,121.0
279.07,203.0,128.0,123.0,126.0,121.0,124.0,123.0,120.0
279.27,201.0,128.0,122.0,126.0,120.0,124.0,123.0,120.0
279.47,201.0,128.0,123.0,126.0,120.0,124.0,123.0,120.0
279.67,201.0,128.0,123.0,126.0,121.0,125.0,123.0,120.0
279.87,200.0,128.0,123.0,126.0,121.0,124.0,123.0,120.0
280.07,197.0,128.0,122.0,126.0,121.0,124.0,123.0,121.0
280.27,196.0,128.0,122.0,126.0,121.0,124.0,123.0,120.0
280.47,193.0,129.0,122.0,126.0,121.0,124.0,123.0,120.0
280.67,191.0,128.0,123.0,127.0,121.0,124.0,123.0,120.0
280.87,190.0,128.0,122.0,126.0,120.0,124.0,123.0,120.0
281.07,188.0,128.0,123.0,126.0,120.0,124.0,123.0,120.0
281.27,191.0,128.0,123.0,126.0,121.0,124.0,123.0,120.0
281.47,194.0,128.0,123.0,126.0,120.0,124.0,123.0,120.0
281.67,197.0,128.0,123.0,126.0,121.0,124.0,123.0,120.0
281.87,200.0,128.0,123.0,126.0,121.0,125.0,123.0,120.0
282.07,201.0,128.0,123.0,126.0,120.0,124.0,123.0,120.0
282.27,205.0,128.0,122.0,126.0,121.0,124.0,123.0,120.0
282.47,204.0,128.0,123.0,126.0,120.0,124.0,123.0,120.0
282.67,202.0,128.0,122.0,126.0,121.0,124.0,123.0,120.0
282.87,203.0,128.0,123.0,127.0,121.0,124.0,123.0,120.0
283.07,202.0,128.0,122.0,126.0,121.0,124.0,123.0,120.0
283.27,204.0,128.0,123.0,126.0,121.0,124.0,123.0,121.0
283.47,203.0,128.0,123.0,126.0,120.0,125.0,123.0,121.0
283.67,203.0,128.0,122.0,127.0,120.0,124.0,123.0,120.0
283.87,202.0,128.0,123.0,126.0,121.0,124.0,123.0,120.0
284.07,201.0,128.0,122.0,126.0,121.0,124.0,123.0,120.0
284.27,202.0,129.0,123.0,126.0,121.0,124.0,123.0,120.0
284.47,202.0,128.0,123.0,126.0,121.0,124.0,123.0,120.0
284.67,201.0,128.0,122.0,126.0,120.0,124.0,124.0,120.0
284.87,200.0,128.0,123.0,126.0,121.0,124.0,123.0,120.0
285.07,197.0,128.0,123.0,127.0,121.0,124.0,123.0,120.0
285.27,194.0,128.0,123.0,127.0,120.0,124.0,123.0,120.0
285.47,191.0,128.0,123.0,126.0,120.0,124.0,123.0,120.0
285.67,190.0,128.0,123.0,126.0,121.0,124.0,123.0,120.0
285.87,188.0,128.0,123.0,126.0,121.0,124.0,123.0,120.0
286.07,190.0,128.0,123.0,127.0,120.0,125.0,123.0,120.0
286.27,193.0,128.0,123.0,126.0,120.0,124.0,123.0,120.0
286.47,195.0,128.0,123.0,127.0,121.0,124.0,123.0,120.0
286.67,198.0,129.0,122.0,126.0,120.0,124.0,123.0,120.0
286.88,202.0,129.0,123.0,126.0,121.0,124.0,123.0,120.0
287.08,201.0,128.0,123.0,126.0,121.0,124.0,124.0,120.0
287.28,204.0,128.0,123.0,126.0,121.0,124.0,123.0,120.0
287.48,203.0,128.0,123.0,127.0,121.0,124.0,123.0,120.0
287.68,204.0,128.0,122.0,127.0,120.0,124.0,123.0,120.0
287.88,204.0,128.0,123.0,126.0,121.0,124.0,123.0,120.0
288.08,202.0,128.0,123.0,126.0,121.0,124.0,123.0,120.0
288.28,201.0,128.0,123.0,126.0,121.0,124.0,123.0,120.0
288.48,201.0,128.0,123.0,127.0,121.0,124.0,123.0,121.0
288.68,200.0,128.0,123.0,127.0,120.0,124.0,123.0,120.0
288.88,200.0,129.0,123.0,126.0,120.0,124.0,123.0,120.0
289.08,197.0,128.0,123.0,126.0,120.0,124.0,123.0,120.0
289.28,194.0,128.0,122.0,126.0,120.0,124.0,123.0,121.0
289.48,191.0,128.0,122.0,126.0,120.0,124.0,123.0,120.0
289.68,188.0,128.0,122.0,126.0,120.0,125.0,123.0,120.0
289.88,190.0,129.0,122.0,126.0,121.0,124.0,123.0,120.0
290.08,193.0,129.0,123.0,126.0,120.0,124.0,123.0,120.0
290.28,198.0,129.0,122.0,126.0,120.0,124.0,123.0,120.0
290.48,202.0,129.0,123.0,126.0,120.0,124.0,123.0,120.0
290.68,204.0,128.0,123.0,126.0,120.0,124.0,123.0,121.0
290.88,202.0,128.0,123.0,126.0,120.0,124.0,123.0,120.0
291.08,203.0,128.0,123.0,126.0,121.0,124.0,123.0,120.0
291.28,203.0,128.0,123.0,126.0,120.0,124.0,123.0,120.0
291.48,203.0,129.0,123.0,126.0,120.0,125.0,123.0,120.0
291.68,203.0,128.0,123.0,126.0,121.0,124.0,123.0,120.0
291.88,201.0,128.0,123.0,126.0,120.0,124.0,123.0,120.0
292.08,202.0,128.0,122.0,126.0,120.0,124.0,122.0,120.0
292.28,201.0,128.0,123.0,126.0,121.0,124.0,123.0,120.0
292.48,200.0,128.0,123.0,126.0,121.0,124.0,123.0,120.0
292.68,195.0,128.0,123.0,126.0,121.0,124.0,123.0,120.0
292.88,192.0,128.0,123.0,126.0,121.0,124.0,123.0,120.0
293.08,188.0,128.0,123.0,126.0,121.0,125.0,123.0,120.0
293.28,195.0,128.0,123.0,127.0,121.0,124.0,123.0,120.0
293.48,199.0,128.0,123.0,126.0,120.0,124.0,123.0,121.0
293.68,203.0,128.0,123.0,126.0,120.0,124.0,123.0,120.0
293.88,204.0,128.0,122.0,126.0,121.0,124.0,123.0,121.0
294.08,203.0,128.0,123.0,126.0,120.0,124.0,123.0,120.0
294.28,203.0,128.0,122.0,126.0,120.0,124.0,123.0,120.0
294.48,203.0,128.0,122.0,126.0,121.0,124.0,123.0,120.0
294.68,202.0,128.0,123.0,126.0,120.0,124.0,123.0,120.0
294.88,200.0,128.0,123.0,127.0,120.0,124.0,123.0,120.0
295.08,201.0,128.0,123.0,127.0,121.0,124.0,123.0,120.0
295.28,196.0,128.0,123.0,126.0,121.0,125.0,123.0,120.0
295.48,193.0,128.0,123.0,126.0,121.0,124.0,123.0,120.0
295.68,189.0,128.0,122.0,126.0,121.0,124.0,123.0,120.0
295.88,193.0,128.0,122.0,126.0,121.0,124.0,123.0,120.0
296.08,197.0,128.0,123.0,126.0,121.0,124.0,123.0,120.0
296.28,204.0,128.0,123.0,126.0,120.0,124.0,123.0,120.0
296.48,204.0,128.0,123.0,126.0,121.0,124.0,122.0,120.0
296.68,203.0,128.0,123.0,126.0,121.0,124.0,123.0,120.0
296.88,204.0,128.0,123.0,126.0,121.0,124.0,123.0,120.0
297.08,202.0,128.0,123.0,126.0,121.0,124.0,123.0,120.0
297.28,202.0,128.0,123.0,126.0,120.0,124.0,123.0,120.0
297.48,202.0,128.0,122.0,126.0,120.0,124.0,123.0,120.0
297.68,201.0,128.0,123.0,126.0,121.0,124.0,123.0,120.0
297.88,197.0,128.0,123.0,127.0,120.0,124.0,123.0,120.0
298.08,192.0,128.0,123.0,126.0,121.0,124.0,123.0,121.0
298.28,188.0,128.0,123.0,126.0,120.0,124.0,123.0,120.0
298.48,190.0,128.0,123.0,126.0,120.0,124.0,123.0,120.0
298.68,198.0,128.0,123.0,126.0,121.0,124.0,123.0,120.0
298.88,204.0,128.0,123.0,126.0,121.0,124.0,123.0,120.0
299.08,201.0,129.0,123.0,126.0,120.0,124.0,123.0,120.0
299.28,202.0,128.0,123.0,126.0,121.0,124.0,123.0,120.0
299.48,204.0,128.0,122.0,126.0,121.0,124.0,123.0,120.0
299.68,202.0,128.0,123.0,126.0,121.0,124.0,123.0,120.0
299.88,201.0,128.0,122.0,126.0,121.0,124.0,123.0,120.0
300.08,200.0,128.0,123.0,126.0,120.0,124.0,123.0,120.0
300.28,201.0,128.0,122.0,126.0,121.0,124.0,123.0,120.0
300.48,197.0,128.0,123.0,127.0,120.0,125.0,123.0,120.0
300.68,193.0,128.0,123.0,126.0,121.0,124.0,123.0,120.0
300.88,190.0,128.0,123.0,126.0,121.0,124.0,123.0,120.0
301.08,192.0,128.0,123.0,126.0,120.0,125.0,123.0,120.0
301.28,197.0,128.0,123.0,126.0,120.0,125.0,123.0,120.0
301.48,205.0,128.0,123.0,127.0,120.0,124.0,123.0,121.0
301.68,202.0,128.0,123.0,127.0,121.0,124.0,123.0,121.0
301.88,202.0,128.0,123.0,126.0,121.0,124.0,123.0,120.0
302.08,203.0,128.0,123.0,126.0,120.0,124.0,123.0,121.0
302.28,202.0,128.0,122.0,126.0,121.0,125.0,123.0,120.0
302.48,203.0,129.0,123.0,126.0,120.0,124.0,123.0,120.0
302.68,202.0,128.0,123.0,126.0,120.0,124.0,123.0,120.0
302.88,201.0,128.0,123.0,126.0,120.0,124.0,123.0,121.0
303.08,197.0,128.0,123.0,126.0,120.0,124.0,123.0,120.0
303.28,193.0,128.0,123.0,126.0,121.0,124.0,123.0,120.0
303.48,189.0,128.0,123.0,126.0,120.0,124.0,123.0,120.0
303.68,190.0,128.0,123.0,126.0,121.0,124.0,123.0,121.0
303.88,197.0,128.0,123.0,126.0,121.0,124.0,123.0,120.0
304.08,202.0,129.0,123.0,126.0,121.0,124.0,123.0,120.0
304.28,203.0,128.0,123.0,126.0,121.0,124.0,123.0,120.0
304.48,206.0,128.0,122.0,126.0,120.0,124.0,123.0,120.0
304.68,203.0,128.0,122.0,126.0,120.0,124.0,124.0,120.0
304.88,202.0,128.0,123.0,126.0,120.0,124.0,123.0,120.0
305.08,202.0,128.0,122.0,126.0,121.0,124.0,123.0,120.0
305.28,201.0,128.0,123.0,127.0,120.0,124.0,123.0,120.0
305.48,201.0,128.0,123.0,126.0,120.0,123.0,123.0,121.0
305.68,198.0,128.0,123.0,126.0,120.0,124.0,123.0,121.0
305.88,194.0,128.0,123.0,126.0,120.0,124.0,123.0,120.0
306.08,190.0,128.0,123.0,126.0,121.0,124.0,124.0,120.0
306.28,191.0,128.0,123.0,126.0,121.0,124.0,123.0,120.0
306.48,194.0,128.0,123.0,126.0,121.0,124.0,123.0,120.0
306.68,201.0,128.0,123.0,127.0,121.0,124.0,123.0,120.0
306.88,203.0,129.0,122.0,127.0,120.0,124.0,123.0,120.0
307.08,202.0,128.0,123.0,126.0,121.0,125.0,123.0,120.0
307.28,203.0,128.0,123.0,126.0,121.0,124.0,123.0,120.0
307.48,201.0,128.0,123.0,126.0,121.0,124.0,123.0,120.0
307.68,202.0,128.0,123.0,126.0,121.0,124.0,123.0,120.0
307.88,202.0,128.0,122.0,126.0,121.0,124.0,123.0,120.0
308.08,201.0,128.0,123.0,126.0,120.0,125.0,123.0,120.0
308.28,199.0,128.0,123.0,126.0,121.0,124.0,123.0,121.0
308.48,194.0,128.0,122.0,126.0,121.0,124.0,123.0,120.0
308.68,190.0,128.0,122.0,127.0,120.0,125.0,123.0,120.0
308.88,189.0,129.0,122.0,127.0,121.0,124.0,123.0,120.0
309.08,195.0,128.0,122.0,127.0,120.0,124.0,123.0,121.0
309.28,201.0,128.0,122.0,126.0,120.0,125.0,123.0,120.0
309.48,203.0,128.0,123.0,126.0,120.0,124.0,123.0,120.0
309.68,203.0,128.0,123.0,126.0,120.0,124.0,123.0,120.0
309.88,204.0,128.0,123.0,126.0,120.0,124.0,123.0,120.0
310.08,203.0,128.0,123.0,126.0,120.0,124.0,123.0,120.0
310.28,202.0,128.0,123.0,126.0,121.0,124.0,123.0,120.0
310.48,201.0,128.0,123.0,126.0,121.0,124.0,123.0,120.0
310.68,201.0,128.0,123.0,126.0,120.0,124.0,123.0,120.0
310.88,200.0,128.0,122.0,126.0,121.0,124.0,123.0,120.0
311.08,195.0,128.0,122.0,127.0,121.0,124.0,123.0,120.0
311.28,191.0,128.0,123.0,126.0,121.0,124.0,123.0,120.0
311.48,187.0,128.0,123.0,126.0,121.0,124.0,123.0,120.0
311.68,194.0,128.0,122.0,126.0,121.0,124.0,123.0,120.0
311.88,201.0,128.0,122.0,126.0,121.0,124.0,122.0,120.0
312.08,204.0,128.0,123.0,127.0,121.0,124.0,123.0,120.0
312.28,205.0,128.0,123.0,126.0,121.0,124.0,123.0,120.0
312.48,204.0,128.0,123.0,126.0,120.0,124.0,123.0,120.0
312.68,203.0,128.0,123.0,126.0,121.0,124.0,123.0,120.0
312.88,203.0,128.0,123.0,126.0,121.0,124.0,123.0,120.0
313.08,202.0,128.0,123.0,126.0,120.0,124.0,122.0,120.0
313.28,201.0,128.0,123.0,126.0,121.0,124.0,123.0,120.0
313.49,200.0,128.0,123.0,126.0,121.0,124.0,123.0,120.0
313.69,196.0,128.0,123.0,126.0,121.0,124.0,123.0,120.0
313.89,191.0,128.0,123.0,127.0,121.0,124.0,123.0,120.0
314.09,188.0,128.0,123.0,126.0,120.0,124.0,123.0,120.0
314.29,195.0,128.0,122.0,126.0,121.0,124.0,123.0,120.0
314.49,199.0,128.0,123.0,126.0,120.0,124.0,123.0,120.0
314.69,203.0,128.0,122.0,126.0,120.0,124.0,123.0,120.0
314.89,203.0,128.0,123.0,126.0,121.0,124.0,123.0,120.0
315.09,203.0,128.0,123.0,126.0,121.0,124.0,123.0,120.0
315.29,202.0,128.0,123.0,126.0,121.0,124.0,123.0,120.0
315.49,204.0,128.0,123.0,126.0,121.0,124.0,123.0,120.0
315.69,202.0,128.0,123.0,126.0,120.0,124.0,123.0,120.0
315.89,202.0,128.0,123.0,126.0,120.0,124.0,123.0,120.0
316.09,201.0,128.0,123.0,126.0,121.0,124.0,123.0,120.0
316.29,197.0,128.0,122.0,126.0,121.0,124.0,123.0,120.0
316.49,192.0,128.0,123.0,126.0,121.0,124.0,123.0,121.0
316.69,188.0,128.0,123.0,126.0,121.0,124.0,123.0,121.0
316.89,194.0,128.0,123.0,126.0,121.0,124.0,123.0,121.0
317.09,200.0,128.0,123.0,126.0,121.0,124.0,123.0,120.0
317.29,203.0,128.0,123.0,126.0,121.0,124.0,123.0,120.0
317.49,203.0,128.0,123.0,127.0,121.0,124.0,123.0,120.0
317.69,203.0,128.0,123.0,126.0,121.0,124.0,123.0,120.0
317.89,203.0,128.0,123.0,126.0,120.0,124.0,122.0,120.0
318.09,203.0,128.0,123.0,126.0,120.0,124.0,123.0,121.0
318.29,202.0,128.0,122.0,126.0,120.0,124.0,123.0,120.0
318.49,201.0,128.0,123.0,126.0,121.0,124.0,123.0,120.0
318.69,200.0,128.0,123.0,126.0,121.0,124.0,123.0,120.0
318.89,197.0,128.0,123.0,126.0,121.0,124.0,123.0,121.0
319.09,193.0,128.0,123.0,126.0,120.0,124.0,123.0,120.0
319.29,190.0,128.0,123.0,126.0,120.0,124.0,123.0,120.0
319.49,192.0,128.0,123.0,126.0,121.0,124.0,123.0,120.0
319.69,197.0,128.0,123.0,126.0,121.0,124.0,123.0,120.0
319.89,202.0,128.0,123.0,126.0,121.0,124.0,123.0,120.0
320.09,205.0,128.0,123.0,126.0,121.0,124.0,123.0,120.0
320.29,204.0,127.0,123.0,126.0,120.0,124.0,122.0,120.0
320.49,202.0,128.0,123.0,126.0,121.0,124.0,123.0,120.0
320.69,202.0,128.0,122.0,126.0,120.0,124.0,123.0,120.0
320.89,202.0,128.0,123.0,127.0,121.0,124.0,123.0,120.0
321.09,202.0,128.0,123.0,127.0,121.0,124.0,123.0,120.0
321.29,202.0,128.0,123.0,126.0,121.0,124.0,123.0,120.0
321.49,197.0,128.0,123.0,126.0,121.0,124.0,123.0,120.0
321.69,193.0,128.0,123.0,126.0,121.0,124.0,124.0,120.0
321.89,189.0,128.0,123.0,126.0,121.0,124.0,123.0,121.0
322.09,190.0,128.0,123.0,126.0,121.0,124.0,122.0,120.0
322.29,198.0,128.0,122.0,126.0,120.0,124.0,123.0,120.0
322.49,202.0,128.0,123.0,126.0,120.0,124.0,123.0,121.0
322.69,204.0,128.0,123.0,126.0,120.0,124.0,123.0,120.0
322.89,203.0,128.0,123.0,126.0,120.0,124.0,123.0,120.0
323.09,202.0,128.0,123.0,126.0,121.0,124.0,123.0,120.0
323.29,204.0,128.0,123.0,126.0,120.0,124.0,123.0,120.0
323.49,203.0,128.0,122.0,126.0,121.0,124.0,123.0,120.0
323.69,201.0,128.0,123.0,126.0,120.0,124.0,123.0,120.0
323.89,200.0,128.0,123.0,127.0,121.0,124.0,123.0,120.0
324.09,198.0,128.0,122.0,126.0,121.0,124.0,123.0,120.0
324.29,194.0,128.0,123.0,126.0,120.0,124.0,123.0,120.0
324.49,190.0,128.0,123.0,126.0,120.0,124.0,123.0,120.0
324.69,188.0,128.0,123.0,126.0,120.0,124.0,123.0,120.0
324.89,194.0,128.0,123.0,126.0,121.0,124.0,123.0,120.0
325.09,199.0,128.0,123.0,126.0,120.0,124.0,123.0,120.0
325.29,202.0,128.0,123.0,127.0,121.0,124.0,123.0,120.0
325.49,202.0,128.0,123.0,126.0,121.0,124.0,123.0,120.0
325.69,204.0,128.0,123.0,126.0,121.0,124.0,123.0,120.0
325.89,202.0,128.0,123.0,126.0,120.0,124.0,123.0,120.0
326.09,202.0,128.0,123.0,126.0,121.0,124.0,123.0,120.0
326.29,201.0,129.0,123.0,126.0,121.0,124.0,123.0,121.0
326.49,201.0,128.0,123.0,126.0,121.0,124.0,123.0,121.0
326.69,198.0,128.0,123.0,126.0,121.0,124.0,123.0,120.0
326.89,194.0,128.0,123.0,127.0,121.0,124.0,123.0,120.0
327.09,191.0,128.0,123.0,126.0,120.0,124.0,123.0,120.0
327.29,188.0,129.0,123.0,126.0,120.0,124.0,123.0,120.0
327.49,192.0,129.0,123.0,126.0,121.0,124.0,123.0,120.0
327.69,201.0,129.0,123.0,126.0,120.0,124.0,123.0,120.0
327.89,204.0,128.0,123.0,126.0,120.0,124.0,123.0,120.0
328.09,203.0,128.0,123.0,126.0,121.0,125.0,123.0,120.0
328.29,203.0,128.0,123.0,126.0,121.0,124.0,123.0,120.0
328.49,203.0,128.0,122.0,126.0,121.0,124.0,123.0,120.0
328.69,202.0,128.0,123.0,126.0,120.0,124.0,123.0,120.0
328.89,201.0,128.0,123.0,126.0,120.0,124.0,123.0,120.0
329.09,200.0,128.0,123.0,126.0,120.0,124.0,124.0,120.0
329.29,200.0,128.0,123.0,127.0,120.0,124.0,123.0,120.0
329.49,196.0,128.0,123.0,126.0,120.0,124.0,123.0,120.0
329.69,191.0,128.0,123.0,126.0,121.0,124.0,123.0,121.0
329.89,188.0,128.0,123.0,126.0,120.0,124.0,123.0,120.0
330.09,194.0,128.0,123.0,126.0,121.0,124.0,123.0,121.0
330.29,201.0,128.0,123.0,126.0,121.0,124.0,122.0,120.0
330.49,204.0,128.0,122.0,126.0,121.0,125.0,124.0,120.0
330.69,204.0,128.0,122.0,126.0,120.0,124.0,124.0,120.0
330.89,203.0,128.0,123.0,126.0,121.0,124.0,123.0,121.0
331.09,202.0,128.0,123.0,126.0,121.0,124.0,123.0,120.0
331.29,203.0,128.0,122.0,126.0,120.0,124.0,123.0,120.0
331.49,201.0,128.0,122.0,126.0,120.0,124.0,123.0,120.0
331.69,202.0,128.0,123.0,126.0,120.0,124.0,123.0,120.0
331.89,200.0,128.0,123.0,126.0,120.0,124.0,123.0,120.0
332.09,196.0,128.0,123.0,126.0,121.0,124.0,123.0,120.0
332.29,191.0,128.0,123.0,126.0,120.0,124.0,123.0,120.0
332.49,188.0,128.0,123.0,126.0,120.0,124.0,123.0,120.0
332.69,190.0,128.0,123.0,126.0,120.0,124.0,123.0,120.0
332.89,197.0,128.0,123.0,126.0,121.0,124.0,123.0,120.0
333.09,202.0,128.0,123.0,126.0,121.0,124.0,123.0,120.0
333.29,202.0,128.0,123.0,126.0,121.0,124.0,123.0,120.0
333.49,203.0,128.0,123.0,126.0,120.0,124.0,123.0,120.0
333.69,202.0,128.0,123.0,126.0,121.0,124.0,123.0,120.0
333.89,202.0,128.0,123.0,126.0,121.0,124.0,123.0,120.0
334.09,203.0,128.0,123.0,126.0,121.0,124.0,123.0,120.0
334.29,201.0,129.0,122.0,126.0,121.0,124.0,123.0,120.0
334.49,202.0,128.0,123.0,127.0,121.0,124.0,123.0,120.0
334.69,197.0,128.0,122.0,126.0,121.0,124.0,123.0,120.0
334.89,193.0,128.0,123.0,126.0,120.0,124.0,123.0,120.0
335.09,189.0,128.0,123.0,126.0,120.0,124.0,123.0,120.0
335.29,192.0,128.0,123.0,126.0,121.0,124.0,123.0,120.0
335.49,197.0,128.0,123.0,126.0,120.0,124.0,123.0,121.0
335.69,205.0,128.0,123.0,126.0,121.0,124.0,123.0,120.0
335.89,204.0,128.0,123.0,127.0,121.0,124.0,123.0,120.0
336.09,204.0,128.0,123.0,126.0,121.0,124.0,123.0,120.0
336.29,203.0,128.0,123.0,126.0,120.0,124.0,123.0,121.0
336.49,203.0,128.0,123.0,126.0,121.0,124.0,123.0,120.0
336.69,201.0,128.0,123.0,127.0,121.0,124.0,123.0,120.0
336.89,201.0,128.0,123.0,126.0,121.0,124.0,123.0,120.0
337.09,200.0,128.0,122.0,126.0,121.0,124.0,123.0,120.0
337.29,198.0,128.0,123.0,126.0,121.0,124.0,123.0,120.0
337.49,194.0,128.0,123.0,126.0,121.0,124.0,123.0,120.0
337.69,190.0,128.0,123.0,126.0,121.0,124.0,123.0,120.0
337.89,190.0,128.0,123.0,126.0,120.0,124.0,123.0,120.0
338.09,198.0,128.0,123.0,126.0,121.0,124.0,123.0,120.0
338.29,202.0,128.0,122.0,126.0,121.0,124.0,123.0,120.0
338.49,204.0,128.0,123.0,126.0,120.0,124.0,123.0,120.0
338.69,203.0,128.0,123.0,126.0,120.0,124.0,123.0,120.0
338.89,203.0,128.0,123.0,126.0,121.0,124.0,123.0,120.0
339.09,203.0,128.0,123.0,126.0,121.0,124.0,123.0,120.0
339.29,202.0,128.0,123.0,126.0,121.0,124.0,123.0,120.0
339.49,202.0,128.0,122.0,127.0,120.0,124.0,123.0,121.0
339.70,201.0,128.0,123.0,126.0,121.0,124.0,123.0,120.0
339.90,199.0,128.0,123.0,126.0,120.0,124.0,123.0,121.0
340.10,194.0,128.0,123.0,127.0,121.0,124.0,123.0,120.0
340.30,190.0,129.0,123.0,126.0,121.0,124.0,122.0,120.0
340.50,189.0,128.0,123.0,126.0,121.0,124.0,122.0,120.0
340.70,193.0,128.0,123.0,126.0,120.0,124.0,123.0,120.0
340.90,201.0,128.0,123.0,126.0,121.0,124.0,123.0,120.0
341.10,205.0,128.0,123.0,126.0,121.0,124.0,123.0,120.0
341.30,205.0,128.0,123.0,126.0,121.0,124.0,123.0,120.0
341.50,203.0,128.0,123.0,126.0,121.0,124.0,123.0,120.0
341.70,202.0,128.0,123.0,126.0,121.0,124.0,123.0,120.0
341.90,203.0,128.0,123.0,126.0,120.0,124.0,123.0,120.0
342.10,202.0,128.0,123.0,126.0,120.0,124.0,123.0,120.0
342.30,202.0,128.0,123.0,126.0,120.0,124.0,123.0,120.0
342.50,199.0,128.0,123.0,127.0,121.0,124.0,123.0,120.0
342.70,195.0,128.0,123.0,127.0,121.0,124.0,123.0,121.0
342.90,191.0,128.0,123.0,126.0,121.0,125.0,123.0,121.0
343.10,189.0,128.0,122.0,127.0,121.0,124.0,123.0,120.0
343.30,195.0,128.0,123.0,126.0,121.0,124.0,123.0,120.0
343.50,200.0,128.0,123.0,126.0,121.0,124.0,123.0,120.0
343.70,202.0,128.0,123.0,126.0,121.0,125.0,123.0,120.0
343.90,203.0,128.0,123.0,126.0,120.0,125.0,123.0,120.0
344.10,203.0,128.0,122.0,126.0,121.0,124.0,123.0,120.0
344.30,202.0,128.0,123.0,126.0,121.0,124.0,123.0,120.0
344.50,202.0,128.0,123.0,126.0,121.0,124.0,123.0,120.0
344.70,202.0,128.0,123.0,126.0,120.0,124.0,123.0,120.0
344.90,202.0,128.0,123.0,127.0,121.0,124.0,123.0,120.0
345.10,200.0,128.0,123.0,127.0,120.0,124.0,123.0,120.0
345.30,195.0,128.0,123.0,126.0,121.0,124.0,123.0,120.0
345.50,190.0,128.0,123.0,126.0,120.0,124.0,123.0,121.0
345.70,188.0,128.0,123.0,126.0,121.0,124.0,124.0,120.0
345.90,196.0,128.0,123.0,126.0,120.0,124.0,123.0,120.0
346.10,199.0,128.0,123.0,126.0,121.0,124.0,122.0,121.0
346.30,204.0,128.0,123.0,126.0,121.0,124.0,123.0,121.0
346.50,203.0,128.0,123.0,126.0,121.0,124.0,123.0,120.0
346.70,203.0,128.0,123.0,126.0,120.0,124.0,123.0,121.0
346.90,203.0,128.0,122.0,126.0,121.0,124.0,123.0,120.0
347.10,203.0,128.0,123.0,126.0,120.0,124.0,123.0,120.0
347.30,203.0,128.0,123.0,126.0,120.0,124.0,123.0,120.0
347.50,201.0,128.0,123.0,126.0,120.0,124.0,123.0,120.0
347.70,200.0,128.0,123.0,126.0,121.0,124.0,123.0,120.0
347.90,196.0,128.0,123.0,126.0,121.0,125.0,123.0,120.0
348.10,191.0,128.0,123.0,126.0,120.0,124.0,123.0,120.0
348.30,188.0,128.0,122.0,126.0,120.0,124.0,123.0,120.0
348.50,192.0,128.0,123.0,126.0,120.0,124.0,123.0,120.0
348.70,197.0,128.0,123.0,127.0,120.0,125.0,123.0,120.0
348.90,205.0,128.0,122.0,126.0,120.0,124.0,123.0,120.0
349.10,203.0,128.0,123.0,126.0,121.0,124.0,123.0,120.0
349.30,203.0,128.0,122.0,126.0,121.0,124.0,123.0,120.0
349.50,204.0,128.0,123.0,126.0,121.0,124.0,123.0,120.0
349.70,204.0,128.0,123.0,126.0,121.0,124.0,123.0,120.0
349.90,202.0,128.0,123.0,126.0,121.0,124.0,123.0,120.0
350.10,202.0,128.0,123.0,126.0,121.0,124.0,123.0,121.0
350.30,201.0,128.0,123.0,126.0,120.0,124.0,123.0,121.0
350.50,197.0,128.0,122.0,126.0,121.0,124.0,123.0,121.0
350.70,192.0,128.0,123.0,126.0,120.0,124.0,123.0,121.0
350.90,189.0,128.0,122.0,126.0,121.0,124.0,123.0,120.0
351.10,190.0,128.0,123.0,126.0,121.0,124.0,123.0,120.0
351.30,197.0,128.0,122.0,126.0,121.0,124.0,123.0,120.0
351.50,203.0,128.0,122.0,126.0,121.0,124.0,123.0,120.0
351.70,201.0,128.0,123.0,126.0,120.0,124.0,123.0,120.0
351.90,203.0,128.0,123.0,126.0,121.0,124.0,123.0,120.0
352.10,203.0,128.0,123.0,126.0,121.0,124.0,123.0,120.0
352.30,201.0,128.0,123.0,126.0,121.0,124.0,123.0,120.0
352.50,202.0,128.0,123.0,126.0,121.0,124.0,123.0,120.0
352.70,202.0,128.0,122.0,127.0,121.0,124.0,123.0,120.0
352.90,201.0,128.0,123.0,126.0,121.0,124.0,123.0,120.0
353.10,197.0,128.0,123.0,126.0,121.0,124.0,123.0,120.0
353.30,193.0,128.0,123.0,126.0,121.0,124.0,123.0,120.0
353.50,189.0,128.0,122.0,126.0,120.0,124.0,123.0,120.0
353.70,188.0,128.0,123.0,126.0,120.0,124.0,123.0,120.0
353.90,196.0,128.0,123.0,126.0,121.0,124.0,123.0,120.0
354.10,201.0,128.0,123.0,126.0,121.0,124.0,123.0,120.0
354.30,204.0,128.0,123.0,126.0,121.0,124.0,123.0,120.0
354.50,203.0,128.0,123.0,126.0,120.0,124.0,123.0,120.0
354.70,202.0,128.0,123.0,126.0,121.0,124.0,123.0,120.0
354.90,203.0,128.0,123.0,126.0,121.0,125.0,123.0,120.0
355.10,203.0,128.0,123.0,126.0,121.0,124.0,123.0,121.0
355.30,201.0,128.0,123.0,126.0,121.0,124.0,123.0,121.0
355.50,201.0,128.0,123.0,126.0,120.0,124.0,123.0,121.0
355.70,198.0,128.0,123.0,126.0,120.0,124.0,123.0,121.0
355.90,194.0,128.0,123.0,126.0,120.0,124.0,123.0,120.0
356.10,190.0,128.0,123.0,127.0,120.0,124.0,123.0,120.0
356.30,190.0,128.0,123.0,126.0,121.0,124.0,123.0,120.0
356.50,195.0,128.0,123.0,127.0,121.0,124.0,123.0,120.0
356.70,201.0,128.0,122.0,127.0,121.0,124.0,124.0,120.0
356.90,203.0,128.0,123.0,126.0,121.0,124.0,123.0,120.0
357.10,203.0,128.0,123.0,126.0,121.0,124.0,123.0,120.0
357.30,203.0,128.0,123.0,126.0,121.0,124.0,123.0,120.0
357.50,202.0,128.0,123.0,126.0,121.0,124.0,123.0,120.0
357.70,202.0,128.0,123.0,126.0,121.0,125.0,123.0,120.0
357.90,202.0,128.0,123.0,127.0,121.0,124.0,123.0,120.0
358.10,201.0,129.0,123.0,126.0,121.0,124.0,123.0,120.0
358.30,199.0,128.0,123.0,126.0,120.0,124.0,123.0,120.0
358.50,195.0,128.0,123.0,126.0,121.0,124.0,123.0,120.0
358.70,190.0,128.0,123.0,126.0,120.0,124.0,123.0,120.0
358.90,188.0,128.0,123.0,126.0,120.0,124.0,123.0,120.0
359.10,194.0,128.0,123.0,126.0,120.0,124.0,123.0,121.0
359.30,200.0,129.0,122.0,127.0,121.0,124.0,123.0,120.0
359.50,202.0,128.0,123.0,126.0,120.0,124.0,123.0,120.0
359.70,203.0,128.0,123.0,126.0,120.0,124.0,123.0,120.0
359.90,202.0,128.0,123.0,126.0,121.0,124.0,123.0,120.0
360.10,203.0,128.0,123.0,126.0,120.0,124.0,123.0,120.0
360.30,200.0,128.0,123.0,126.0,120.0,124.0,123.0,120.0
360.50,202.0,129.0,123.0,127.0,121.0,125.0,123.0,121.0
360.70,201.0,128.0,123.0,126.0,121.0,124.0,123.0,120.0
360.90,200.0,128.0,123.0,126.0,120.0,124.0,123.0,120.0
361.10,195.0,128.0,123.0,126.0,121.0,124.0,123.0,121.0
361.30,191.0,128.0,123.0,127.0,121.0,123.0,123.0,120.0
361.50,188.0,128.0,123.0,126.0,121.0,124.0,123.0,120.0
361.70,194.0,128.0,123.0,126.0,120.0,124.0,123.0,119.0
361.90,201.0,128.0,123.0,126.0,121.0,124.0,123.0,120.0
362.10,205.0,128.0,123.0,127.0,120.0,124.0,123.0,120.0
362.30,204.0,128.0,122.0,127.0,120.0,124.0,123.0,120.0
362.50,202.0,128.0,123.0,126.0,120.0,124.0,123.0,119.0
362.70,202.0,128.0,123.0,126.0,121.0,124.0,123.0,120.0
362.90,201.0,129.0,123.0,126.0,120.0,124.0,123.0,120.0
363.10,202.0,128.0,123.0,126.0,120.0,124.0,123.0,120.0
363.30,201.0,128.0,123.0,126.0,121.0,125.0,123.0,120.0
363.50,201.0,129.0,123.0,126.0,121.0,124.0,123.0,120.0
363.70,196.0,128.0,123.0,126.0,120.0,124.0,123.0,120.0
363.90,192.0,128.0,123.0,127.0,121.0,124.0,123.0,121.0
364.10,188.0,128.0,123.0,127.0,121.0,124.0,123.0,120.0
364.30,193.0,128.0,123.0,126.0,120.0,124.0,123.0,120.0
364.50,199.0,128.0,123.0,126.0,121.0,124.0,123.0,120.0
364.70,202.0,128.0,122.0,126.0,121.0,124.0,123.0,120.0
364.90,204.0,128.0,123.0,127.0,120.0,124.0,123.0,120.0
365.10,203.0,128.0,123.0,127.0,121.0,124.0,123.0,120.0
365.30,203.0,128.0,123.0,126.0,121.0,124.0,123.0,120.0
365.50,203.0,128.0,123.0,127.0,121.0,124.0,123.0,121.0
365.71,202.0,128.0,123.0,126.0,121.0,124.0,123.0,121.0
365.91,202.0,128.0,123.0,126.0,121.0,124.0,123.0,121.0
366.11,201.0,128.0,123.0,127.0,121.0,124.0,123.0,120.0
366.31,196.0,128.0,123.0,126.0,121.0,124.0,123.0,120.0
366.51,192.0,128.0,123.0,126.0,121.0,124.0,123.0,120.0
366.71,188.0,128.0,123.0,126.0,120.0,124.0,123.0,120.0
366.91,191.0,129.0,123.0,126.0,120.0,124.0,123.0,120.0
367.11,198.0,128.0,123.0,126.0,121.0,124.0,123.0,120.0
367.31,203.0,129.0,123.0,126.0,121.0,124.0,123.0,121.0
367.51,203.0,128.0,123.0,126.0,121.0,124.0,122.0,120.0
367.71,205.0,128.0,123.0,126.0,121.0,124.0,123.0,120.0
367.91,204.0,128.0,123.0,126.0,120.0,124.0,123.0,120.0
368.11,203.0,128.0,123.0,126.0,121.0,125.0,123.0,120.0
368.31,201.0,128.0,123.0,126.0,121.0,125.0,123.0,120.0
368.51,202.0,128.0,123.0,127.0,121.0,124.0,123.0,120.0
368.71,200.0,128.0,123.0,126.0,120.0,125.0,123.0,121.0
368.91,197.0,128.0,123.0,126.0,121.0,124.0,123.0,120.0
369.11,193.0,128.0,123.0,127.0,120.0,124.0,123.0,120.0
369.31,189.0,128.0,123.0,126.0,121.0,124.0,123.0,120.0
369.51,190.0,128.0,123.0,126.0,121.0,124.0,123.0,121.0
369.71,196.0,128.0,123.0,126.0,120.0,124.0,123.0,120.0
369.91,203.0,128.0,122.0,126.0,121.0,124.0,123.0,120.0
370.11,204.0,128.0,123.0,126.0,120.0,124.0,123.0,120.0
370.31,204.0,128.0,123.0,126.0,121.0,124.0,124.0,120.0
370.51,203.0,128.0,123.0,126.0,120.0,124.0,123.0,120.0
370.71,202.0,128.0,123.0,127.0,120.0,124.0,123.0,120.0
370.91,202.0,128.0,123.0,126.0,120.0,124.0,123.0,120.0
371.11,201.0,128.0,123.0,126.0,120.0,124.0,123.0,120.0
371.31,202.0,128.0,123.0,126.0,120.0,124.0,123.0,120.0
371.51,198.0,128.0,123.0,126.0,121.0,124.0,123.0,120.0
371.71,194.0,128.0,123.0,126.0,121.0,124.0,123.0,120.0
371.91,190.0,128.0,123.0,126.0,121.0,124.0,123.0,120.0
372.11,191.0,127.0,123.0,126.0,120.0,124.0,123.0,120.0
372.31,194.0,128.0,123.0,126.0,120.0,124.0,123.0,120.0
372.51,200.0,128.0,123.0,126.0,120.0,125.0,123.0,120.0
372.71,202.0,128.0,123.0,126.0,120.0,124.0,123.0,120.0
372.91,204.0,128.0,123.0,126.0,120.0,125.0,123.0,120.0
373.11,203.0,128.0,123.0,126.0,120.0,124.0,123.0,120.0
373.31,202.0,129.0,123.0,126.0,120.0,124.0,123.0,120.0
373.51,203.0,128.0,123.0,126.0,121.0,124.0,123.0,121.0
373.71,202.0,128.0,123.0,126.0,120.0,124.0,123.0,120.0
373.91,200.0,128.0,123.0,126.0,121.0,124.0,123.0,120.0
374.11,199.0,128.0,123.0,126.0,120.0,124.0,123.0,120.0
374.31,194.0,128.0,123.0,127.0,121.0,124.0,123.0,120.0
374.51,190.0,128.0,123.0,126.0,120.0,124.0,123.0,120.0
374.71,188.0,128.0,123.0,126.0,121.0,124.0,123.0,120.0
374.91,193.0,128.0,122.0,126.0,120.0,124.0,124.0,120.0
375.11,200.0,128.0,123.0,126.0,120.0,124.0,123.0,120.0
375.31,203.0,128.0,123.0,126.0,121.0,124.0,123.0,120.0
375.51,204.0,128.0,123.0,126.0,121.0,124.0,123.0,120.0
375.71,203.0,128.0,123.0,126.0,120.0,124.0,123.0,120.0
375.91,203.0,128.0,122.0,127.0,121.0,124.0,122.0,120.0
376.11,201.0,128.0,122.0,126.0,121.0,124.0,123.0,120.0
376.31,202.0,128.0,123.0,126.0,121.0,124.0,123.0,120.0
376.51,201.0,128.0,123.0,126.0,120.0,124.0,123.0,120.0
376.71,199.0,128.0,123.0,126.0,121.0,124.0,123.0,120.0
376.91,194.0,128.0,123.0,126.0,120.0,124.0,123.0,120.0
377.11,191.0,128.0,123.0,126.0,121.0,124.0,123.0,120.0
377.31,187.0,128.0,123.0,126.0,121.0,124.0,123.0,120.0
377.51,193.0,128.0,123.0,126.0,121.0,124.0,123.0,120.0
377.71,199.0,128.0,123.0,126.0,121.0,123.0,123.0,120.0
377.91,203.0,128.0,123.0,126.0,120.0,124.0,123.0,120.0
378.11,204.0,128.0,123.0,126.0,121.0,124.0,123.0,120.0
378.31,203.0,128.0,123.0,126.0,120.0,124.0,122.0,120.0
378.51,204.0,128.0,123.0,126.0,121.0,124.0,122.0,120.0
378.71,204.0,128.0,122.0,126.0,120.0,124.0,123.0,120.0
378.91,202.0,128.0,123.0,126.0,121.0,124.0,123.0,121.0
379.11,200.0,128.0,123.0,126.0,121.0,124.0,123.0,120.0
379.31,199.0,128.0,123.0,126.0,120.0,124.0,123.0,120.0
379.51,196.0,128.0,123.0,126.0,121.0,124.0,123.0,121.0
379.71,191.0,128.0,122.0,126.0,120.0,124.0,123.0,120.0
379.91,188.0,128.0,123.0,126.0,121.0,125.0,123.0,120.0
380.11,192.0,128.0,123.0,126.0,121.0,124.0,123.0,121.0
380.31,199.0,128.0,123.0,126.0,121.0,124.0,123.0,120.0
380.51,203.0,128.0,123.0,127.0,121.0,124.0,123.0,120.0
380.71,202.0,128.0,122.0,127.0,120.0,124.0,123.0,120.0
380.91,203.0,128.0,122.0,126.0,121.0,124.0,123.0,120.0
381.11,203.0,128.0,123.0,126.0,120.0,124.0,123.0,120.0
381.31,202.0,128.0,123.0,126.0,120.0,124.0,123.0,120.0
381.51,201.0,128.0,123.0,126.0,120.0,124.0,123.0,120.0
381.71,201.0,128.0,123.0,126.0,121.0,124.0,123.0,121.0
381.91,200.0,128.0,123.0,126.0,121.0,124.0,122.0,120.0
382.11,196.0,128.0,123.0,126.0,120.0,125.0,123.0,120.0
382.31,193.0,128.0,123.0,126.0,121.0,124.0,123.0,120.0
382.51,188.0,128.0,123.0,126.0,121.0,124.0,123.0,120.0
382.71,192.0,128.0,124.0,126.0,121.0,124.0,123.0,120.0
382.91,196.0,128.0,123.0,127.0,120.0,124.0,123.0,121.0
383.11,204.0,128.0,123.0,126.0,121.0,124.0,123.0,120.0
383.31,204.0,128.0,123.0,126.0,120.0,124.0,123.0,120.0
383.51,204.0,128.0,123.0,126.0,121.0,124.0,123.0,121.0
383.71,203.0,128.0,123.0,126.0,121.0,124.0,123.0,121.0
383.91,202.0,128.0,123.0,127.0,121.0,124.0,123.0,120.0
384.11,202.0,128.0,123.0,126.0,121.0,124.0,123.0,120.0
384.31,201.0,128.0,123.0,126.0,120.0,124.0,123.0,121.0
384.51,200.0,128.0,123.0,126.0,121.0,124.0,123.0,121.0
384.71,197.0,128.0,123.0,127.0,120.0,124.0,123.0,120.0
384.91,193.0,128.0,123.0,126.0,121.0,124.0,123.0,121.0
385.11,189.0,128.0,122.0,126.0,120.0,124.0,123.0,120.0
385.31,191.0,128.0,123.0,126.0,121.0,124.0,123.0,120.0
385.51,194.0,128.0,122.0,126.0,120.0,124.0,123.0,121.0
385.71,204.0,128.0,123.0,126.0,121.0,125.0,123.0,120.0
385.91,204.0,128.0,123.0,126.0,120.0,124.0,123.0,121.0
386.11,203.0,128.0,123.0,127.0,120.0,124.0,123.0,120.0
386.31,204.0,128.0,123.0,126.0,121.0,124.0,123.0,120.0
386.51,203.0,128.0,123.0,126.0,120.0,124.0,123.0,120.0
386.71,202.0,128.0,123.0,126.0,121.0,124.0,123.0,120.0
386.91,201.0,128.0,123.0,126.0,121.0,124.0,123.0,120.0
387.11,201.0,128.0,123.0,126.0,120.0,125.0,123.0,121.0
387.31,197.0,128.0,123.0,126.0,121.0,124.0,123.0,120.0
387.51,193.0,128.0,123.0,126.0,121.0,124.0,123.0,120.0
387.71,189.0,128.0,123.0,126.0,120.0,124.0,123.0,120.0
387.91,192.0,128.0,123.0,126.0,120.0,124.0,123.0,120.0
388.11,200.0,128.0,122.0,126.0,120.0,124.0,123.0,120.0
388.31,203.0,128.0,122.0,126.0,121.0,124.0,123.0,121.0
388.51,203.0,128.0,123.0,126.0,120.0,124.0,123.0,120.0
388.71,204.0,128.0,123.0,127.0,121.0,124.0,123.0,121.0
388.91,203.0,128.0,123.0,126.0,121.0,124.0,123.0,121.0
389.11,204.0,128.0,122.0,126.0,121.0,124.0,123.0,121.0
389.31,203.0,128.0,123.0,126.0,121.0,124.0,123.0,121.0
389.51,202.0,128.0,123.0,126.0,121.0,124.0,123.0,120.0
389.71,202.0,128.0,122.0,126.0,121.0,124.0,123.0,120.0
389.91,199.0,128.0,123.0,126.0,121.0,124.0,123.0,121.0
390.11,194.0,128.0,123.0,126.0,120.0,124.0,123.0,120.0
390.31,189.0,128.0,123.0,127.0,120.0,124.0,123.0,121.0
390.51,190.0,128.0,123.0,126.0,121.0,124.0,123.0,120.0
390.71,196.0,128.0,123.0,127.0,120.0,124.0,123.0,120.0
390.91,202.0,128.0,123.0,126.0,120.0,124.0,123.0,121.0
391.11,205.0,128.0,123.0,126.0,121.0,124.0,123.0,121.0
391.31,203.0,128.0,123.0,126.0,121.0,124.0,123.0,120.0
391.51,205.0,128.0,122.0,126.0,121.0,124.0,123.0,120.0
391.71,202.0,128.0,123.0,126.0,121.0,124.0,123.0,120.0
391.91,202.0,128.0,123.0,126.0,121.0,124.0,123.0,120.0
392.11,201.0,128.0,123.0,126.0,121.0,124.0,123.0,120.0
392.32,201.0,128.0,123.0,126.0,121.0,125.0,123.0,120.0
392.52,199.0,128.0,122.0,126.0,120.0,124.0,123.0,120.0
392.72,194.0,129.0,123.0,126.0,121.0,124.0,123.0,120.0
392.92,191.0,128.0,122.0,126.0,120.0,125.0,123.0,120.0
393.12,188.0,128.0,123.0,126.0,121.0,124.0,123.0,120.0
393.32,195.0,128.0,123.0,126.0,121.0,124.0,123.0,120.0
393.52,199.0,128.0,123.0,126.0,121.0,124.0,122.0,121.0
393.72,204.0,128.0,123.0,126.0,120.0,124.0,123.0,120.0
393.92,204.0,128.0,123.0,126.0,121.0,125.0,123.0,120.0
394.12,202.0,128.0,123.0,126.0,120.0,124.0,123.0,121.0
394.32,203.0,128.0,123.0,126.0,120.0,124.0,123.0,121.0
394.52,203.0,128.0,123.0,126.0,121.0,124.0,123.0,120.0
394.72,202.0,128.0,123.0,127.0,121.0,124.0,123.0,121.0
394.92,202.0,129.0,123.0,127.0,120.0,124.0,123.0,120.0
395.12,200.0,129.0,123.0,126.0,121.0,124.0,123.0,120.0
395.32,195.0,128.0,123.0,127.0,121.0,124.0,123.0,120.0
395.52,191.0,128.0,122.0,126.0,121.0,124.0,123.0,120.0
395.72,187.0,128.0,123.0,126.0,120.0,125.0,122.0,121.0
395.92,193.0,128.0,123.0,126.0,120.0,124.0,123.0,120.0
396.12,200.0,128.0,123.0,127.0,120.0,125.0,123.0,120.0
396.32,203.0,128.0,123.0,126.0,120.0,124.0,123.0,120.0
396.52,203.0,128.0,123.0,126.0,120.0,124.0,123.0,120.0
396.72,203.0,129.0,123.0,126.0,121.0,124.0,123.0,120.0
396.92,201.0,128.0,123.0,126.0,121.0,124.0,123.0,120.0
397.12,202.0,128.0,123.0,127.0,121.0,125.0,123.0,120.0
397.32,202.0,128.0,123.0,126.0,121.0,124.0,123.0,120.0
397.52,201.0,128.0,122.0,126.0,121.0,124.0,123.0,121.0
397.72,201.0,128.0,123.0,127.0,121.0,124.0,123.0,120.0
397.92,196.0,128.0,123.0,126.0,120.0,124.0,123.0,120.0
398.12,192.0,128.0,123.0,126.0,121.0,124.0,123.0,120.0
398.32,189.0,128.0,123.0,127.0,120.0,124.0,123.0,120.0
398.52,191.0,128.0,123.0,126.0,121.0,124.0,123.0,121.0
398.72,199.0,128.0,123.0,126.0,121.0,125.0,123.0,120.0
398.92,203.0,128.0,123.0,126.0,121.0,124.0,123.0,120.0
399.12,204.0,128.0,123.0,126.0,120.0,124.0,123.0,120.0
399.32,202.0,128.0,123.0,126.0,121.0,125.0,123.0,120.0
399.52,203.0,129.0,122.0,127.0,121.0,124.0,123.0,121.0
399.72,202.0,128.0,123.0,126.0,121.0,124.0,123.0,120.0
399.92,201.0,128.0,123.0,126.0,120.0,124.0,123.0,121.0
400.12,200.0,128.0,123.0,126.0,120.0,124.0,123.0,120.0
400.32,201.0,128.0,123.0,126.0,121.0,124.0,123.0,120.0
400.52,196.0,128.0,123.0,126.0,120.0,124.0,123.0,120.0
400.72,193.0,128.0,123.0,126.0,121.0,124.0,123.0,120.0
400.92,189.0,128.0,123.0,126.0,121.0,124.0,123.0,120.0
401.12,191.0,128.0,123.0,126.0,121.0,124.0,123.0,120.0
401.32,199.0,128.0,123.0,126.0,121.0,124.0,123.0,120.0
401.52,204.0,128.0,123.0,127.0,121.0,124.0,123.0,120.0
401.72,204.0,128.0,123.0,127.0,121.0,125.0,123.0,120.0
401.92,203.0,128.0,123.0,126.0,121.0,125.0,123.0,120.0
402.12,203.0,128.0,123.0,126.0,121.0,124.0,123.0,120.0
402.32,202.0,128.0,122.0,127.0,121.0,124.0,123.0,120.0
402.52,201.0,128.0,122.0,126.0,120.0,124.0,123.0,120.0
402.72,201.0,128.0,123.0,127.0,120.0,124.0,123.0,120.0
402.92,201.0,128.0,123.0,126.0,120.0,124.0,123.0,120.0
403.12,198.0,129.0,123.0,126.0,121.0,124.0,123.0,120.0
403.32,194.0,128.0,123.0,126.0,121.0,124.0,123.0,120.0
403.52,189.0,128.0,123.0,127.0,120.0,124.0,123.0,120.0
403.72,189.0,128.0,123.0,127.0,121.0,125.0,123.0,120.0
403.92,197.0,128.0,122.0,127.0,121.0,124.0,123.0,120.0
404.12,202.0,128.0,123.0,126.0,121.0,124.0,123.0,120.0
404.32,204.0,128.0,123.0,126.0,120.0,124.0,123.0,120.0
404.52,204.0,129.0,123.0,127.0,121.0,124.0,123.0,120.0
404.72,203.0,128.0,123.0,127.0,121.0,125.0,123.0,120.0
404.92,202.0,128.0,123.0,126.0,121.0,125.0,123.0,120.0
405.12,202.0,128.0,123.0,127.0,121.0,125.0,123.0,120.0
405.32,201.0,128.0,122.0,126.0,120.0,124.0,123.0,120.0
405.52,201.0,128.0,122.0,126.0,120.0,124.0,123.0,120.0
405.72,198.0,128.0,122.0,126.0,121.0,124.0,123.0,120.0
405.92,194.0,128.0,123.0,126.0,121.0,124.0,123.0,120.0
406.12,190.0,128.0,123.0,126.0,121.0,124.0,123.0,120.0
406.32,190.0,128.0,123.0,126.0,120.0,124.0,123.0,120.0
406.52,194.0,128.0,123.0,126.0,121.0,124.0,123.0,120.0
406.72,198.0,128.0,123.0,126.0,121.0,124.0,123.0,120.0
406.92,203.0,128.0,123.0,126.0,121.0,124.0,123.0,120.0
407.12,204.0,128.0,123.0,127.0,121.0,124.0,123.0,120.0
407.32,203.0,128.0,123.0,126.0,121.0,124.0,123.0,120.0
407.52,203.0,127.0,123.0,127.0,121.0,124.0,123.0,120.0
407.72,203.0,128.0,123.0,126.0,121.0,124.0,123.0,120.0
407.92,202.0,129.0,123.0,126.0,121.0,124.0,123.0,121.0
408.12,202.0,128.0,123.0,126.0,120.0,124.0,123.0,120.0
408.32,199.0,128.0,123.0,126.0,121.0,124.0,123.0,120.0
408.52,194.0,128.0,123.0,126.0,120.0,124.0,123.0,120.0
408.72,190.0,128.0,123.0,126.0,121.0,125.0,123.0,120.0
408.92,188.0,128.0,123.0,126.0,120.0,124.0,123.0,120.0
409.12,195.0,128.0,123.0,127.0,120.0,124.0,123.0,120.0
409.32,201.0,128.0,122.0,127.0,120.0,124.0,123.0,120.0
409.52,201.0,128.0,123.0,126.0,121.0,124.0,123.0,120.0
409.72,204.0,128.0,123.0,126.0,121.0,124.0,123.0,120.0
409.92,203.0,128.0,123.0,126.0,120.0,125.0,123.0,120.0
410.12,203.0,128.0,123.0,126.0,121.0,124.0,123.0,121.0
410.32,203.0,128.0,123.0,126.0,121.0,124.0,123.0,120.0
410.52,202.0,128.0,123.0,126.0,121.0,125.0,123.0,120.0
410.72,201.0,128.0,123.0,127.0,120.0,124.0,123.0,120.0
410.92,200.0,128.0,123.0,126.0,121.0,124.0,123.0,120.0
411.12,195.0,128.0,123.0,126.0,121.0,124.0,123.0,120.0
411.32,192.0,128.0,123.0,127.0,121.0,124.0,123.0,121.0
411.52,189.0,128.0,123.0,126.0,121.0,124.0,123.0,120.0
411.72,191.0,128.0,122.0,126.0,121.0,124.0,123.0,120.0
411.92,198.0,128.0,123.0,126.0,121.0,124.0,123.0,121.0
412.12,204.0,128.0,123.0,126.0,120.0,124.0,123.0,120.0
412.32,205.0,128.0,123.0,126.0,121.0,124.0,123.0,121.0
412.52,203.0,128.0,123.0,126.0,120.0,124.0,123.0,121.0
412.72,204.0,128.0,123.0,126.0,120.0,125.0,123.0,120.0
412.92,202.0,128.0,123.0,126.0,120.0,125.0,123.0,120.0
413.12,201.0,128.0,123.0,126.0,121.0,124.0,123.0,120.0
413.32,202.0,128.0,123.0,126.0,120.0,124.0,123.0,120.0
413.52,202.0,128.0,122.0,126.0,121.0,124.0,123.0,120.0
413.72,197.0,128.0,122.0,126.0,120.0,124.0,123.0,120.0
413.92,193.0,129.0,123.0,126.0,120.0,124.0,123.0,121.0
414.12,189.0,128.0,122.0,126.0,120.0,124.0,123.0,121.0
414.32,191.0,128.0,123.0,126.0,121.0,124.0,123.0,120.0
414.52,198.0,128.0,123.0,126.0,120.0,124.0,123.0,121.0
414.72,204.0,128.0,122.0,126.0,121.0,125.0,123.0,121.0
414.92,204.0,128.0,123.0,126.0,121.0,124.0,123.0,121.0
415.12,203.0,128.0,123.0,126.0,121.0,124.0,123.0,120.0
415.32,203.0,128.0,123.0,126.0,121.0,124.0,123.0,120.0
415.52,203.0,128.0,123.0,126.0,121.0,124.0,123.0,120.0
415.72,203.0,128.0,122.0,126.0,120.0,124.0,123.0,120.0
415.92,202.0,128.0,123.0,126.0,120.0,124.0,123.0,121.0
416.12,202.0,128.0,123.0,126.0,120.0,124.0,123.0,121.0
416.32,198.0,128.0,122.0,126.0,120.0,124.0,123.0,121.0
416.52,194.0,128.0,123.0,126.0,120.0,125.0,123.0,120.0
416.72,190.0,128.0,123.0,126.0,121.0,125.0,123.0,121.0
416.92,190.0,128.0,123.0,126.0,120.0,124.0,123.0,121.0
417.12,197.0,128.0,123.0,126.0,120.0,124.0,123.0,121.0
417.32,203.0,128.0,122.0,126.0,121.0,124.0,123.0,121.0
417.52,203.0,128.0,123.0,126.0,121.0,124.0,123.0,120.0
417.72,204.0,128.0,123.0,126.0,121.0,124.0,123.0,120.0
417.92,203.0,128.0,123.0,126.0,121.0,124.0,123.0,120.0
418.13,202.0,128.0,123.0,126.0,120.0,124.0,123.0,120.0
418.33,203.0,128.0,123.0,127.0,121.0,124.0,123.0,120.0
418.53,202.0,128.0,123.0,126.0,121.0,124.0,123.0,120.0
418.73,201.0,128.0,123.0,126.0,120.0,125.0,123.0,120.0
418.93,198.0,128.0,123.0,127.0,120.0,124.0,123.0,120.0
419.13,194.0,128.0,123.0,126.0,121.0,124.0,123.0,120.0
419.33,191.0,128.0,122.0,127.0,121.0,124.0,123.0,121.0
419.53,188.0,128.0,123.0,126.0,121.0,124.0,123.0,120.0
419.73,195.0,128.0,123.0,127.0,121.0,125.0,123.0,120.0
419.93,202.0,128.0,123.0,126.0,121.0,124.0,123.0,121.0
420.13,202.0,129.0,123.0,127.0,120.0,124.0,123.0,120.0
420.33,203.0,128.0,122.0,126.0,120.0,125.0,123.0,120.0
420.53,203.0,128.0,122.0,126.0,121.0,125.0,123.0,120.0
420.73,202.0,129.0,123.0,126.0,121.0,124.0,123.0,120.0
420.93,202.0,128.0,123.0,126.0,120.0,124.0,123.0,120.0
421.13,201.0,128.0,123.0,126.0,121.0,124.0,123.0,120.0
421.33,201.0,128.0,123.0,126.0,121.0,124.0,123.0,120.0
421.53,200.0,128.0,123.0,126.0,121.0,124.0,123.0,120.0
421.73,195.0,128.0,122.0,126.0,120.0,124.0,123.0,121.0
421.93,191.0,128.0,123.0,126.0,120.0,124.0,122.0,121.0
422.13,188.0,128.0,123.0,126.0,120.0,124.0,122.0,120.0
422.33,195.0,128.0,123.0,126.0,120.0,124.0,123.0,120.0
422.53,201.0,128.0,123.0,126.0,120.0,125.0,123.0,121.0
422.73,203.0,128.0,123.0,126.0,120.0,124.0,123.0,120.0
422.93,203.0,128.0,123.0,126.0,121.0,124.0,123.0,120.0
423.13,203.0,128.0,123.0,126.0,121.0,124.0,123.0,120.0
423.33,203.0,128.0,122.0,126.0,121.0,124.0,123.0,120.0
423.53,202.0,128.0,123.0,126.0,120.0,124.0,123.0,120.0
423.73,202.0,128.0,123.0,126.0,120.0,124.0,123.0,120.0
423.93,201.0,128.0,122.0,126.0,120.0,124.0,123.0,121.0
424.13,200.0,128.0,123.0,126.0,120.0,124.0,123.0,120.0
424.33,195.0,128.0,123.0,126.0,121.0,124.0,123.0,120.0
424.53,192.0,128.0,123.0,126.0,121.0,124.0,122.0,120.0
424.73,188.0,128.0,123.0,126.0,121.0,124.0,123.0,120.0
424.93,193.0,128.0,123.0,126.0,120.0,124.0,123.0,120.0
425.13,199.0,128.0,123.0,126.0,121.0,124.0,123.0,120.0
425.33,203.0,128.0,123.0,127.0,121.0,124.0,124.0,120.0
425.53,205.0,128.0,123.0,126.0,121.0,124.0,123.0,121.0
425.73,203.0,128.0,122.0,126.0,121.0,124.0,122.0,120.0
425.93,202.0,128.0,123.0,127.0,121.0,124.0,123.0,121.0
426.13,203.0,128.0,123.0,126.0,121.0,124.0,123.0,121.0
426.33,202.0,128.0,123.0,126.0,120.0,124.0,123.0,120.0
426.53,202.0,128.0,123.0,126.0,121.0,124.0,123.0,120.0
426.73,201.0,128.0,123.0,127.0,121.0,124.0,123.0,120.0
426.93,197.0,128.0,122.0,127.0,121.0,124.0,123.0,120.0
427.13,193.0,128.0,123.0,126.0,121.0,124.0,123.0,121.0
427.33,189.0,128.0,123.0,126.0,120.0,124.0,123.0,121.0
427.53,191.0,128.0,123.0,126.0,120.0,124.0,123.0,120.0
427.73,197.0,128.0,123.0,126.0,121.0,124.0,122.0,121.0
427.93,204.0,128.0,123.0,126.0,121.0,124.0,123.0,120.0
428.13,205.0,128.0,123.0,126.0,121.0,124.0,123.0,120.0
428.33,204.0,128.0,123.0,126.0,121.0,124.0,123.0,120.0
428.53,203.0,128.0,123.0,126.0,120.0,124.0,123.0,120.0
428.73,204.0,128.0,122.0,126.0,120.0,124.0,123.0,120.0
428.93,202.0,128.0,122.0,126.0,121.0,124.0,123.0,120.0
429.13,201.0,128.0,123.0,126.0,120.0,124.0,123.0,120.0
429.33,201.0,128.0,123.0,127.0,120.0,124.0,123.0,120.0
429.53,198.0,128.0,123.0,127.0,121.0,124.0,123.0,120.0
429.73,193.0,128.0,123.0,126.0,121.0,124.0,123.0,120.0
429.93,190.0,128.0,123.0,126.0,121.0,124.0,123.0,120.0
430.13,189.0,128.0,123.0,126.0,120.0,124.0,123.0,121.0
430.33,196.0,128.0,122.0,126.0,121.0,124.0,123.0,120.0
430.53,202.0,128.0,122.0,126.0,120.0,124.0,123.0,121.0
430.73,204.0,128.0,123.0,126.0,120.0,124.0,123.0,120.0
430.93,204.0,128.0,123.0,126.0,121.0,124.0,124.0,120.0
431.13,203.0,128.0,123.0,126.0,121.0,125.0,123.0,120.0
431.33,203.0,128.0,123.0,126.0,120.0,124.0,123.0,121.0
431.53,202.0,128.0,123.0,126.0,121.0,124.0,123.0,120.0
431.73,203.0,128.0,123.0,126.0,121.0,124.0,123.0,120.0
431.93,201.0,128.0,123.0,126.0,120.0,124.0,123.0,120.0
432.13,199.0,128.0,123.0,126.0,121.0,124.0,123.0,120.0
432.33,194.0,128.0,123.0,126.0,121.0,124.0,123.0,120.0
432.53,191.0,128.0,122.0,126.0,120.0,124.0,123.0,120.0
432.73,188.0,128.0,123.0,126.0,120.0,124.0,123.0,120.0
432.93,195.0,128.0,122.0,126.0,121.0,125.0,123.0,120.0
433.13,201.0,128.0,123.0,126.0,121.0,124.0,123.0,120.0
433.33,204.0,128.0,122.0,126.0,121.0,124.0,123.0,120.0
433.53,202.0,128.0,123.0,126.0,121.0,124.0,123.0,120.0
433.73,202.0,128.0,123.0,126.0,121.0,124.0,123.0,120.0
433.93,201.0,128.0,123.0,126.0,120.0,124.0,123.0,120.0
434.13,203.0,128.0,123.0,126.0,120.0,124.0,123.0,120.0
434.33,202.0,128.0,123.0,126.0,120.0,125.0,123.0,120.0
434.53,201.0,128.0,122.0,126.0,120.0,124.0,123.0,120.0
434.73,200.0,128.0,123.0,126.0,120.0,125.0,123.0,120.0
434.93,195.0,128.0,122.0,126.0,121.0,124.0,123.0,120.0
435.13,191.0,128.0,122.0,126.0,120.0,124.0,123.0,120.0
435.33,188.0,128.0,122.0,126.0,120.0,124.0,123.0,121.0
435.53,193.0,128.0,122.0,126.0,121.0,124.0,123.0,120.0
435.73,199.0,128.0,123.0,127.0,120.0,124.0,123.0,121.0
435.93,203.0,128.0,123.0,126.0,120.0,124.0,123.0,120.0
436.13,201.0,128.0,123.0,126.0,121.0,124.0,124.0,120.0
436.33,202.0,128.0,123.0,126.0,120.0,124.0,123.0,121.0
436.53,203.0,128.0,123.0,126.0,120.0,124.0,123.0,120.0
436.73,203.0,128.0,123.0,126.0,120.0,124.0,123.0,120.0
436.93,202.0,128.0,123.0,126.0,120.0,124.0,123.0,120.0
437.13,202.0,128.0,122.0,126.0,120.0,124.0,123.0,120.0
437.33,203.0,129.0,122.0,126.0,120.0,124.0,123.0,120.0
437.53,197.0,128.0,123.0,126.0,120.0,124.0,123.0,120.0
437.73,192.0,128.0,123.0,126.0,120.0,124.0,123.0,120.0
437.93,189.0,128.0,123.0,126.0,120.0,124.0,123.0,120.0
438.13,193.0,129.0,123.0,126.0,121.0,125.0,123.0,121.0
438.33,198.0,128.0,123.0,127.0,120.0,125.0,123.0,120.0
438.53,204.0,128.0,123.0,126.0,120.0,124.0,123.0,121.0
438.73,203.0,128.0,123.0,126.0,120.0,124.0,123.0,120.0
438.93,204.0,128.0,123.0,126.0,121.0,124.0,123.0,120.0
439.13,204.0,128.0,123.0,126.0,120.0,124.0,123.0,120.0
439.33,203.0,128.0,123.0,126.0,120.0,124.0,123.0,120.0
439.53,201.0,128.0,122.0,126.0,121.0,124.0,123.0,121.0
439.73,202.0,128.0,122.0,126.0,121.0,124.0,123.0,120.0
439.93,202.0,128.0,123.0,126.0,120.0,124.0,123.0,121.0
440.13,197.0,128.0,123.0,126.0,120.0,124.0,123.0,120.0
440.33,193.0,128.0,123.0,126.0,120.0,124.0,123.0,120.0
440.53,189.0,128.0,123.0,126.0,120.0,124.0,123.0,120.0
440.73,191.0,128.0,122.0,126.0,121.0,124.0,123.0,120.0
440.93,198.0,128.0,123.0,126.0,121.0,124.0,123.0,120.0
441.13,203.0,128.0,123.0,126.0,121.0,124.0,123.0,121.0
441.33,205.0,128.0,123.0,126.0,121.0,124.0,123.0,120.0
441.53,204.0,128.0,123.0,126.0,121.0,124.0,123.0,120.0
441.73,203.0,128.0,123.0,126.0,121.0,124.0,123.0,120.0
441.93,203.0,128.0,123.0,126.0,120.0,124.0,123.0,120.0
442.13,203.0,128.0,123.0,126.0,120.0,124.0,123.0,120.0
442.33,202.0,128.0,123.0,126.0,121.0,124.0,123.0,120.0
442.53,201.0,128.0,122.0,126.0,120.0,124.0,123.0,120.0
442.73,199.0,128.0,123.0,126.0,120.0,124.0,123.0,120.0
442.93,194.0,129.0,123.0,126.0,121.0,124.0,123.0,121.0
443.13,191.0,128.0,123.0,126.0,121.0,124.0,123.0,120.0
443.33,190.0,128.0,123.0,126.0,121.0,124.0,123.0,121.0
443.53,196.0,128.0,123.0,126.0,120.0,124.0,123.0,121.0
443.73,201.0,128.0,123.0,126.0,120.0,124.0,123.0,120.0
443.93,203.0,128.0,122.0,126.0,120.0,124.0,123.0,120.0
444.13,202.0,128.0,123.0,126.0,121.0,124.0,123.0,120.0
444.33,204.0,128.0,123.0,126.0,121.0,124.0,123.0,120.0
444.54,202.0,128.0,123.0,126.0,121.0,124.0,123.0,120.0
444.74,203.0,128.0,123.0,126.0,121.0,124.0,123.0,120.0
444.94,201.0,128.0,123.0,126.0,120.0,124.0,123.0,120.0
445.14,201.0,128.0,123.0,126.0,120.0,124.0,123.0,120.0
445.34,199.0,128.0,123.0,126.0,120.0,124.0,123.0,121.0
445.54,196.0,128.0,123.0,126.0,121.0,124.0,123.0,120.0
445.74,193.0,128.0,123.0,126.0,120.0,125.0,123.0,120.0
445.94,188.0,128.0,123.0,126.0,120.0,124.0,123.0,120.0
446.14,192.0,128.0,123.0,126.0,120.0,124.0,123.0,120.0
446.34,198.0,128.0,123.0,126.0,120.0,124.0,123.0,120.0
446.54,204.0,128.0,123.0,126.0,120.0,124.0,122.0,121.0
446.74,204.0,128.0,123.0,126.0,120.0,124.0,123.0,120.0
446.94,205.0,128.0,123.0,126.0,120.0,124.0,123.0,120.0
447.14,204.0,128.0,123.0,126.0,121.0,124.0,123.0,121.0
447.34,203.0,128.0,123.0,126.0,120.0,124.0,123.0,120.0
447.54,202.0,128.0,123.0,126.0,121.0,124.0,123.0,120.0
447.74,202.0,129.0,123.0,127.0,121.0,124.0,123.0,120.0
447.94,202.0,129.0,123.0,126.0,120.0,124.0,123.0,120.0
448.14,197.0,129.0,123.0,126.0,120.0,125.0,123.0,121.0
448.34,194.0,129.0,122.0,126.0,121.0,124.0,123.0,120.0
448.54,189.0,128.0,123.0,126.0,121.0,124.0,122.0,120.0
448.74,192.0,128.0,123.0,126.0,121.0,124.0,123.0,120.0
448.94,199.0,128.0,123.0,126.0,121.0,124.0,123.0,120.0
449.14,202.0,128.0,122.0,126.0,120.0,124.0,123.0,120.0
