Time(S),GPU0_Power(W),GPU1_Power(W),GPU2_Power(W),GPU3_Power(W)
0.00,134.0,127.0,146.0,130.0
0.00,134.0,127.0,146.0,130.0
0.20,101.0,98.0,115.0,101.0
0.40,85.0,78.0,96.0,86.0
0.60,135.0,116.0,130.0,120.0
0.80,136.0,126.0,108.0,99.0
1.00,136.0,93.0,95.0,85.0
1.20,115.0,77.0,133.0,83.0
1.40,86.0,75.0,139.0,83.0
1.60,83.0,75.0,140.0,83.0
1.80,82.0,75.0,140.0,83.0
2.00,82.0,75.0,142.0,83.0
2.20,120.0,75.0,142.0,83.0
2.40,100.0,74.0,140.0,83.0
2.60,84.0,75.0,140.0,83.0
2.80,82.0,75.0,141.0,83.0
3.00,82.0,101.0,141.0,83.0
3.20,119.0,124.0,141.0,114.0
3.40,131.0,127.0,141.0,87.0
3.60,132.0,127.0,141.0,84.0
3.80,138.0,133.0,146.0,126.0
4.00,102.0,83.0,142.0,89.0
4.20,85.0,76.0,141.0,84.0
4.40,82.0,75.0,141.0,83.0
4.60,82.0,75.0,141.0,83.0
4.80,82.0,75.0,141.0,83.0
5.00,82.0,75.0,141.0,83.0
5.20,82.0,74.0,141.0,83.0
5.40,82.0,74.0,142.0,83.0
5.60,106.0,75.0,143.0,84.0
5.80,113.0,75.0,144.0,83.0
6.00,86.0,74.0,144.0,83.0
6.20,83.0,74.0,145.0,83.0
6.40,82.0,74.0,145.0,83.0
6.60,82.0,74.0,145.0,83.0
6.80,118.0,74.0,144.0,116.0
7.00,99.0,74.0,144.0,90.0
7.20,84.0,74.0,145.0,84.0
7.40,82.0,74.0,146.0,83.0
7.60,82.0,75.0,145.0,83.0
7.80,82.0,75.0,144.0,83.0
8.00,82.0,74.0,144.0,83.0
8.20,82.0,74.0,144.0,83.0
8.40,82.0,74.0,145.0,83.0
8.60,82.0,75.0,144.0,83.0
8.80,82.0,74.0,144.0,83.0
9.00,82.0,74.0,144.0,83.0
9.20,82.0,74.0,144.0,83.0
9.40,82.0,74.0,144.0,83.0
9.60,82.0,75.0,144.0,83.0
9.80,82.0,74.0,144.0,83.0
10.00,82.0,75.0,145.0,83.0
10.20,82.0,74.0,145.0,83.0
10.40,82.0,74.0,146.0,83.0
10.60,120.0,74.0,141.0,83.0
10.80,100.0,75.0,141.0,83.0
11.00,84.0,74.0,141.0,83.0
11.20,82.0,75.0,141.0,83.0
11.40,82.0,75.0,140.0,83.0
11.60,82.0,74.0,140.0,83.0
11.80,89.0,75.0,140.0,83.0
12.00,127.0,75.0,139.0,83.0
12.20,119.0,74.0,130.0,83.0
12.40,114.0,74.0,124.0,83.0
12.61,132.0,74.0,141.0,83.0
12.81,119.0,74.0,144.0,83.0
13.01,119.0,74.0,143.0,83.0
13.21,87.0,74.0,143.0,83.0
13.41,83.0,97.0,143.0,83.0
13.61,104.0,123.0,125.0,83.0
13.81,110.0,125.0,120.0,83.0
14.01,119.0,81.0,129.0,83.0
14.21,132.0,75.0,138.0,83.0
14.41,133.0,75.0,139.0,83.0
14.61,137.0,79.0,145.0,83.0
14.81,136.0,122.0,123.0,83.0
15.01,134.0,127.0,97.0,83.0
15.21,134.0,86.0,93.0,83.0
15.41,134.0,76.0,114.0,83.0
15.61,134.0,109.0,130.0,83.0
15.81,134.0,125.0,98.0,83.0
16.01,134.0,83.0,120.0,83.0
16.21,134.0,76.0,137.0,83.0
16.41,137.0,110.0,143.0,83.0
16.61,134.0,125.0,102.0,83.0
16.81,134.0,101.0,93.0,83.0
17.01,134.0,78.0,93.0,83.0
17.21,134.0,81.0,133.0,83.0
17.41,134.0,122.0,104.0,83.0
17.61,135.0,88.0,99.0,83.0
17.81,134.0,76.0,134.0,83.0
18.01,139.0,93.0,146.0,83.0
18.21,135.0,89.0,111.0,83.0
18.41,134.0,77.0,95.0,83.0
18.61,134.0,75.0,113.0,83.0
18.81,135.0,75.0,95.0,83.0
19.48,133.0,78.0,93.0,83.0
19.68,134.0,75.0,130.0,83.0
19.88,134.0,75.0,137.0,83.0
20.08,133.0,75.0,138.0,83.0
20.28,133.0,74.0,102.0,83.0
20.48,134.0,74.0,94.0,83.0
20.68,134.0,74.0,93.0,83.0
20.88,134.0,74.0,93.0,83.0
21.08,134.0,74.0,93.0,83.0
21.28,133.0,74.0,92.0,83.0
21.48,133.0,74.0,92.0,83.0
21.68,133.0,75.0,92.0,83.0
21.88,133.0,75.0,92.0,83.0
22.08,133.0,75.0,92.0,83.0
22.28,133.0,75.0,92.0,83.0
22.48,133.0,75.0,93.0,83.0
22.68,134.0,99.0,124.0,83.0
22.88,135.0,124.0,138.0,83.0
23.08,134.0,93.0,139.0,83.0
23.28,134.0,77.0,139.0,83.0
23.48,134.0,75.0,139.0,83.0
23.68,134.0,75.0,139.0,83.0
23.88,120.0,75.0,127.0,83.0
24.08,120.0,95.0,119.0,83.0
24.28,136.0,99.0,141.0,83.0
24.48,148.0,77.0,142.0,83.0
24.68,148.0,75.0,143.0,83.0
24.88,135.0,75.0,146.0,83.0
25.08,113.0,75.0,144.0,83.0
25.28,151.0,75.0,144.0,83.0
25.48,111.0,75.0,141.0,83.0
25.68,92.0,75.0,140.0,83.0
25.88,130.0,107.0,142.0,83.0
26.08,94.0,79.0,140.0,83.0
26.28,140.0,114.0,142.0,116.0
26.48,139.0,80.0,140.0,112.0
26.68,149.0,108.0,143.0,112.0
26.88,109.0,79.0,140.0,87.0
27.08,130.0,106.0,142.0,83.0
27.28,91.0,79.0,140.0,83.0
27.48,140.0,119.0,143.0,111.0
27.68,123.0,88.0,142.0,93.0
27.88,142.0,96.0,142.0,102.0
28.08,142.0,103.0,141.0,87.0
28.28,136.0,101.0,142.0,103.0
28.48,109.0,85.0,142.0,91.0
28.68,127.0,96.0,142.0,101.0
28.88,128.0,95.0,144.0,100.0
29.08,131.0,102.0,140.0,127.0
29.28,95.0,78.0,139.0,130.0
29.48,141.0,109.0,135.0,130.0
29.68,140.0,84.0,139.0,131.0
29.88,123.0,76.0,125.0,130.0
30.08,127.0,107.0,140.0,130.0
30.28,91.0,79.0,140.0,91.0
30.48,139.0,118.0,142.0,115.0
30.68,123.0,82.0,141.0,87.0
30.88,144.0,114.0,142.0,117.0
31.08,134.0,82.0,141.0,89.0
31.28,145.0,112.0,143.0,115.0
31.48,109.0,83.0,141.0,90.0
31.68,144.0,112.0,143.0,115.0
31.88,136.0,83.0,141.0,91.0
32.08,151.0,117.0,142.0,120.0
32.28,110.0,82.0,141.0,104.0
32.48,128.0,95.0,144.0,101.0
32.68,126.0,91.0,142.0,97.0
32.88,103.0,82.0,141.0,89.0
33.08,118.0,98.0,142.0,102.0
33.28,112.0,88.0,142.0,93.0
33.48,116.0,122.0,142.0,124.0
33.68,123.0,101.0,144.0,103.0
33.88,124.0,94.0,142.0,99.0
34.08,131.0,99.0,145.0,101.0
34.28,109.0,101.0,142.0,97.0
34.48,138.0,105.0,145.0,105.0
34.68,109.0,89.0,141.0,95.0
34.88,139.0,104.0,145.0,106.0
35.08,108.0,107.0,142.0,95.0
35.28,133.0,104.0,146.0,104.0
35.48,110.0,92.0,142.0,97.0
35.68,119.0,91.0,144.0,97.0
35.88,110.0,92.0,142.0,98.0
36.08,135.0,100.0,145.0,104.0
36.28,108.0,93.0,141.0,96.0
36.48,139.0,106.0,144.0,109.0
36.68,108.0,86.0,141.0,93.0
36.88,140.0,109.0,143.0,113.0
37.08,108.0,84.0,141.0,91.0
37.28,141.0,113.0,142.0,117.0
37.48,109.0,82.0,141.0,128.0
37.68,98.0,79.0,141.0,97.0
37.88,117.0,98.0,140.0,126.0
38.08,87.0,78.0,139.0,130.0
38.28,126.0,97.0,145.0,131.0
38.48,107.0,89.0,142.0,115.0
38.68,92.0,78.0,141.0,89.0
38.88,116.0,97.0,142.0,103.0
39.08,92.0,77.0,140.0,86.0
39.28,123.0,101.0,142.0,106.0
39.48,89.0,78.0,140.0,115.0
39.68,125.0,103.0,142.0,112.0
39.88,94.0,78.0,140.0,87.0
40.08,123.0,102.0,142.0,107.0
40.28,115.0,78.0,140.0,86.0
40.48,141.0,107.0,142.0,111.0
40.68,105.0,79.0,140.0,87.0
40.88,126.0,104.0,142.0,108.0
41.08,94.0,79.0,140.0,86.0
41.28,123.0,101.0,142.0,106.0
41.48,93.0,78.0,140.0,86.0
41.68,127.0,105.0,141.0,124.0
41.88,94.0,79.0,139.0,130.0
42.08,89.0,75.0,129.0,130.0
42.28,138.0,105.0,141.0,116.0
42.48,136.0,79.0,140.0,88.0
42.68,143.0,112.0,142.0,115.0
42.88,96.0,79.0,141.0,87.0
43.08,140.0,113.0,143.0,116.0
43.28,134.0,82.0,141.0,90.0
43.48,159.0,107.0,144.0,109.0
43.68,111.0,86.0,142.0,92.0
43.88,101.0,80.0,141.0,88.0
44.08,114.0,95.0,142.0,101.0
44.28,97.0,83.0,141.0,90.0
44.48,116.0,97.0,142.0,102.0
44.68,101.0,81.0,141.0,89.0
44.88,136.0,96.0,142.0,102.0
45.08,142.0,85.0,142.0,92.0
45.28,119.0,95.0,142.0,100.0
45.48,139.0,104.0,145.0,106.0
45.68,140.0,88.0,141.0,94.0
45.88,160.0,108.0,143.0,111.0
46.08,111.0,86.0,140.0,128.0
46.28,92.0,76.0,140.0,98.0
46.48,138.0,118.0,142.0,114.0
46.68,123.0,82.0,140.0,87.0
46.88,145.0,116.0,143.0,118.0
47.08,109.0,82.0,141.0,90.0
47.28,128.0,98.0,145.0,101.0
47.48,108.0,123.0,142.0,96.0
47.68,137.0,108.0,145.0,106.0
47.88,107.0,89.0,141.0,94.0
48.08,135.0,103.0,145.0,105.0
48.28,128.0,87.0,141.0,94.0
48.48,144.0,105.0,144.0,108.0
48.68,108.0,87.0,141.0,94.0
48.88,137.0,106.0,144.0,108.0
49.08,109.0,86.0,141.0,93.0
49.28,140.0,104.0,144.0,107.0
49.49,137.0,87.0,141.0,94.0
49.69,156.0,111.0,143.0,113.0
49.89,114.0,84.0,141.0,91.0
50.09,143.0,111.0,143.0,114.0
50.29,114.0,125.0,141.0,92.0
50.49,143.0,129.0,142.0,116.0
50.69,110.0,104.0,140.0,129.0
50.89,92.0,79.0,110.0,130.0
51.09,136.0,111.0,134.0,131.0
51.29,95.0,80.0,138.0,130.0
51.49,140.0,107.0,136.0,132.0
51.69,115.0,110.0,139.0,131.0
51.89,93.0,80.0,126.0,130.0
52.09,120.0,100.0,138.0,131.0
52.29,93.0,78.0,139.0,130.0
52.49,137.0,107.0,143.0,130.0
52.69,108.0,107.0,141.0,105.0
52.89,133.0,105.0,145.0,107.0
53.09,139.0,89.0,141.0,95.0
53.29,132.0,90.0,143.0,95.0
53.49,137.0,93.0,142.0,99.0
53.69,134.0,77.0,141.0,85.0
53.89,125.0,99.0,142.0,104.0
54.09,105.0,83.0,141.0,91.0
54.29,140.0,97.0,142.0,102.0
54.49,108.0,78.0,140.0,86.0
54.69,125.0,102.0,141.0,124.0
54.89,94.0,78.0,139.0,129.0
55.09,123.0,94.0,117.0,132.0
55.29,110.0,91.0,137.0,131.0
55.49,92.0,76.0,124.0,130.0
55.69,140.0,114.0,132.0,131.0
55.89,108.0,82.0,138.0,131.0
56.09,105.0,83.0,112.0,131.0
56.29,116.0,96.0,137.0,131.0
56.49,92.0,77.0,130.0,130.0
56.69,138.0,109.0,141.0,130.0
56.89,108.0,84.0,141.0,94.0
57.09,145.0,110.0,143.0,114.0
57.29,109.0,88.0,140.0,128.0
57.49,91.0,76.0,115.0,130.0
57.69,134.0,101.0,140.0,124.0
57.89,108.0,88.0,141.0,98.0
58.09,124.0,97.0,144.0,101.0
58.29,139.0,100.0,142.0,97.0
58.49,163.0,101.0,145.0,103.0
58.69,140.0,90.0,142.0,118.0
58.89,111.0,81.0,141.0,97.0
59.09,119.0,98.0,142.0,104.0
59.29,93.0,77.0,140.0,86.0
59.49,125.0,121.0,142.0,108.0
59.69,94.0,100.0,140.0,87.0
59.89,122.0,103.0,142.0,105.0
60.09,119.0,93.0,143.0,98.0
60.29,111.0,93.0,142.0,99.0
60.49,122.0,94.0,143.0,99.0
60.69,111.0,92.0,140.0,126.0
60.89,92.0,77.0,129.0,130.0
61.09,139.0,107.0,126.0,131.0
61.29,108.0,85.0,138.0,131.0
61.49,92.0,75.0,130.0,130.0
61.69,128.0,105.0,138.0,131.0
61.89,94.0,78.0,139.0,130.0
62.09,140.0,107.0,129.0,132.0
62.29,139.0,98.0,138.0,131.0
62.49,114.0,78.0,110.0,130.0
62.69,126.0,102.0,136.0,131.0
62.89,94.0,78.0,139.0,108.0
63.09,139.0,114.0,142.0,120.0
63.29,135.0,127.0,141.0,105.0
63.49,159.0,120.0,144.0,123.0
63.69,111.0,126.0,141.0,94.0
63.89,139.0,113.0,144.0,109.0
64.09,108.0,87.0,141.0,93.0
64.29,141.0,105.0,144.0,108.0
64.49,117.0,87.0,142.0,94.0
64.69,134.0,100.0,145.0,103.0
64.89,108.0,89.0,142.0,95.0
65.09,133.0,99.0,145.0,103.0
65.29,137.0,107.0,142.0,96.0
65.49,136.0,101.0,145.0,102.0
65.69,109.0,91.0,141.0,97.0
65.89,138.0,107.0,144.0,110.0
66.09,108.0,86.0,141.0,93.0
66.29,139.0,108.0,144.0,111.0
66.49,104.0,85.0,141.0,105.0
66.69,138.0,109.0,143.0,114.0
66.89,139.0,85.0,141.0,126.0
67.09,157.0,108.0,144.0,116.0
67.29,122.0,85.0,141.0,93.0
67.49,141.0,109.0,143.0,112.0
67.69,108.0,85.0,141.0,92.0
67.89,141.0,106.0,144.0,110.0
68.09,117.0,87.0,141.0,94.0
68.29,143.0,107.0,144.0,110.0
68.49,137.0,86.0,141.0,93.0
68.69,142.0,107.0,143.0,111.0
68.89,140.0,85.0,141.0,92.0
69.09,161.0,107.0,144.0,111.0
69.29,111.0,85.0,141.0,92.0
69.49,142.0,110.0,144.0,113.0
69.69,125.0,85.0,141.0,92.0
69.89,142.0,114.0,142.0,116.0
70.09,126.0,91.0,141.0,90.0
70.29,143.0,112.0,143.0,114.0
70.49,109.0,83.0,141.0,107.0
70.69,141.0,114.0,142.0,119.0
70.89,108.0,82.0,141.0,90.0
71.09,141.0,113.0,142.0,116.0
71.29,108.0,86.0,141.0,90.0
71.49,140.0,114.0,142.0,117.0
71.69,139.0,82.0,141.0,90.0
71.89,153.0,115.0,142.0,118.0
72.09,140.0,81.0,141.0,89.0
72.29,153.0,114.0,143.0,117.0
72.49,140.0,82.0,140.0,89.0
72.69,139.0,110.0,143.0,114.0
72.89,96.0,79.0,140.0,87.0
73.09,139.0,109.0,142.0,113.0
73.29,105.0,79.0,140.0,87.0
73.49,134.0,111.0,142.0,115.0
73.69,95.0,79.0,141.0,87.0
73.89,140.0,117.0,142.0,120.0
74.09,139.0,80.0,140.0,88.0
74.29,150.0,113.0,142.0,116.0
74.49,109.0,80.0,140.0,88.0
74.69,141.0,117.0,142.0,120.0
74.89,140.0,80.0,140.0,88.0
75.09,150.0,117.0,142.0,119.0
75.29,110.0,81.0,140.0,88.0
75.49,137.0,112.0,142.0,115.0
75.69,96.0,79.0,140.0,87.0
75.89,140.0,116.0,143.0,119.0
76.09,135.0,80.0,140.0,88.0
76.29,139.0,109.0,143.0,113.0
76.49,96.0,79.0,140.0,87.0
76.69,141.0,119.0,142.0,122.0
76.89,109.0,81.0,140.0,89.0
77.09,141.0,116.0,142.0,120.0
77.29,109.0,86.0,140.0,88.0
77.49,141.0,111.0,142.0,114.0
77.69,140.0,79.0,140.0,87.0
77.89,139.0,108.0,143.0,112.0
78.09,96.0,79.0,140.0,87.0
78.29,140.0,106.0,142.0,111.0
78.49,140.0,79.0,140.0,87.0
78.69,149.0,114.0,142.0,117.0
78.89,97.0,80.0,140.0,88.0
79.09,140.0,109.0,142.0,113.0
79.29,120.0,79.0,140.0,87.0
79.49,133.0,105.0,142.0,109.0
79.69,92.0,79.0,140.0,87.0
79.89,134.0,111.0,142.0,115.0
80.09,95.0,79.0,140.0,87.0
80.29,127.0,105.0,142.0,109.0
80.49,94.0,78.0,140.0,87.0
80.69,123.0,102.0,142.0,107.0
80.89,93.0,78.0,140.0,86.0
81.09,130.0,107.0,142.0,112.0
81.29,94.0,79.0,140.0,87.0
81.49,136.0,110.0,143.0,114.0
81.69,115.0,79.0,140.0,87.0
81.89,141.0,116.0,143.0,119.0
82.09,108.0,80.0,140.0,88.0
82.29,141.0,116.0,143.0,118.0
82.49,108.0,80.0,140.0,88.0
82.69,127.0,104.0,142.0,109.0
82.89,94.0,78.0,140.0,87.0
83.09,126.0,105.0,142.0,110.0
83.29,94.0,79.0,140.0,87.0
83.49,132.0,109.0,141.0,123.0
83.69,95.0,79.0,139.0,129.0
83.89,113.0,88.0,115.0,132.0
84.09,139.0,94.0,138.0,105.0
84.29,136.0,77.0,139.0,86.0
84.49,133.0,105.0,142.0,109.0
84.69,95.0,78.0,140.0,87.0
84.89,125.0,103.0,142.0,108.0
85.10,88.0,78.0,140.0,87.0
85.30,131.0,118.0,142.0,114.0
85.50,94.0,85.0,140.0,87.0
85.70,139.0,113.0,143.0,116.0
85.90,132.0,79.0,140.0,87.0
86.10,141.0,110.0,142.0,123.0
86.30,96.0,79.0,140.0,92.0
86.50,140.0,116.0,142.0,120.0
86.70,140.0,80.0,140.0,88.0
86.90,153.0,113.0,143.0,117.0
87.10,110.0,81.0,141.0,89.0
87.30,141.0,115.0,142.0,119.0
87.50,119.0,81.0,141.0,88.0
87.70,144.0,117.0,143.0,120.0
87.90,109.0,80.0,140.0,88.0
88.10,142.0,117.0,142.0,120.0
88.30,129.0,80.0,140.0,88.0
88.50,144.0,111.0,142.0,115.0
88.70,109.0,79.0,140.0,87.0
88.90,142.0,117.0,142.0,120.0
89.10,135.0,80.0,141.0,88.0
89.30,153.0,114.0,142.0,117.0
89.50,141.0,82.0,141.0,89.0
89.70,156.0,113.0,142.0,117.0
89.90,126.0,82.0,141.0,104.0
90.10,144.0,116.0,142.0,121.0
90.30,109.0,96.0,141.0,92.0
90.50,142.0,115.0,142.0,117.0
90.70,109.0,83.0,141.0,90.0
90.90,141.0,114.0,142.0,118.0
91.10,108.0,82.0,141.0,90.0
91.30,141.0,111.0,142.0,116.0
91.50,139.0,83.0,141.0,91.0
91.70,154.0,112.0,142.0,116.0
91.90,110.0,83.0,141.0,90.0
92.10,141.0,114.0,142.0,118.0
92.30,109.0,82.0,140.0,90.0
92.50,141.0,115.0,142.0,119.0
92.70,135.0,81.0,141.0,89.0
92.90,153.0,112.0,142.0,116.0
93.10,110.0,82.0,141.0,90.0
93.30,139.0,111.0,143.0,115.0
93.50,108.0,82.0,141.0,90.0
93.70,140.0,111.0,142.0,116.0
93.90,108.0,83.0,141.0,100.0
94.10,138.0,108.0,143.0,114.0
94.30,121.0,96.0,141.0,92.0
94.50,141.0,107.0,143.0,110.0
94.70,108.0,85.0,141.0,93.0
94.90,139.0,107.0,143.0,112.0
95.10,108.0,85.0,141.0,92.0
95.30,139.0,104.0,143.0,109.0
95.50,108.0,87.0,141.0,94.0
95.70,135.0,101.0,144.0,106.0
95.90,133.0,88.0,141.0,95.0
96.10,128.0,97.0,144.0,103.0
96.30,108.0,90.0,142.0,97.0
96.50,126.0,96.0,144.0,102.0
96.70,109.0,92.0,142.0,97.0
96.90,128.0,98.0,144.0,103.0
97.10,108.0,108.0,142.0,97.0
97.30,118.0,95.0,143.0,99.0
97.50,109.0,92.0,142.0,98.0
97.70,121.0,93.0,143.0,99.0
97.90,139.0,114.0,142.0,99.0
98.10,159.0,98.0,143.0,101.0
98.30,114.0,92.0,141.0,98.0
98.50,140.0,106.0,143.0,110.0
98.70,108.0,107.0,141.0,93.0
98.90,135.0,103.0,144.0,106.0
99.10,124.0,88.0,142.0,95.0
99.30,137.0,101.0,144.0,107.0
99.50,108.0,88.0,142.0,95.0
99.70,143.0,104.0,144.0,109.0
99.90,111.0,87.0,141.0,94.0
100.10,139.0,104.0,143.0,109.0
100.30,108.0,86.0,141.0,94.0
100.50,139.0,104.0,144.0,109.0
100.70,110.0,87.0,141.0,94.0
100.90,138.0,103.0,144.0,108.0
101.10,110.0,87.0,141.0,94.0
101.30,141.0,109.0,143.0,113.0
101.50,108.0,86.0,141.0,92.0
101.70,139.0,105.0,143.0,110.0
101.90,108.0,86.0,141.0,93.0
102.10,139.0,108.0,143.0,113.0
102.30,112.0,91.0,141.0,92.0
102.50,140.0,112.0,142.0,116.0
102.70,108.0,83.0,141.0,90.0
102.90,140.0,113.0,142.0,117.0
103.10,139.0,82.0,141.0,89.0
103.30,152.0,114.0,142.0,118.0
103.50,110.0,81.0,141.0,89.0
103.70,138.0,117.0,142.0,117.0
103.90,95.0,89.0,140.0,88.0
104.10,131.0,110.0,142.0,113.0
104.30,95.0,79.0,140.0,87.0
104.50,126.0,104.0,142.0,109.0
104.70,88.0,78.0,140.0,87.0
104.90,117.0,98.0,142.0,104.0
105.10,112.0,88.0,142.0,95.0
105.30,115.0,94.0,142.0,100.0
105.50,127.0,95.0,144.0,102.0
105.70,139.0,98.0,142.0,97.0
105.90,164.0,102.0,144.0,107.0
106.10,115.0,88.0,141.0,95.0
106.30,140.0,107.0,143.0,112.0
106.50,108.0,85.0,141.0,105.0
106.70,139.0,109.0,143.0,115.0
106.90,121.0,104.0,141.0,92.0
107.10,141.0,113.0,142.0,115.0
107.30,108.0,84.0,141.0,91.0
107.50,141.0,115.0,142.0,118.0
107.70,121.0,81.0,140.0,89.0
107.90,140.0,113.0,142.0,117.0
108.10,96.0,79.0,140.0,88.0
108.30,126.0,105.0,142.0,110.0
108.50,94.0,79.0,140.0,87.0
108.70,119.0,99.0,142.0,105.0
108.90,109.0,87.0,142.0,93.0
109.10,113.0,94.0,142.0,100.0
109.30,126.0,97.0,144.0,103.0
109.50,108.0,123.0,142.0,97.0
109.70,137.0,108.0,144.0,108.0
109.90,126.0,87.0,141.0,94.0
110.10,159.0,107.0,143.0,112.0
110.30,111.0,124.0,141.0,93.0
110.50,140.0,117.0,142.0,115.0
110.70,108.0,84.0,141.0,91.0
110.90,140.0,112.0,142.0,116.0
111.10,108.0,84.0,141.0,90.0
111.30,141.0,115.0,142.0,119.0
111.50,108.0,81.0,141.0,89.0
111.70,140.0,116.0,142.0,119.0
111.90,139.0,80.0,140.0,88.0
112.10,149.0,114.0,142.0,120.0
112.30,97.0,80.0,140.0,90.0
112.50,139.0,107.0,142.0,112.0
112.70,118.0,79.0,140.0,87.0
112.90,143.0,103.0,142.0,108.0
113.10,118.0,79.0,141.0,88.0
113.30,120.0,96.0,142.0,102.0
113.50,112.0,87.0,142.0,95.0
113.70,113.0,94.0,142.0,100.0
113.90,132.0,100.0,145.0,105.0
114.10,125.0,94.0,142.0,96.0
114.30,141.0,106.0,143.0,110.0
114.50,140.0,111.0,141.0,106.0
114.70,156.0,112.0,143.0,115.0
114.90,110.0,85.0,141.0,92.0
115.10,140.0,113.0,142.0,117.0
115.30,108.0,82.0,141.0,90.0
115.50,140.0,115.0,142.0,119.0
115.70,120.0,81.0,141.0,89.0
115.90,138.0,113.0,142.0,116.0
116.10,96.0,79.0,140.0,88.0
116.30,127.0,105.0,142.0,110.0
116.50,94.0,78.0,140.0,87.0
116.70,130.0,99.0,142.0,104.0
116.90,111.0,86.0,142.0,94.0
117.10,113.0,116.0,142.0,100.0
117.30,127.0,100.0,144.0,103.0
117.50,108.0,91.0,142.0,97.0
117.70,134.0,99.0,144.0,105.0
117.90,108.0,89.0,141.0,96.0
118.10,138.0,106.0,143.0,111.0
118.30,139.0,99.0,141.0,93.0
118.50,157.0,112.0,142.0,115.0
118.70,142.0,83.0,141.0,91.0
118.90,156.0,112.0,142.0,116.0
119.10,111.0,83.0,141.0,90.0
119.30,140.0,113.0,142.0,117.0
119.50,108.0,82.0,141.0,90.0
119.70,140.0,116.0,142.0,120.0
119.90,108.0,80.0,141.0,88.0
120.10,141.0,117.0,142.0,120.0
120.31,108.0,86.0,141.0,90.0
120.51,141.0,114.0,142.0,117.0
120.71,108.0,80.0,140.0,88.0
120.91,141.0,104.0,142.0,109.0
121.11,109.0,79.0,141.0,87.0
121.31,119.0,98.0,142.0,103.0
121.51,104.0,83.0,141.0,91.0
121.71,114.0,95.0,142.0,101.0
121.91,118.0,90.0,143.0,97.0
122.11,139.0,93.0,142.0,125.0
122.31,148.0,99.0,144.0,112.0
122.51,110.0,123.0,142.0,104.0
122.71,139.0,126.0,143.0,110.0
122.91,108.0,90.0,141.0,94.0
123.11,139.0,108.0,143.0,113.0
123.31,112.0,119.0,141.0,92.0
123.51,146.0,130.0,143.0,115.0
123.71,119.0,97.0,141.0,91.0
123.91,142.0,114.0,142.0,116.0
124.11,116.0,83.0,141.0,90.0
124.31,141.0,115.0,142.0,119.0
124.51,109.0,81.0,141.0,89.0
124.71,137.0,113.0,142.0,116.0
124.91,95.0,80.0,140.0,88.0
125.11,126.0,105.0,142.0,110.0
125.31,94.0,79.0,140.0,87.0
125.51,119.0,99.0,142.0,104.0
125.71,107.0,85.0,142.0,93.0
125.91,113.0,94.0,142.0,100.0
126.11,124.0,95.0,144.0,101.0
126.31,139.0,123.0,142.0,98.0
126.51,152.0,108.0,144.0,107.0
126.71,142.0,118.0,141.0,95.0
126.91,163.0,127.0,143.0,125.0
127.11,111.0,89.0,141.0,95.0
127.31,140.0,109.0,143.0,113.0
127.51,108.0,85.0,141.0,92.0
127.71,140.0,113.0,142.0,117.0
127.91,108.0,82.0,141.0,90.0
128.11,140.0,116.0,142.0,119.0
128.31,117.0,80.0,140.0,89.0
128.51,142.0,116.0,142.0,120.0
128.71,140.0,80.0,140.0,88.0
128.91,149.0,109.0,142.0,113.0
129.11,141.0,79.0,140.0,87.0
129.31,131.0,115.0,142.0,107.0
129.51,94.0,80.0,140.0,86.0
129.71,129.0,99.0,142.0,104.0
129.91,112.0,87.0,142.0,94.0
130.11,122.0,94.0,142.0,125.0
130.31,123.0,94.0,144.0,107.0
130.51,139.0,123.0,142.0,99.0
130.71,153.0,107.0,144.0,107.0
130.91,110.0,89.0,141.0,95.0
131.11,140.0,108.0,143.0,112.0
131.31,108.0,85.0,141.0,93.0
131.51,139.0,109.0,143.0,114.0
131.71,108.0,94.0,141.0,91.0
131.91,139.0,113.0,142.0,116.0
132.11,108.0,83.0,141.0,90.0
132.31,140.0,114.0,142.0,118.0
132.51,120.0,103.0,141.0,89.0
132.71,142.0,119.0,142.0,120.0
132.91,117.0,81.0,140.0,88.0
133.11,132.0,107.0,142.0,112.0
133.31,95.0,79.0,140.0,87.0
133.51,139.0,106.0,142.0,108.0
133.71,123.0,79.0,140.0,86.0
133.91,122.0,98.0,142.0,104.0
134.11,111.0,87.0,142.0,94.0
134.31,139.0,94.0,142.0,100.0
134.51,163.0,98.0,144.0,104.0
134.71,121.0,90.0,141.0,97.0
134.91,140.0,105.0,143.0,110.0
135.11,127.0,86.0,141.0,93.0
135.31,141.0,107.0,143.0,112.0
135.51,108.0,85.0,141.0,92.0
135.71,139.0,109.0,143.0,114.0
135.91,108.0,95.0,141.0,91.0
136.11,140.0,114.0,142.0,116.0
136.31,116.0,83.0,141.0,90.0
136.51,141.0,116.0,142.0,119.0
136.71,110.0,84.0,141.0,89.0
136.91,133.0,110.0,142.0,114.0
137.11,95.0,79.0,140.0,87.0
137.31,126.0,105.0,142.0,110.0
137.51,94.0,78.0,141.0,87.0
137.71,117.0,98.0,142.0,103.0
137.91,97.0,80.0,141.0,88.0
138.11,115.0,96.0,142.0,124.0
138.31,107.0,86.0,142.0,98.0
138.51,113.0,122.0,142.0,101.0
138.71,121.0,107.0,143.0,100.0
138.91,109.0,93.0,142.0,98.0
139.11,135.0,102.0,144.0,107.0
139.31,108.0,88.0,141.0,95.0
139.51,139.0,105.0,143.0,109.0
139.71,128.0,93.0,141.0,93.0
139.91,142.0,108.0,143.0,112.0
140.11,113.0,85.0,141.0,97.0
140.31,140.0,112.0,142.0,116.0
140.51,139.0,83.0,141.0,90.0
140.71,154.0,113.0,142.0,117.0
140.91,118.0,82.0,141.0,89.0
141.11,142.0,116.0,142.0,119.0
141.31,108.0,81.0,141.0,88.0
141.51,140.0,113.0,142.0,116.0
141.71,139.0,80.0,140.0,87.0
141.91,148.0,108.0,142.0,113.0
142.11,109.0,79.0,140.0,87.0
142.31,141.0,104.0,142.0,109.0
142.51,122.0,79.0,140.0,87.0
142.71,143.0,112.0,142.0,104.0
142.91,121.0,86.0,142.0,92.0
143.11,115.0,95.0,142.0,100.0
143.31,128.0,97.0,144.0,103.0
143.51,108.0,90.0,142.0,97.0
143.71,138.0,103.0,144.0,108.0
143.91,127.0,87.0,141.0,94.0
144.11,142.0,105.0,143.0,109.0
144.31,108.0,87.0,141.0,93.0
144.51,139.0,109.0,143.0,114.0
144.71,108.0,84.0,141.0,91.0
144.91,140.0,113.0,142.0,117.0
145.11,116.0,82.0,141.0,90.0
145.31,141.0,112.0,142.0,116.0
145.51,116.0,82.0,141.0,90.0
145.71,141.0,115.0,142.0,119.0
145.91,110.0,85.0,140.0,89.0
146.11,141.0,116.0,142.0,120.0
146.31,140.0,80.0,140.0,90.0
146.51,142.0,109.0,142.0,114.0
146.71,96.0,79.0,140.0,87.0
146.91,122.0,101.0,142.0,106.0
147.11,100.0,82.0,141.0,89.0
147.31,115.0,96.0,142.0,102.0
147.51,107.0,86.0,142.0,93.0
147.71,113.0,94.0,142.0,100.0
147.91,126.0,95.0,144.0,101.0
148.11,111.0,91.0,142.0,98.0
148.31,137.0,102.0,144.0,107.0
148.51,108.0,88.0,141.0,95.0
148.71,139.0,107.0,143.0,112.0
148.91,115.0,85.0,141.0,92.0
149.11,141.0,112.0,142.0,116.0
149.31,108.0,83.0,141.0,90.0
149.51,140.0,113.0,142.0,117.0
149.71,108.0,82.0,141.0,90.0
149.91,140.0,115.0,142.0,119.0
150.11,140.0,81.0,141.0,89.0
150.31,150.0,113.0,142.0,121.0
150.51,110.0,80.0,140.0,103.0
150.71,130.0,119.0,142.0,114.0
150.91,125.0,81.0,140.0,87.0
151.11,127.0,101.0,142.0,106.0
151.31,101.0,82.0,141.0,89.0
151.51,115.0,96.0,142.0,102.0
151.71,123.0,95.0,144.0,101.0
151.91,117.0,121.0,142.0,98.0
152.11,137.0,106.0,144.0,107.0
152.31,108.0,88.0,141.0,95.0
152.51,138.0,105.0,143.0,110.0
152.71,116.0,86.0,141.0,93.0
152.91,140.0,109.0,143.0,113.0
153.11,108.0,84.0,141.0,92.0
153.31,139.0,110.0,142.0,114.0
153.51,108.0,83.0,141.0,91.0
153.71,140.0,112.0,142.0,116.0
153.91,108.0,86.0,141.0,90.0
154.11,140.0,115.0,142.0,119.0
154.31,139.0,95.0,140.0,89.0
154.51,149.0,114.0,142.0,116.0
154.71,110.0,79.0,140.0,88.0
154.91,129.0,119.0,142.0,110.0
155.11,94.0,87.0,140.0,87.0
155.31,139.0,102.0,142.0,124.0
155.51,119.0,83.0,141.0,97.0
155.71,142.0,96.0,141.0,102.0
155.91,137.0,93.0,143.0,100.0
156.11,121.0,92.0,141.0,98.0
156.31,136.0,100.0,144.0,106.0
156.51,109.0,88.0,141.0,96.0
156.71,140.0,105.0,143.0,110.0
156.91,109.0,87.0,141.0,94.0
157.11,140.0,110.0,142.0,114.0
157.31,108.0,83.0,141.0,91.0
157.51,140.0,114.0,142.0,118.0
157.71,139.0,82.0,140.0,89.0
157.91,152.0,116.0,142.0,119.0
158.11,141.0,81.0,140.0,89.0
158.31,149.0,110.0,142.0,122.0
158.51,109.0,79.0,140.0,101.0
158.71,128.0,105.0,142.0,112.0
158.92,94.0,79.0,140.0,87.0
159.12,120.0,104.0,142.0,104.0
159.32,105.0,85.0,141.0,92.0
159.52,139.0,95.0,142.0,101.0
159.72,153.0,98.0,144.0,104.0
159.92,111.0,90.0,142.0,97.0
160.12,137.0,102.0,144.0,108.0
160.32,111.0,88.0,141.0,95.0
160.52,139.0,106.0,143.0,110.0
160.72,108.0,86.0,141.0,93.0
160.92,140.0,111.0,142.0,115.0
161.12,130.0,83.0,141.0,91.0
161.32,151.0,115.0,142.0,118.0
161.52,110.0,81.0,140.0,89.0
161.72,138.0,113.0,142.0,117.0
161.92,96.0,80.0,140.0,88.0
162.12,139.0,119.0,142.0,122.0
162.32,115.0,93.0,140.0,91.0
162.52,142.0,114.0,142.0,105.0
162.72,126.0,90.0,142.0,95.0
162.92,115.0,95.0,142.0,100.0
163.12,126.0,95.0,144.0,101.0
163.32,109.0,91.0,141.0,98.0
163.52,138.0,104.0,144.0,109.0
163.72,108.0,87.0,141.0,94.0
163.92,139.0,109.0,143.0,113.0
164.12,108.0,84.0,141.0,92.0
164.32,140.0,111.0,142.0,115.0
164.52,108.0,87.0,141.0,90.0
164.72,140.0,116.0,142.0,119.0
164.92,108.0,88.0,140.0,89.0
165.12,136.0,119.0,142.0,115.0
165.32,95.0,94.0,140.0,87.0
165.52,125.0,106.0,142.0,109.0
165.72,94.0,79.0,141.0,87.0
165.92,117.0,97.0,142.0,103.0
166.12,120.0,93.0,143.0,100.0
166.32,139.0,96.0,142.0,98.0
166.52,160.0,102.0,144.0,107.0
166.72,115.0,88.0,141.0,95.0
166.92,140.0,108.0,143.0,112.0
167.12,116.0,85.0,141.0,92.0
167.32,141.0,111.0,142.0,115.0
167.52,108.0,83.0,141.0,91.0
167.72,140.0,115.0,142.0,119.0
167.92,114.0,81.0,140.0,89.0
168.12,138.0,113.0,142.0,117.0
168.32,96.0,79.0,140.0,88.0
168.52,131.0,108.0,142.0,113.0
168.72,95.0,79.0,140.0,87.0
168.92,123.0,103.0,142.0,108.0
169.12,99.0,81.0,141.0,89.0
169.32,115.0,122.0,142.0,102.0
169.52,111.0,91.0,142.0,94.0
169.72,112.0,94.0,142.0,100.0
169.92,133.0,100.0,144.0,105.0
170.12,139.0,89.0,141.0,96.0
170.32,143.0,105.0,143.0,110.0
170.52,140.0,110.0,141.0,93.0
170.72,157.0,113.0,142.0,114.0
170.92,142.0,84.0,141.0,91.0
171.12,155.0,113.0,142.0,117.0
171.32,110.0,82.0,141.0,90.0
171.52,141.0,116.0,142.0,120.0
171.72,108.0,80.0,140.0,88.0
171.92,136.0,112.0,142.0,116.0
172.12,95.0,80.0,140.0,87.0
172.32,127.0,103.0,142.0,108.0
172.52,94.0,78.0,140.0,86.0
172.72,119.0,99.0,142.0,105.0
172.92,104.0,83.0,141.0,91.0
173.12,115.0,95.0,142.0,101.0
173.32,132.0,98.0,144.0,104.0
173.52,113.0,90.0,141.0,97.0
173.72,139.0,105.0,143.0,110.0
173.92,109.0,87.0,141.0,93.0
174.12,140.0,110.0,142.0,114.0
174.32,139.0,94.0,141.0,91.0
174.52,153.0,115.0,142.0,118.0
174.72,116.0,82.0,140.0,89.0
174.92,142.0,116.0,142.0,119.0
175.12,96.0,80.0,140.0,88.0
175.32,139.0,107.0,142.0,112.0
175.52,132.0,79.0,140.0,87.0
175.72,126.0,100.0,142.0,105.0
175.92,106.0,84.0,141.0,92.0
176.12,115.0,95.0,142.0,101.0
176.32,130.0,97.0,144.0,103.0
176.52,140.0,107.0,142.0,97.0
176.72,153.0,103.0,144.0,105.0
176.92,142.0,89.0,141.0,95.0
177.12,156.0,104.0,143.0,109.0
177.32,111.0,87.0,141.0,94.0
177.52,140.0,110.0,143.0,114.0
177.72,108.0,95.0,141.0,91.0
177.92,141.0,115.0,142.0,117.0
178.12,108.0,82.0,140.0,89.0
178.32,141.0,115.0,142.0,120.0
178.52,109.0,80.0,140.0,95.0
178.72,132.0,108.0,142.0,114.0
178.92,95.0,79.0,140.0,87.0
179.12,121.0,100.0,142.0,106.0
179.32,103.0,83.0,141.0,91.0
179.52,114.0,95.0,142.0,101.0
179.72,119.0,92.0,143.0,98.0
179.92,111.0,92.0,142.0,98.0
180.12,135.0,102.0,144.0,107.0
180.32,113.0,88.0,141.0,95.0
180.52,140.0,108.0,143.0,112.0
180.72,108.0,96.0,141.0,92.0
180.92,140.0,113.0,142.0,115.0
181.12,108.0,83.0,140.0,90.0
181.32,140.0,115.0,142.0,119.0
181.52,108.0,81.0,140.0,89.0
181.72,134.0,111.0,142.0,115.0
181.92,95.0,79.0,140.0,87.0
182.12,140.0,120.0,142.0,123.0
182.32,140.0,87.0,141.0,90.0
182.52,146.0,111.0,142.0,104.0
182.72,145.0,93.0,143.0,98.0
182.92,114.0,92.0,142.0,99.0
183.12,135.0,100.0,144.0,106.0
183.32,108.0,89.0,141.0,96.0
183.52,141.0,116.0,144.0,112.0
183.72,126.0,99.0,141.0,106.0
183.92,140.0,105.0,143.0,110.0
184.12,108.0,87.0,141.0,94.0
184.32,140.0,107.0,143.0,112.0
184.52,139.0,85.0,141.0,92.0
184.72,156.0,111.0,142.0,115.0
184.92,137.0,83.0,141.0,90.0
185.12,152.0,115.0,142.0,119.0
185.32,110.0,87.0,140.0,88.0
185.52,141.0,114.0,142.0,117.0
185.72,140.0,79.0,140.0,88.0
185.92,137.0,106.0,142.0,111.0
186.12,95.0,79.0,140.0,87.0
186.32,139.0,98.0,142.0,104.0
186.52,128.0,88.0,142.0,95.0
186.72,114.0,122.0,141.0,99.0
186.92,127.0,100.0,144.0,110.0
187.12,109.0,91.0,141.0,98.0
187.32,139.0,104.0,143.0,109.0
187.52,108.0,87.0,141.0,94.0
187.72,140.0,109.0,142.0,114.0
187.92,108.0,84.0,141.0,91.0
188.12,141.0,112.0,142.0,116.0
188.32,133.0,82.0,141.0,90.0
188.52,144.0,114.0,142.0,118.0
188.72,121.0,81.0,140.0,89.0
188.92,143.0,112.0,142.0,116.0
189.12,122.0,80.0,140.0,87.0
189.32,143.0,104.0,142.0,108.0
189.52,110.0,79.0,141.0,87.0
189.72,119.0,98.0,141.0,103.0
189.92,121.0,93.0,143.0,99.0
190.12,110.0,92.0,141.0,126.0
190.32,137.0,101.0,144.0,112.0
190.52,140.0,108.0,141.0,96.0
190.72,161.0,109.0,143.0,111.0
190.92,127.0,91.0,141.0,93.0
191.12,142.0,110.0,142.0,113.0
191.32,110.0,84.0,141.0,95.0
191.52,141.0,113.0,142.0,118.0
191.72,108.0,82.0,141.0,89.0
191.92,141.0,115.0,142.0,119.0
192.12,108.0,80.0,140.0,88.0
192.32,134.0,110.0,142.0,114.0
192.52,95.0,79.0,140.0,87.0
192.72,123.0,101.0,142.0,106.0
192.92,93.0,78.0,140.0,86.0
193.12,118.0,98.0,142.0,104.0
193.32,115.0,90.0,143.0,97.0
193.52,111.0,93.0,141.0,99.0
193.72,134.0,101.0,144.0,106.0
193.92,108.0,88.0,141.0,95.0
194.12,139.0,105.0,143.0,110.0
194.32,108.0,86.0,141.0,93.0
194.52,139.0,107.0,143.0,112.0
194.72,108.0,85.0,141.0,92.0
194.92,140.0,112.0,142.0,116.0
195.12,108.0,82.0,141.0,90.0
195.32,140.0,115.0,142.0,118.0
195.52,140.0,87.0,140.0,89.0
195.72,145.0,113.0,142.0,116.0
195.92,97.0,80.0,140.0,87.0
196.12,128.0,107.0,142.0,111.0
196.32,94.0,79.0,140.0,87.0
196.52,139.0,99.0,142.0,104.0
196.73,142.0,79.0,141.0,87.0
196.93,122.0,96.0,142.0,102.0
197.13,122.0,92.0,143.0,100.0
197.33,118.0,92.0,141.0,98.0
197.53,137.0,102.0,144.0,108.0
197.73,112.0,88.0,141.0,95.0
197.93,139.0,108.0,143.0,113.0
198.13,139.0,85.0,141.0,92.0
198.33,155.0,112.0,142.0,116.0
198.53,115.0,99.0,141.0,98.0
198.73,141.0,117.0,142.0,120.0
198.93,111.0,81.0,140.0,89.0
199.13,141.0,111.0,142.0,115.0
199.33,128.0,79.0,140.0,87.0
199.53,143.0,103.0,142.0,108.0
199.73,101.0,80.0,141.0,89.0
199.93,125.0,96.0,142.0,102.0
200.13,112.0,87.0,142.0,94.0
200.33,113.0,94.0,142.0,100.0
200.53,133.0,99.0,144.0,105.0
200.73,115.0,89.0,141.0,96.0
200.93,140.0,106.0,143.0,111.0
201.13,127.0,99.0,141.0,93.0
201.33,142.0,112.0,142.0,115.0
201.53,109.0,83.0,141.0,91.0
201.73,140.0,114.0,142.0,118.0
201.93,109.0,81.0,141.0,89.0
202.13,140.0,117.0,142.0,121.0
202.33,96.0,92.0,140.0,91.0
202.53,139.0,121.0,142.0,111.0
202.73,108.0,81.0,140.0,87.0
202.93,121.0,121.0,142.0,105.0
203.13,113.0,96.0,142.0,96.0
203.33,112.0,95.0,142.0,100.0
203.53,133.0,100.0,144.0,105.0
203.73,108.0,89.0,141.0,96.0
203.93,138.0,105.0,143.0,110.0
204.13,108.0,86.0,141.0,93.0
204.33,140.0,110.0,143.0,114.0
204.53,140.0,84.0,141.0,91.0
204.73,154.0,113.0,142.0,117.0
204.93,110.0,82.0,140.0,89.0
205.13,141.0,116.0,142.0,120.0
205.33,109.0,82.0,140.0,88.0
205.53,141.0,109.0,142.0,122.0
205.73,111.0,79.0,140.0,89.0
205.93,124.0,101.0,142.0,106.0
206.13,107.0,85.0,142.0,93.0
206.33,139.0,95.0,142.0,101.0
206.53,143.0,97.0,144.0,102.0
206.73,111.0,91.0,141.0,97.0
206.93,139.0,104.0,143.0,109.0
207.13,108.0,86.0,141.0,94.0
207.33,140.0,109.0,143.0,113.0
207.53,109.0,84.0,141.0,92.0
207.73,140.0,113.0,142.0,117.0
207.93,108.0,82.0,140.0,90.0
208.13,140.0,116.0,142.0,120.0
208.33,108.0,92.0,140.0,88.0
208.53,136.0,110.0,142.0,113.0
208.73,95.0,79.0,140.0,87.0
208.93,122.0,102.0,142.0,107.0
209.13,105.0,84.0,141.0,92.0
209.33,114.0,95.0,142.0,101.0
209.53,125.0,95.0,144.0,101.0
209.73,116.0,91.0,141.0,97.0
209.93,137.0,101.0,144.0,107.0
210.13,122.0,88.0,141.0,126.0
210.33,142.0,107.0,143.0,117.0
210.53,108.0,98.0,141.0,98.0
210.73,140.0,113.0,142.0,116.0
210.93,108.0,83.0,141.0,91.0
211.13,140.0,113.0,142.0,117.0
211.33,139.0,82.0,140.0,89.0
211.53,152.0,116.0,142.0,119.0
211.73,141.0,80.0,140.0,88.0
211.93,147.0,112.0,142.0,116.0
212.13,97.0,79.0,140.0,87.0
212.33,140.0,120.0,142.0,109.0
212.53,141.0,82.0,141.0,88.0
212.73,122.0,97.0,142.0,103.0
212.93,123.0,94.0,143.0,100.0
213.13,110.0,91.0,141.0,98.0
213.33,137.0,102.0,143.0,108.0
213.53,111.0,88.0,141.0,95.0
213.73,140.0,108.0,143.0,112.0
213.93,108.0,85.0,141.0,92.0
214.13,140.0,111.0,142.0,115.0
214.33,140.0,87.0,141.0,90.0
214.53,153.0,115.0,142.0,118.0
214.73,126.0,81.0,140.0,89.0
214.93,141.0,114.0,142.0,117.0
215.13,96.0,80.0,140.0,87.0
215.33,125.0,120.0,142.0,109.0
215.53,94.0,87.0,140.0,87.0
215.73,118.0,99.0,142.0,104.0
215.93,115.0,89.0,143.0,97.0
216.13,112.0,93.0,142.0,99.0
216.33,134.0,100.0,144.0,106.0
216.53,108.0,89.0,141.0,96.0
216.73,139.0,106.0,143.0,111.0
216.93,109.0,86.0,141.0,93.0
217.13,140.0,111.0,142.0,115.0
217.33,108.0,83.0,140.0,91.0
217.53,140.0,114.0,142.0,118.0
217.73,112.0,81.0,140.0,89.0
217.93,141.0,115.0,142.0,119.0
218.13,96.0,79.0,140.0,88.0
218.33,139.0,106.0,142.0,122.0
218.53,139.0,79.0,140.0,116.0
218.73,129.0,101.0,142.0,110.0
218.93,106.0,84.0,141.0,92.0
219.13,114.0,95.0,142.0,101.0
219.33,128.0,97.0,144.0,103.0
219.53,139.0,106.0,142.0,97.0
219.73,153.0,105.0,144.0,108.0
219.93,131.0,102.0,141.0,95.0
220.13,143.0,110.0,143.0,113.0
220.33,109.0,85.0,141.0,92.0
220.53,141.0,112.0,142.0,116.0
220.73,108.0,82.0,140.0,90.0
220.93,141.0,115.0,142.0,119.0
221.13,108.0,81.0,140.0,89.0
221.33,141.0,110.0,142.0,114.0
221.53,140.0,79.0,140.0,87.0
221.73,135.0,105.0,142.0,110.0
221.93,95.0,79.0,141.0,87.0
222.13,118.0,98.0,142.0,124.0
222.33,107.0,85.0,142.0,96.0
222.53,113.0,122.0,142.0,101.0
222.73,132.0,105.0,144.0,104.0
222.93,114.0,91.0,141.0,97.0
223.13,140.0,104.0,143.0,109.0
223.33,110.0,87.0,141.0,94.0
223.53,140.0,109.0,143.0,114.0
223.73,108.0,96.0,141.0,91.0
223.93,140.0,115.0,142.0,118.0
224.13,108.0,81.0,140.0,89.0
224.33,141.0,116.0,142.0,120.0
224.53,108.0,82.0,140.0,88.0
224.73,141.0,112.0,142.0,116.0
224.93,113.0,80.0,140.0,88.0
225.13,126.0,116.0,142.0,108.0
225.33,94.0,80.0,140.0,87.0
225.53,139.0,99.0,142.0,104.0
225.73,124.0,86.0,142.0,94.0
225.93,115.0,94.0,142.0,100.0
226.13,129.0,98.0,144.0,103.0
226.33,139.0,90.0,141.0,97.0
226.53,163.0,104.0,143.0,110.0
226.73,126.0,97.0,141.0,94.0
226.93,142.0,111.0,142.0,114.0
227.13,112.0,84.0,141.0,91.0
227.33,141.0,113.0,142.0,118.0
227.53,113.0,82.0,140.0,89.0
227.73,141.0,117.0,142.0,119.0
227.93,96.0,92.0,140.0,88.0
228.13,129.0,109.0,142.0,111.0
228.33,94.0,79.0,140.0,87.0
228.53,120.0,100.0,142.0,106.0
228.73,109.0,86.0,142.0,93.0
228.93,113.0,94.0,142.0,100.0
229.13,116.0,90.0,143.0,97.0
229.33,112.0,92.0,142.0,99.0
229.53,135.0,100.0,144.0,106.0
229.73,114.0,88.0,141.0,95.0
229.93,140.0,107.0,143.0,112.0
230.13,114.0,85.0,141.0,127.0
230.33,141.0,110.0,143.0,121.0
230.53,118.0,102.0,141.0,101.0
230.73,141.0,117.0,142.0,119.0
230.93,108.0,85.0,141.0,89.0
231.13,141.0,116.0,142.0,119.0
231.33,111.0,80.0,140.0,89.0
231.53,139.0,113.0,142.0,117.0
231.73,96.0,80.0,140.0,88.0
231.93,126.0,105.0,142.0,110.0
232.13,94.0,78.0,140.0,87.0
232.33,119.0,99.0,142.0,104.0
232.53,105.0,84.0,141.0,92.0
232.73,114.0,122.0,142.0,101.0
232.93,124.0,105.0,144.0,101.0
233.13,109.0,93.0,142.0,98.0
233.33,138.0,103.0,144.0,108.0
233.53,110.0,87.0,141.0,94.0
233.73,140.0,109.0,143.0,113.0
233.93,122.0,85.0,141.0,92.0
234.13,142.0,113.0,142.0,117.0
234.33,140.0,92.0,141.0,90.0
234.53,152.0,116.0,142.0,119.0
234.73,110.0,81.0,140.0,88.0
234.93,141.0,111.0,142.0,114.0
235.13,108.0,79.0,140.0,87.0
235.33,131.0,107.0,142.0,111.0
235.53,94.0,79.0,140.0,87.0
235.73,121.0,120.0,142.0,106.0
235.94,99.0,89.0,141.0,89.0
236.14,115.0,97.0,142.0,102.0
236.34,127.0,97.0,144.0,102.0
236.54,109.0,91.0,142.0,97.0
236.74,135.0,102.0,144.0,107.0
236.94,108.0,88.0,141.0,95.0
237.14,139.0,107.0,143.0,112.0
237.34,108.0,85.0,141.0,92.0
237.54,140.0,111.0,142.0,116.0
237.74,108.0,83.0,141.0,91.0
237.94,140.0,115.0,142.0,119.0
238.14,108.0,81.0,140.0,89.0
238.34,141.0,112.0,142.0,121.0
238.54,139.0,80.0,140.0,97.0
238.74,134.0,104.0,142.0,110.0
238.94,95.0,79.0,140.0,87.0
239.14,118.0,98.0,142.0,104.0
239.34,115.0,89.0,143.0,97.0
239.54,136.0,93.0,142.0,99.0
239.74,137.0,100.0,144.0,105.0
239.94,109.0,89.0,141.0,96.0
240.14,139.0,105.0,143.0,110.0
240.34,108.0,86.0,141.0,93.0
240.54,139.0,110.0,143.0,115.0
240.74,108.0,83.0,141.0,91.0
240.94,140.0,112.0,142.0,116.0
241.14,108.0,85.0,141.0,90.0
241.34,141.0,116.0,142.0,119.0
241.54,110.0,81.0,140.0,91.0
241.74,141.0,110.0,142.0,115.0
241.94,134.0,79.0,140.0,87.0
242.14,145.0,119.0,142.0,122.0
242.34,140.0,93.0,140.0,89.0
242.54,145.0,104.0,142.0,107.0
242.74,100.0,80.0,141.0,88.0
242.94,116.0,97.0,142.0,102.0
243.14,121.0,94.0,143.0,100.0
243.34,111.0,92.0,142.0,98.0
243.54,133.0,99.0,144.0,105.0
243.74,141.0,125.0,141.0,127.0
243.94,162.0,124.0,143.0,129.0
244.14,143.0,101.0,141.0,95.0
244.34,157.0,113.0,142.0,116.0
244.54,142.0,83.0,141.0,91.0
244.74,155.0,113.0,142.0,117.0
244.94,142.0,82.0,140.0,90.0
245.14,153.0,116.0,142.0,119.0
245.34,142.0,125.0,140.0,88.0
245.54,150.0,128.0,142.0,113.0
245.74,142.0,84.0,140.0,87.0
245.94,129.0,101.0,142.0,106.0
246.14,106.0,84.0,141.0,92.0
246.34,140.0,95.0,142.0,101.0
246.54,160.0,97.0,144.0,103.0
246.74,113.0,90.0,141.0,97.0
246.94,155.0,119.0,143.0,123.0
247.14,142.0,89.0,141.0,129.0
247.34,160.0,110.0,143.0,132.0
247.54,142.0,85.0,141.0,130.0
247.74,154.0,124.0,142.0,131.0
247.94,118.0,93.0,140.0,92.0
248.14,142.0,118.0,142.0,120.0
248.34,109.0,83.0,140.0,88.0
248.54,141.0,110.0,142.0,114.0
248.74,118.0,79.0,140.0,87.0
248.94,143.0,120.0,142.0,107.0
249.14,117.0,86.0,141.0,89.0
249.34,126.0,97.0,142.0,102.0
249.54,128.0,96.0,144.0,102.0
249.74,110.0,91.0,142.0,98.0
249.94,138.0,103.0,143.0,108.0
250.14,110.0,87.0,141.0,94.0
250.34,139.0,109.0,142.0,113.0
250.54,139.0,105.0,141.0,95.0
250.74,155.0,115.0,142.0,117.0
250.94,111.0,83.0,140.0,90.0
251.14,141.0,116.0,142.0,119.0
251.34,108.0,92.0,140.0,88.0
251.54,133.0,111.0,142.0,122.0
251.74,95.0,80.0,140.0,96.0
251.94,126.0,105.0,142.0,111.0
252.14,94.0,79.0,140.0,87.0
252.34,118.0,98.0,142.0,103.0
252.54,119.0,91.0,143.0,98.0
252.74,111.0,114.0,142.0,99.0
252.94,134.0,103.0,144.0,106.0
253.14,108.0,89.0,141.0,96.0
253.34,139.0,107.0,143.0,111.0
253.54,108.0,85.0,141.0,92.0
253.74,140.0,111.0,142.0,115.0
253.94,108.0,83.0,141.0,91.0
254.14,140.0,115.0,142.0,118.0
254.34,139.0,112.0,140.0,89.0
254.54,147.0,118.0,142.0,117.0
254.74,97.0,80.0,140.0,88.0
254.94,126.0,105.0,142.0,110.0
255.14,94.0,78.0,140.0,87.0
255.34,139.0,118.0,142.0,104.0
255.54,109.0,80.0,141.0,86.0
255.74,119.0,97.0,142.0,103.0
255.94,118.0,91.0,143.0,98.0
256.14,111.0,92.0,141.0,99.0
256.34,135.0,101.0,144.0,107.0
256.54,108.0,88.0,141.0,95.0
256.74,139.0,107.0,143.0,112.0
256.94,108.0,85.0,141.0,93.0
257.14,140.0,111.0,142.0,115.0
257.34,118.0,83.0,141.0,90.0
257.54,142.0,114.0,142.0,118.0
257.74,108.0,81.0,140.0,89.0
257.94,139.0,113.0,142.0,117.0
258.14,96.0,80.0,140.0,88.0
258.34,139.0,110.0,142.0,122.0
258.54,134.0,79.0,140.0,97.0
258.74,128.0,102.0,142.0,109.0
258.94,104.0,82.0,141.0,91.0
259.14,115.0,95.0,142.0,102.0
259.34,124.0,94.0,144.0,101.0
259.54,109.0,91.0,142.0,98.0
259.74,136.0,102.0,144.0,107.0
259.94,108.0,88.0,141.0,95.0
260.14,140.0,108.0,143.0,112.0
260.34,108.0,85.0,141.0,92.0
260.54,140.0,112.0,142.0,117.0
260.74,108.0,100.0,141.0,90.0
260.94,140.0,118.0,142.0,119.0
261.14,112.0,81.0,140.0,89.0
261.34,135.0,110.0,142.0,114.0
261.54,95.0,79.0,140.0,87.0
261.74,125.0,104.0,142.0,109.0
261.94,94.0,78.0,141.0,87.0
262.14,117.0,97.0,142.0,114.0
262.34,110.0,86.0,142.0,95.0
262.54,139.0,104.0,141.0,100.0
262.74,163.0,101.0,144.0,105.0
262.94,143.0,89.0,141.0,96.0
263.14,157.0,104.0,143.0,109.0
263.34,111.0,87.0,141.0,94.0
263.54,140.0,109.0,142.0,114.0
263.74,108.0,84.0,141.0,91.0
263.94,140.0,113.0,142.0,117.0
264.14,108.0,81.0,140.0,89.0
264.34,140.0,115.0,142.0,119.0
264.54,110.0,80.0,140.0,89.0
264.74,135.0,110.0,142.0,114.0
264.94,95.0,79.0,140.0,87.0
265.14,122.0,120.0,142.0,107.0
265.34,99.0,86.0,141.0,89.0
265.54,116.0,122.0,142.0,102.0
265.74,119.0,107.0,143.0,99.0
265.94,110.0,94.0,142.0,98.0
266.14,133.0,100.0,144.0,105.0
266.34,123.0,89.0,141.0,96.0
266.54,141.0,106.0,143.0,111.0
266.74,108.0,86.0,141.0,93.0
266.94,140.0,110.0,142.0,115.0
267.14,108.0,83.0,140.0,91.0
267.34,140.0,114.0,142.0,118.0
267.54,125.0,81.0,140.0,89.0
267.74,142.0,115.0,142.0,118.0
267.94,96.0,80.0,140.0,88.0
268.14,127.0,105.0,142.0,110.0
268.34,94.0,79.0,140.0,87.0
268.54,131.0,98.0,142.0,104.0
268.74,116.0,88.0,142.0,96.0
268.94,135.0,93.0,142.0,100.0
269.14,136.0,99.0,144.0,105.0
269.34,109.0,89.0,141.0,96.0
269.54,139.0,105.0,143.0,110.0
269.74,116.0,96.0,141.0,93.0
269.94,141.0,111.0,142.0,114.0
270.14,117.0,84.0,141.0,127.0
270.34,141.0,113.0,142.0,122.0
270.54,140.0,99.0,141.0,99.0
270.74,152.0,118.0,142.0,120.0
270.94,110.0,81.0,140.0,89.0
271.14,133.0,109.0,142.0,113.0
271.34,95.0,79.0,140.0,87.0
271.54,124.0,103.0,142.0,108.0
271.74,96.0,79.0,141.0,88.0
271.94,116.0,97.0,142.0,103.0
272.14,117.0,90.0,143.0,97.0
272.34,112.0,93.0,142.0,99.0
272.54,129.0,97.0,144.0,103.0
272.74,108.0,123.0,141.0,97.0
272.94,139.0,113.0,143.0,110.0
273.14,108.0,88.0,141.0,93.0
273.34,140.0,108.0,143.0,112.0
273.54,139.0,85.0,141.0,92.0
273.74,155.0,112.0,142.0,116.0
273.94,111.0,82.0,141.0,90.0
274.14,141.0,116.0,142.0,120.0
274.34,140.0,88.0,140.0,88.0
274.54,149.0,109.0,142.0,112.0
274.74,141.0,79.0,140.0,87.0
274.94,139.0,100.0,142.0,106.0
275.14,105.0,83.0,141.0,91.0
275.34,115.0,95.0,142.0,102.0
275.54,123.0,94.0,143.0,101.0
275.75,109.0,92.0,141.0,104.0
275.95,137.0,103.0,143.0,109.0
276.15,139.0,87.0,141.0,95.0
276.35,159.0,108.0,143.0,113.0
276.55,116.0,84.0,141.0,92.0
276.75,141.0,112.0,142.0,116.0
276.95,108.0,82.0,141.0,90.0
277.15,140.0,114.0,142.0,118.0
277.35,111.0,81.0,140.0,89.0
277.55,141.0,116.0,142.0,119.0
277.75,115.0,80.0,140.0,88.0
277.95,130.0,107.0,142.0,111.0
278.15,94.0,79.0,140.0,87.0
278.35,139.0,99.0,142.0,105.0
278.55,151.0,87.0,142.0,95.0
278.75,145.0,122.0,142.0,100.0
278.95,164.0,103.0,144.0,105.0
279.15,112.0,90.0,141.0,96.0
279.35,139.0,106.0,143.0,111.0
279.55,108.0,90.0,141.0,93.0
279.75,140.0,111.0,143.0,115.0
279.95,137.0,84.0,141.0,91.0
280.15,144.0,114.0,142.0,118.0
280.35,109.0,82.0,141.0,89.0
280.55,140.0,116.0,142.0,119.0
280.75,109.0,80.0,140.0,88.0
280.95,141.0,111.0,142.0,115.0
281.15,109.0,79.0,140.0,87.0
281.35,126.0,103.0,142.0,108.0
281.55,96.0,79.0,141.0,87.0
281.75,126.0,97.0,142.0,102.0
281.95,124.0,94.0,144.0,100.0
282.15,110.0,91.0,142.0,125.0
282.35,132.0,99.0,144.0,109.0
282.55,139.0,96.0,142.0,97.0
282.75,155.0,106.0,143.0,110.0
282.95,118.0,86.0,141.0,98.0
283.15,141.0,110.0,142.0,115.0
283.35,108.0,84.0,141.0,91.0
283.55,141.0,113.0,142.0,117.0
283.75,108.0,82.0,141.0,90.0
283.95,140.0,116.0,142.0,119.0
284.15,110.0,86.0,140.0,88.0
284.35,132.0,108.0,142.0,112.0
284.55,95.0,79.0,140.0,87.0
284.75,131.0,100.0,142.0,106.0
284.95,95.0,78.0,140.0,86.0
285.15,117.0,121.0,142.0,103.0
285.35,116.0,94.0,143.0,97.0
285.55,111.0,123.0,142.0,99.0
285.75,131.0,113.0,144.0,104.0
285.95,108.0,91.0,141.0,96.0
286.15,139.0,106.0,143.0,110.0
286.35,139.0,86.0,141.0,93.0
286.55,157.0,111.0,142.0,115.0
286.75,111.0,83.0,141.0,91.0
286.95,141.0,115.0,142.0,118.0
287.15,108.0,81.0,140.0,89.0
287.35,141.0,113.0,142.0,117.0
287.55,140.0,80.0,140.0,87.0
287.75,148.0,107.0,142.0,111.0
287.95,109.0,79.0,140.0,87.0
288.15,125.0,101.0,142.0,107.0
288.35,106.0,85.0,142.0,92.0
288.55,126.0,95.0,142.0,101.0
288.75,131.0,97.0,144.0,103.0
288.95,108.0,90.0,142.0,97.0
289.15,137.0,102.0,144.0,107.0
289.35,111.0,88.0,141.0,95.0
289.55,140.0,106.0,143.0,111.0
289.75,109.0,86.0,141.0,93.0
289.95,140.0,111.0,143.0,115.0
290.15,140.0,125.0,141.0,94.0
290.35,153.0,127.0,142.0,119.0
290.55,141.0,83.0,140.0,121.0
290.75,146.0,112.0,142.0,120.0
290.95,97.0,80.0,140.0,88.0
291.15,126.0,119.0,142.0,109.0
291.35,95.0,83.0,141.0,87.0
291.55,127.0,98.0,142.0,103.0
291.75,122.0,93.0,143.0,99.0
291.95,111.0,92.0,142.0,99.0
292.15,136.0,101.0,144.0,107.0
292.35,139.0,88.0,141.0,95.0
292.55,144.0,107.0,143.0,112.0
292.75,140.0,85.0,141.0,92.0
292.95,144.0,111.0,142.0,116.0
293.15,129.0,82.0,141.0,90.0
293.35,143.0,114.0,142.0,118.0
293.55,138.0,81.0,140.0,89.0
293.75,143.0,113.0,142.0,117.0
293.95,96.0,80.0,140.0,88.0
294.15,139.0,119.0,142.0,109.0
294.35,96.0,99.0,141.0,86.0
294.55,118.0,101.0,142.0,104.0
294.75,115.0,90.0,143.0,97.0
294.95,111.0,93.0,142.0,99.0
295.15,135.0,101.0,144.0,106.0
295.35,108.0,94.0,141.0,95.0
295.55,139.0,106.0,143.0,110.0
295.75,115.0,91.0,141.0,93.0
295.95,140.0,111.0,142.0,114.0
296.15,108.0,84.0,141.0,91.0
296.35,141.0,114.0,142.0,118.0
296.55,140.0,82.0,141.0,89.0
296.75,151.0,115.0,142.0,119.0
296.95,110.0,81.0,140.0,88.0
297.15,135.0,110.0,142.0,114.0
297.35,95.0,79.0,140.0,87.0
297.55,122.0,101.0,142.0,106.0
297.75,103.0,83.0,141.0,91.0
297.95,115.0,95.0,142.0,101.0
298.15,126.0,96.0,144.0,102.0
298.35,139.0,91.0,142.0,97.0
298.55,155.0,102.0,144.0,107.0
298.75,113.0,88.0,141.0,95.0
298.95,140.0,105.0,143.0,110.0
299.15,109.0,86.0,141.0,93.0
299.35,140.0,111.0,142.0,115.0
299.55,108.0,83.0,141.0,91.0
299.75,140.0,113.0,142.0,117.0
299.95,108.0,90.0,141.0,89.0
300.15,140.0,117.0,142.0,119.0
300.35,117.0,81.0,140.0,88.0
300.55,133.0,109.0,142.0,113.0
300.75,95.0,79.0,140.0,87.0
300.95,135.0,101.0,142.0,106.0
301.15,108.0,84.0,142.0,92.0
301.35,125.0,95.0,142.0,101.0
301.55,127.0,95.0,144.0,101.0
301.75,110.0,91.0,142.0,97.0
301.95,136.0,102.0,144.0,107.0
302.15,112.0,88.0,141.0,108.0
302.35,140.0,108.0,143.0,115.0
302.55,108.0,96.0,141.0,96.0
302.75,141.0,113.0,142.0,116.0
302.95,109.0,83.0,141.0,90.0
303.15,140.0,115.0,142.0,119.0
303.35,137.0,81.0,140.0,89.0
303.55,140.0,112.0,142.0,115.0
303.75,96.0,96.0,140.0,87.0
303.95,140.0,124.0,142.0,124.0
304.15,108.0,82.0,140.0,90.0
304.35,121.0,112.0,142.0,104.0
304.55,117.0,92.0,143.0,97.0
304.75,111.0,93.0,142.0,99.0
304.95,135.0,101.0,144.0,106.0
305.15,108.0,88.0,141.0,95.0
305.35,139.0,106.0,143.0,111.0
305.55,127.0,124.0,141.0,93.0
305.75,141.0,116.0,142.0,115.0
305.95,109.0,84.0,141.0,91.0
306.15,140.0,114.0,142.0,118.0
306.35,140.0,90.0,140.0,89.0
306.55,149.0,115.0,142.0,118.0
306.75,97.0,80.0,140.0,88.0
306.95,139.0,105.0,142.0,110.0
307.15,108.0,78.0,140.0,87.0
307.35,141.0,100.0,142.0,105.0
307.55,148.0,86.0,142.0,94.0
307.75,119.0,94.0,142.0,100.0
307.95,133.0,98.0,144.0,104.0
308.15,109.0,90.0,141.0,96.0
308.35,139.0,104.0,144.0,109.0
308.55,108.0,87.0,141.0,94.0
308.75,140.0,109.0,143.0,113.0
308.95,108.0,84.0,141.0,91.0
309.15,140.0,113.0,142.0,117.0
309.35,108.0,82.0,141.0,90.0
309.55,140.0,116.0,142.0,120.0
309.75,108.0,84.0,140.0,88.0
309.95,133.0,109.0,142.0,112.0
310.15,95.0,79.0,140.0,87.0
310.35,139.0,101.0,142.0,123.0
310.55,146.0,83.0,141.0,114.0
310.75,120.0,95.0,142.0,104.0
310.95,129.0,96.0,144.0,103.0
311.15,110.0,90.0,141.0,97.0
311.35,135.0,102.0,144.0,107.0
311.55,108.0,88.0,141.0,95.0
311.75,139.0,108.0,143.0,112.0
311.95,139.0,85.0,141.0,92.0
312.15,155.0,112.0,142.0,116.0
312.35,111.0,83.0,141.0,90.0
312.55,140.0,113.0,142.0,117.0
312.75,126.0,97.0,140.0,90.0
312.95,143.0,118.0,142.0,120.0
313.15,109.0,81.0,140.0,88.0
313.36,131.0,107.0,142.0,111.0
313.56,95.0,79.0,140.0,87.0
313.76,140.0,99.0,142.0,105.0
313.96,125.0,87.0,142.0,94.0
314.16,115.0,122.0,142.0,124.0
314.36,124.0,104.0,144.0,103.0
314.56,129.0,101.0,142.0,98.0
314.76,140.0,104.0,144.0,108.0
314.96,137.0,88.0,141.0,95.0
315.16,143.0,108.0,143.0,113.0
315.36,109.0,84.0,141.0,92.0
315.56,140.0,113.0,142.0,117.0
315.76,108.0,86.0,141.0,93.0
315.96,141.0,117.0,142.0,120.0
316.16,110.0,80.0,140.0,88.0
316.36,133.0,119.0,142.0,113.0
316.56,95.0,81.0,140.0,87.0
316.76,124.0,120.0,142.0,108.0
316.96,99.0,85.0,141.0,89.0
317.16,139.0,108.0,142.0,102.0
317.36,159.0,96.0,144.0,101.0
317.56,122.0,91.0,142.0,98.0
317.76,140.0,103.0,144.0,108.0
317.96,110.0,87.0,141.0,94.0
318.16,140.0,108.0,143.0,113.0
318.36,139.0,85.0,141.0,92.0
318.56,155.0,113.0,142.0,116.0
318.76,110.0,82.0,141.0,90.0
318.96,141.0,114.0,142.0,118.0
319.16,136.0,90.0,140.0,89.0
319.36,144.0,114.0,142.0,116.0
319.56,109.0,80.0,140.0,88.0
319.76,141.0,103.0,142.0,108.0
319.96,109.0,79.0,141.0,87.0
320.16,119.0,97.0,142.0,103.0
320.36,121.0,93.0,144.0,99.0
320.56,110.0,92.0,142.0,98.0
320.76,137.0,103.0,144.0,108.0
320.96,117.0,88.0,141.0,95.0
321.16,141.0,108.0,143.0,112.0
321.36,113.0,85.0,141.0,97.0
321.56,141.0,112.0,142.0,117.0
321.76,108.0,82.0,141.0,90.0
321.96,140.0,115.0,142.0,119.0
322.16,111.0,81.0,140.0,89.0
322.36,141.0,111.0,142.0,121.0
322.56,140.0,79.0,140.0,97.0
322.76,147.0,103.0,142.0,109.0
322.96,138.0,78.0,140.0,87.0
323.16,145.0,98.0,142.0,104.0
323.36,133.0,90.0,143.0,97.0
323.56,134.0,102.0,142.0,99.0
323.76,137.0,102.0,144.0,106.0
323.96,109.0,89.0,141.0,95.0
324.16,140.0,106.0,143.0,111.0
324.36,108.0,85.0,141.0,93.0
324.56,140.0,111.0,143.0,115.0
324.76,108.0,83.0,141.0,90.0
324.96,140.0,114.0,142.0,118.0
325.16,108.0,81.0,141.0,89.0
325.36,139.0,114.0,142.0,118.0
325.56,96.0,80.0,140.0,88.0
325.76,129.0,107.0,142.0,111.0
325.96,94.0,79.0,140.0,87.0
326.16,120.0,121.0,142.0,117.0
326.36,108.0,98.0,142.0,95.0
326.56,134.0,96.0,142.0,101.0
326.76,135.0,98.0,145.0,104.0
326.96,115.0,90.0,142.0,97.0
327.16,140.0,104.0,144.0,109.0
327.36,110.0,86.0,141.0,94.0
327.56,139.0,109.0,143.0,114.0
327.76,108.0,84.0,141.0,91.0
327.96,140.0,113.0,142.0,117.0
328.16,108.0,88.0,141.0,89.0
328.36,140.0,117.0,142.0,120.0
328.56,109.0,80.0,140.0,88.0
328.76,132.0,108.0,142.0,113.0
328.96,95.0,79.0,140.0,87.0
329.16,134.0,100.0,142.0,106.0
329.36,106.0,84.0,141.0,92.0
329.56,114.0,95.0,142.0,101.0
329.76,127.0,96.0,144.0,103.0
329.96,109.0,90.0,142.0,97.0
330.16,137.0,103.0,143.0,108.0
330.36,139.0,87.0,141.0,94.0
330.56,156.0,108.0,143.0,113.0
330.76,110.0,89.0,141.0,92.0
330.96,140.0,112.0,143.0,115.0
331.16,131.0,83.0,141.0,90.0
331.36,143.0,115.0,142.0,119.0
331.56,109.0,81.0,140.0,89.0
331.76,136.0,111.0,142.0,115.0
331.96,95.0,79.0,140.0,87.0
332.16,138.0,107.0,142.0,108.0
332.36,101.0,82.0,141.0,89.0
332.56,116.0,96.0,142.0,102.0
332.76,124.0,95.0,144.0,100.0
332.96,132.0,91.0,142.0,98.0
333.16,140.0,102.0,144.0,107.0
333.36,108.0,88.0,141.0,94.0
333.56,139.0,108.0,143.0,113.0
333.76,113.0,85.0,141.0,92.0
333.96,141.0,112.0,142.0,116.0
334.16,108.0,83.0,141.0,90.0
334.36,140.0,115.0,142.0,119.0
334.56,110.0,81.0,140.0,96.0
334.76,135.0,111.0,142.0,116.0
334.96,95.0,79.0,140.0,88.0
335.16,128.0,120.0,142.0,109.0
335.36,95.0,85.0,141.0,87.0
335.56,117.0,98.0,142.0,103.0
335.76,120.0,92.0,143.0,99.0
335.96,110.0,92.0,142.0,98.0
336.16,135.0,102.0,144.0,107.0
336.36,112.0,88.0,141.0,95.0
336.56,140.0,107.0,143.0,112.0
336.76,108.0,85.0,141.0,92.0
336.96,139.0,111.0,142.0,116.0
337.16,108.0,83.0,141.0,90.0
337.36,140.0,115.0,142.0,119.0
337.56,108.0,81.0,140.0,89.0
337.76,137.0,112.0,142.0,116.0
337.96,95.0,79.0,140.0,88.0
338.16,139.0,119.0,142.0,122.0
338.36,140.0,96.0,140.0,88.0
338.56,124.0,99.0,142.0,103.0
338.76,120.0,91.0,143.0,98.0
338.96,111.0,92.0,142.0,99.0
339.16,134.0,100.0,144.0,106.0
339.36,139.0,112.0,142.0,95.0
339.56,154.0,105.0,144.0,107.0
339.76,135.0,88.0,141.0,94.0
339.96,143.0,108.0,143.0,113.0
340.16,109.0,84.0,141.0,92.0
340.36,140.0,113.0,142.0,117.0
340.56,108.0,82.0,141.0,90.0
340.76,140.0,116.0,142.0,119.0
340.96,109.0,80.0,140.0,88.0
341.16,141.0,109.0,142.0,113.0
341.36,139.0,79.0,140.0,87.0
341.56,133.0,103.0,142.0,108.0
341.76,99.0,81.0,141.0,89.0
341.96,116.0,97.0,142.0,102.0
342.16,123.0,94.0,144.0,101.0
342.36,139.0,91.0,142.0,98.0
342.56,160.0,102.0,144.0,108.0
342.76,111.0,88.0,141.0,95.0
342.96,140.0,108.0,143.0,112.0
343.16,108.0,98.0,141.0,92.0
343.36,140.0,112.0,142.0,114.0
343.56,110.0,84.0,141.0,91.0
343.76,141.0,114.0,142.0,118.0
343.96,108.0,81.0,140.0,89.0
344.16,139.0,115.0,142.0,118.0
344.36,96.0,80.0,140.0,88.0
344.56,127.0,106.0,142.0,110.0
344.76,94.0,79.0,140.0,87.0
344.96,118.0,99.0,142.0,104.0
345.16,111.0,87.0,142.0,94.0
345.36,138.0,94.0,142.0,100.0
345.56,137.0,99.0,144.0,105.0
345.76,140.0,89.0,141.0,96.0
345.96,156.0,106.0,143.0,110.0
346.16,111.0,86.0,141.0,117.0
346.36,140.0,110.0,142.0,117.0
346.56,139.0,94.0,141.0,95.0
346.76,153.0,115.0,142.0,118.0
346.96,110.0,82.0,141.0,89.0
347.16,141.0,116.0,142.0,120.0
347.36,108.0,80.0,140.0,88.0
347.56,134.0,108.0,142.0,112.0
347.76,95.0,79.0,140.0,87.0
347.96,120.0,100.0,142.0,124.0
348.16,105.0,85.0,142.0,99.0
348.36,113.0,94.0,142.0,101.0
348.56,128.0,96.0,144.0,103.0
348.76,109.0,90.0,141.0,97.0
348.96,137.0,104.0,143.0,109.0
349.16,131.0,87.0,141.0,94.0
349.36,142.0,109.0,143.0,113.0
349.56,109.0,84.0,141.0,92.0
349.76,139.0,111.0,142.0,115.0
349.96,108.0,83.0,141.0,91.0
350.16,140.0,115.0,142.0,118.0
350.37,139.0,85.0,141.0,89.0
350.57,150.0,117.0,142.0,120.0
350.77,110.0,86.0,141.0,93.0
350.97,130.0,107.0,142.0,111.0
351.17,94.0,78.0,140.0,87.0
351.37,118.0,98.0,142.0,104.0
351.57,115.0,89.0,143.0,97.0
351.77,112.0,93.0,142.0,99.0
351.97,133.0,100.0,144.0,106.0
352.17,108.0,89.0,141.0,96.0
352.37,139.0,106.0,143.0,111.0
352.57,108.0,86.0,141.0,93.0
352.77,139.0,111.0,142.0,115.0
352.97,131.0,83.0,141.0,91.0
353.17,143.0,114.0,142.0,118.0
353.37,109.0,81.0,140.0,89.0
353.57,138.0,114.0,142.0,117.0
353.77,95.0,79.0,140.0,88.0
353.97,129.0,107.0,142.0,112.0
354.17,94.0,79.0,140.0,87.0
354.37,139.0,100.0,142.0,124.0
354.57,124.0,87.0,142.0,100.0
354.77,115.0,94.0,142.0,101.0
354.97,130.0,97.0,144.0,104.0
355.17,108.0,90.0,141.0,97.0
355.37,137.0,104.0,143.0,109.0
355.57,108.0,87.0,141.0,94.0
355.77,140.0,108.0,143.0,113.0
355.97,108.0,84.0,141.0,92.0
356.17,140.0,112.0,142.0,116.0
356.37,109.0,82.0,141.0,90.0
356.57,140.0,116.0,142.0,120.0
356.77,133.0,102.0,140.0,88.0
356.97,136.0,112.0,142.0,113.0
357.17,95.0,79.0,140.0,87.0
357.37,139.0,102.0,142.0,107.0
357.57,117.0,82.0,141.0,90.0
357.77,141.0,106.0,142.0,102.0
357.97,160.0,97.0,144.0,102.0
358.17,114.0,91.0,142.0,116.0
358.37,137.0,103.0,144.0,110.0
358.57,131.0,88.0,141.0,95.0
358.77,142.0,108.0,143.0,112.0
358.97,108.0,84.0,141.0,92.0
359.17,140.0,112.0,142.0,116.0
359.37,108.0,82.0,141.0,90.0
359.57,140.0,115.0,142.0,119.0
359.77,108.0,81.0,140.0,89.0
359.97,136.0,118.0,142.0,115.0
360.17,95.0,85.0,140.0,87.0
360.37,123.0,103.0,142.0,107.0
360.57,97.0,81.0,141.0,89.0
360.77,116.0,96.0,142.0,102.0
360.97,120.0,92.0,143.0,99.0
361.17,111.0,92.0,142.0,98.0
361.37,135.0,101.0,144.0,107.0
361.57,108.0,88.0,141.0,95.0
361.77,139.0,107.0,143.0,112.0
361.97,108.0,85.0,141.0,92.0
362.17,139.0,111.0,143.0,115.0
362.37,127.0,87.0,141.0,90.0
362.57,143.0,115.0,142.0,118.0
362.77,134.0,81.0,140.0,89.0
362.97,140.0,113.0,142.0,116.0
363.17,96.0,79.0,140.0,88.0
363.37,125.0,104.0,142.0,109.0
363.57,94.0,79.0,141.0,87.0
363.77,116.0,97.0,142.0,103.0
363.97,105.0,84.0,142.0,117.0
364.17,139.0,102.0,142.0,121.0
364.37,160.0,96.0,144.0,104.0
364.57,134.0,91.0,141.0,98.0
364.77,141.0,103.0,143.0,109.0
364.97,109.0,87.0,141.0,94.0
365.17,140.0,109.0,143.0,113.0
365.37,108.0,84.0,141.0,92.0
365.57,140.0,113.0,142.0,117.0
365.77,108.0,82.0,140.0,89.0
365.97,140.0,116.0,142.0,120.0
366.17,113.0,80.0,140.0,88.0
366.37,141.0,108.0,142.0,122.0
366.57,108.0,79.0,140.0,92.0
366.77,123.0,114.0,142.0,107.0
366.97,131.0,83.0,141.0,106.0
367.17,119.0,96.0,142.0,104.0
367.37,126.0,96.0,144.0,102.0
367.57,116.0,90.0,141.0,97.0
367.77,139.0,103.0,143.0,108.0
367.97,110.0,87.0,141.0,94.0
368.17,139.0,107.0,143.0,112.0
368.37,108.0,84.0,141.0,92.0
368.57,139.0,112.0,142.0,116.0
368.77,108.0,83.0,140.0,90.0
368.97,141.0,115.0,142.0,119.0
369.17,109.0,81.0,140.0,88.0
369.37,141.0,112.0,142.0,116.0
369.57,139.0,80.0,140.0,87.0
369.77,147.0,104.0,142.0,109.0
369.97,109.0,78.0,140.0,87.0
370.17,142.0,121.0,142.0,114.0
370.37,144.0,91.0,141.0,94.0
370.57,145.0,96.0,142.0,101.0
370.77,148.0,98.0,144.0,104.0
370.97,111.0,90.0,142.0,97.0
371.17,138.0,102.0,144.0,108.0
371.37,108.0,87.0,141.0,94.0
371.57,139.0,108.0,143.0,113.0
371.77,108.0,84.0,141.0,92.0
371.97,140.0,111.0,142.0,115.0
372.17,119.0,91.0,141.0,90.0
372.37,142.0,116.0,142.0,119.0
372.57,111.0,81.0,140.0,96.0
372.77,135.0,111.0,142.0,115.0
372.97,95.0,79.0,140.0,88.0
373.17,123.0,103.0,142.0,108.0
373.37,98.0,80.0,141.0,89.0
373.57,115.0,96.0,142.0,102.0
373.77,121.0,93.0,143.0,99.0
373.97,118.0,92.0,142.0,98.0
374.17,136.0,101.0,144.0,106.0
374.37,136.0,88.0,141.0,95.0
374.57,143.0,107.0,143.0,112.0
374.77,109.0,85.0,141.0,92.0
374.97,140.0,112.0,142.0,116.0
375.17,128.0,82.0,141.0,90.0
375.37,143.0,115.0,142.0,119.0
375.57,111.0,80.0,140.0,89.0
375.77,136.0,111.0,142.0,115.0
375.97,95.0,79.0,140.0,87.0
376.17,139.0,116.0,142.0,108.0
376.37,111.0,81.0,141.0,88.0
376.57,118.0,97.0,142.0,102.0
376.77,122.0,93.0,143.0,100.0
376.97,110.0,92.0,142.0,98.0
377.17,137.0,102.0,144.0,107.0
377.37,134.0,88.0,141.0,95.0
377.57,143.0,107.0,143.0,112.0
377.77,140.0,85.0,141.0,92.0
377.97,156.0,112.0,142.0,116.0
378.17,144.0,83.0,141.0,90.0
378.37,157.0,114.0,142.0,118.0
378.57,145.0,82.0,141.0,94.0
378.77,155.0,115.0,142.0,119.0
378.97,114.0,79.0,140.0,88.0
379.17,130.0,119.0,142.0,110.0
379.37,95.0,87.0,140.0,87.0
379.57,139.0,100.0,142.0,104.0
379.77,128.0,89.0,143.0,96.0
379.97,115.0,93.0,142.0,100.0
380.17,132.0,99.0,144.0,104.0
380.37,114.0,90.0,141.0,96.0
380.57,139.0,105.0,143.0,110.0
380.77,108.0,86.0,141.0,93.0
380.97,139.0,109.0,143.0,114.0
381.17,108.0,84.0,141.0,91.0
381.37,139.0,113.0,142.0,117.0
381.57,108.0,82.0,141.0,90.0
381.77,140.0,116.0,142.0,120.0
381.97,108.0,81.0,140.0,88.0
382.17,141.0,119.0,142.0,113.0
382.37,130.0,101.0,140.0,87.0
382.57,126.0,104.0,142.0,106.0
382.77,103.0,83.0,141.0,91.0
382.97,114.0,95.0,142.0,101.0
383.17,128.0,96.0,144.0,102.0
383.37,139.0,106.0,141.0,97.0
383.57,154.0,105.0,144.0,108.0
383.77,110.0,94.0,141.0,94.0
383.97,139.0,110.0,143.0,113.0
384.17,125.0,85.0,141.0,92.0
384.37,142.0,113.0,142.0,117.0
384.57,109.0,82.0,141.0,90.0
384.77,140.0,115.0,142.0,119.0
384.97,113.0,80.0,140.0,88.0
385.17,137.0,112.0,142.0,115.0
385.37,95.0,79.0,140.0,87.0
385.57,124.0,103.0,142.0,108.0
385.77,94.0,78.0,141.0,87.0
385.97,139.0,97.0,142.0,103.0
386.17,154.0,91.0,143.0,98.0
386.37,144.0,92.0,142.0,99.0
386.57,154.0,101.0,144.0,106.0
386.77,111.0,88.0,141.0,95.0
386.97,139.0,106.0,143.0,111.0
387.17,108.0,85.0,141.0,93.0
387.37,140.0,111.0,142.0,115.0
387.57,108.0,83.0,141.0,91.0
387.77,140.0,114.0,142.0,118.0
387.97,108.0,81.0,141.0,89.0
388.17,140.0,115.0,142.0,118.0
388.38,96.0,80.0,140.0,88.0
388.58,128.0,106.0,142.0,111.0
388.78,94.0,79.0,140.0,87.0
388.98,121.0,100.0,142.0,105.0
389.18,104.0,84.0,141.0,92.0
389.38,137.0,95.0,142.0,101.0
389.58,130.0,96.0,144.0,102.0
389.78,109.0,91.0,142.0,97.0
389.98,138.0,103.0,144.0,109.0
390.18,110.0,87.0,141.0,118.0
390.38,139.0,109.0,143.0,116.0
390.58,136.0,96.0,141.0,92.0
390.78,144.0,114.0,142.0,117.0
390.98,109.0,82.0,141.0,90.0
391.18,140.0,116.0,142.0,120.0
391.38,110.0,80.0,140.0,88.0
391.58,134.0,109.0,142.0,114.0
391.78,95.0,79.0,140.0,87.0
391.98,124.0,101.0,142.0,107.0
392.18,103.0,82.0,141.0,91.0
392.38,114.0,95.0,142.0,101.0
392.58,119.0,92.0,143.0,99.0
392.78,110.0,92.0,142.0,98.0
392.98,136.0,102.0,144.0,107.0
393.18,108.0,88.0,141.0,95.0
393.38,139.0,107.0,143.0,112.0
393.58,139.0,85.0,141.0,92.0
393.78,155.0,112.0,142.0,116.0
393.98,129.0,82.0,141.0,90.0
394.18,143.0,115.0,142.0,119.0
394.38,140.0,85.0,140.0,89.0
394.58,150.0,118.0,142.0,116.0
394.78,110.0,82.0,140.0,87.0
394.98,126.0,103.0,142.0,108.0
395.18,97.0,80.0,141.0,88.0
395.38,118.0,97.0,142.0,103.0
395.58,119.0,92.0,143.0,99.0
395.78,139.0,101.0,142.0,99.0
395.98,162.0,102.0,144.0,107.0
396.18,112.0,88.0,141.0,95.0
396.38,140.0,107.0,143.0,112.0
396.58,127.0,85.0,141.0,92.0
396.78,143.0,111.0,143.0,116.0
396.98,131.0,82.0,141.0,91.0
397.18,143.0,114.0,142.0,119.0
397.38,136.0,81.0,140.0,89.0
397.58,140.0,112.0,142.0,116.0
397.78,96.0,79.0,140.0,88.0
397.98,125.0,104.0,142.0,109.0
398.18,94.0,78.0,140.0,87.0
398.38,139.0,98.0,142.0,124.0
398.58,134.0,90.0,143.0,103.0
398.78,133.0,92.0,142.0,100.0
398.98,138.0,100.0,144.0,106.0
399.18,108.0,89.0,141.0,95.0
399.38,139.0,106.0,143.0,111.0
399.58,108.0,86.0,141.0,93.0
399.78,140.0,110.0,142.0,115.0
399.98,108.0,83.0,141.0,91.0
400.18,140.0,114.0,142.0,118.0
400.38,108.0,81.0,140.0,89.0
400.58,139.0,114.0,142.0,118.0
400.78,96.0,80.0,140.0,88.0
400.98,128.0,105.0,142.0,110.0
401.18,94.0,79.0,140.0,87.0
401.38,128.0,98.0,142.0,104.0
401.58,113.0,88.0,142.0,96.0
401.78,112.0,115.0,142.0,100.0
401.98,131.0,101.0,144.0,104.0
402.18,108.0,124.0,141.0,114.0
402.38,139.0,115.0,143.0,112.0
402.58,108.0,88.0,141.0,94.0
402.78,139.0,109.0,143.0,113.0
402.98,108.0,84.0,141.0,92.0
403.18,139.0,112.0,142.0,116.0
403.38,108.0,83.0,140.0,90.0
403.58,140.0,115.0,142.0,119.0
403.78,108.0,81.0,140.0,88.0
403.98,134.0,110.0,142.0,114.0
404.18,95.0,79.0,140.0,87.0
404.38,139.0,102.0,142.0,107.0
404.58,113.0,80.0,141.0,89.0
404.78,118.0,96.0,142.0,102.0
404.98,124.0,94.0,144.0,100.0
405.18,114.0,91.0,141.0,98.0
405.38,137.0,102.0,144.0,107.0
405.58,108.0,88.0,141.0,95.0
405.78,139.0,108.0,143.0,112.0
405.98,126.0,87.0,141.0,92.0
406.18,143.0,113.0,142.0,116.0
406.38,140.0,82.0,141.0,90.0
406.58,152.0,115.0,142.0,119.0
406.78,110.0,81.0,140.0,89.0
406.98,136.0,111.0,142.0,115.0
407.18,95.0,79.0,140.0,87.0
407.38,135.0,103.0,142.0,108.0
407.58,95.0,78.0,140.0,86.0
407.78,129.0,98.0,142.0,103.0
407.98,120.0,91.0,143.0,98.0
408.18,120.0,92.0,142.0,98.0
408.38,137.0,101.0,144.0,107.0
408.58,108.0,88.0,141.0,95.0
408.78,139.0,107.0,143.0,112.0
408.98,132.0,85.0,141.0,92.0
409.18,143.0,111.0,142.0,115.0
409.38,132.0,82.0,140.0,90.0
409.58,143.0,114.0,142.0,118.0
409.78,109.0,81.0,140.0,89.0
409.98,141.0,115.0,142.0,118.0
410.18,108.0,80.0,140.0,88.0
410.38,141.0,109.0,142.0,122.0
410.58,134.0,79.0,140.0,92.0
410.78,137.0,100.0,142.0,106.0
410.98,109.0,85.0,142.0,94.0
411.18,114.0,94.0,142.0,101.0
411.38,128.0,97.0,144.0,104.0
411.58,108.0,90.0,141.0,97.0
411.78,138.0,104.0,143.0,109.0
411.98,108.0,86.0,141.0,94.0
412.18,139.0,109.0,142.0,114.0
412.38,108.0,84.0,141.0,91.0
412.58,139.0,113.0,142.0,117.0
412.78,108.0,82.0,140.0,89.0
412.98,140.0,116.0,142.0,120.0
413.18,110.0,88.0,140.0,88.0
413.38,135.0,111.0,142.0,114.0
413.58,95.0,79.0,140.0,87.0
413.78,122.0,102.0,142.0,107.0
413.98,103.0,82.0,141.0,90.0
414.18,115.0,121.0,142.0,113.0
414.38,125.0,99.0,144.0,103.0
414.58,109.0,91.0,141.0,98.0
414.78,137.0,103.0,144.0,108.0
414.98,110.0,87.0,141.0,94.0
415.18,139.0,108.0,143.0,112.0
415.38,108.0,85.0,141.0,92.0
415.58,140.0,112.0,142.0,116.0
415.78,108.0,99.0,141.0,90.0
415.98,141.0,118.0,142.0,119.0
416.18,120.0,81.0,140.0,88.0
416.38,136.0,111.0,142.0,115.0
416.58,95.0,79.0,140.0,87.0
416.78,127.0,106.0,142.0,110.0
416.98,94.0,79.0,140.0,87.0
417.18,131.0,98.0,142.0,104.0
417.38,117.0,90.0,143.0,97.0
417.58,111.0,93.0,142.0,99.0
417.78,135.0,101.0,144.0,106.0
417.98,122.0,89.0,141.0,95.0
418.18,141.0,107.0,143.0,111.0
418.38,140.0,85.0,141.0,92.0
418.58,156.0,111.0,142.0,115.0
418.78,121.0,83.0,141.0,91.0
418.98,142.0,115.0,142.0,119.0
419.18,140.0,81.0,140.0,89.0
419.38,147.0,112.0,142.0,116.0
419.58,97.0,79.0,140.0,87.0
419.78,125.0,104.0,142.0,108.0
419.98,94.0,78.0,141.0,86.0
420.18,139.0,121.0,142.0,103.0
420.38,134.0,95.0,143.0,98.0
420.58,113.0,93.0,142.0,99.0
420.78,135.0,100.0,144.0,106.0
420.98,108.0,88.0,141.0,95.0
421.18,139.0,106.0,143.0,111.0
421.38,108.0,85.0,141.0,93.0
421.58,139.0,111.0,142.0,115.0
421.78,108.0,83.0,141.0,91.0
421.98,140.0,113.0,142.0,118.0
422.18,132.0,81.0,141.0,89.0
422.38,144.0,116.0,142.0,120.0
422.58,109.0,80.0,140.0,91.0
422.78,131.0,107.0,142.0,112.0
422.98,95.0,79.0,140.0,87.0
423.18,121.0,100.0,142.0,106.0
423.38,106.0,85.0,142.0,92.0
423.58,124.0,95.0,142.0,101.0
423.78,131.0,98.0,144.0,103.0
423.98,108.0,90.0,141.0,97.0
424.18,140.0,105.0,144.0,125.0
424.38,127.0,92.0,141.0,98.0
424.58,141.0,105.0,143.0,110.0
424.78,108.0,93.0,141.0,93.0
424.98,139.0,110.0,142.0,114.0
425.18,108.0,84.0,141.0,91.0
425.39,140.0,113.0,142.0,117.0
425.59,108.0,82.0,140.0,89.0
425.79,140.0,116.0,142.0,120.0
425.99,108.0,80.0,140.0,88.0
426.19,141.0,118.0,142.0,113.0
426.39,130.0,107.0,140.0,87.0
426.59,127.0,105.0,142.0,107.0
426.79,94.0,78.0,141.0,86.0
426.99,120.0,97.0,142.0,103.0
427.19,132.0,87.0,142.0,94.0
427.39,142.0,113.0,142.0,100.0
427.59,145.0,96.0,143.0,101.0
427.79,112.0,92.0,141.0,98.0
427.99,138.0,103.0,144.0,109.0
428.19,108.0,87.0,141.0,94.0
428.39,140.0,108.0,143.0,113.0
428.59,108.0,84.0,141.0,92.0
428.79,140.0,113.0,142.0,117.0
428.99,125.0,82.0,140.0,90.0
429.19,143.0,116.0,142.0,120.0
429.39,109.0,80.0,140.0,88.0
429.59,132.0,109.0,142.0,113.0
429.79,95.0,79.0,140.0,87.0
429.99,120.0,101.0,142.0,106.0
430.19,106.0,85.0,141.0,93.0
430.39,139.0,95.0,142.0,101.0
430.59,159.0,95.0,144.0,102.0
430.79,113.0,91.0,141.0,97.0
430.99,139.0,104.0,143.0,109.0
431.19,110.0,87.0,141.0,94.0
431.39,139.0,109.0,142.0,113.0
431.59,108.0,84.0,141.0,92.0
431.79,140.0,113.0,142.0,117.0
431.99,108.0,82.0,140.0,90.0
432.19,140.0,116.0,142.0,120.0
432.39,129.0,80.0,140.0,88.0
432.59,144.0,110.0,142.0,114.0
432.79,124.0,79.0,140.0,87.0
432.99,126.0,101.0,142.0,107.0
433.19,101.0,82.0,141.0,89.0
433.39,139.0,95.0,142.0,102.0
433.59,140.0,95.0,144.0,101.0
433.79,111.0,91.0,142.0,98.0
433.99,137.0,103.0,144.0,108.0
434.19,108.0,87.0,141.0,109.0
434.39,139.0,107.0,143.0,114.0
434.59,122.0,90.0,141.0,92.0
434.79,141.0,112.0,142.0,116.0
434.99,108.0,83.0,141.0,90.0
435.19,140.0,115.0,142.0,119.0
435.39,120.0,81.0,140.0,89.0
435.59,142.0,112.0,142.0,116.0
435.79,108.0,80.0,140.0,87.0
435.99,126.0,104.0,142.0,109.0
436.19,95.0,79.0,141.0,87.0
436.39,118.0,98.0,142.0,103.0
436.59,119.0,91.0,143.0,98.0
436.79,111.0,100.0,141.0,99.0
436.99,136.0,102.0,144.0,106.0
437.19,108.0,88.0,141.0,95.0
437.39,139.0,104.0,143.0,109.0
437.59,108.0,105.0,141.0,93.0
437.79,139.0,115.0,143.0,112.0
437.99,108.0,86.0,141.0,92.0
438.19,140.0,112.0,142.0,116.0
438.39,140.0,83.0,140.0,90.0
438.59,152.0,115.0,142.0,119.0
438.79,110.0,83.0,140.0,89.0
438.99,141.0,112.0,142.0,121.0
439.19,108.0,80.0,140.0,90.0
439.39,139.0,103.0,142.0,109.0
439.59,97.0,79.0,141.0,87.0
439.79,117.0,97.0,142.0,103.0
439.99,118.0,91.0,143.0,98.0
440.19,111.0,92.0,141.0,99.0
440.39,134.0,100.0,144.0,106.0
440.59,135.0,88.0,141.0,110.0
440.79,142.0,106.0,143.0,113.0
440.99,109.0,85.0,141.0,93.0
441.19,139.0,111.0,142.0,115.0
441.39,108.0,83.0,141.0,91.0
441.59,140.0,114.0,142.0,118.0
441.79,121.0,94.0,140.0,89.0
441.99,142.0,116.0,142.0,120.0
442.19,113.0,80.0,140.0,114.0
442.39,141.0,119.0,142.0,126.0
442.59,140.0,93.0,140.0,91.0
442.79,126.0,100.0,142.0,105.0
442.99,114.0,88.0,142.0,95.0
443.19,112.0,93.0,142.0,100.0
443.39,132.0,99.0,144.0,105.0
443.59,109.0,90.0,141.0,96.0
443.79,139.0,105.0,143.0,110.0
443.99,108.0,86.0,141.0,94.0
444.19,139.0,110.0,142.0,114.0
444.39,108.0,84.0,141.0,91.0
444.59,139.0,113.0,142.0,118.0
444.79,108.0,81.0,140.0,89.0
444.99,140.0,116.0,142.0,119.0
445.19,108.0,81.0,140.0,88.0
445.39,136.0,111.0,142.0,115.0
445.59,95.0,79.0,140.0,87.0
445.79,123.0,120.0,142.0,107.0
445.99,100.0,84.0,141.0,89.0
446.19,116.0,122.0,142.0,113.0
446.39,121.0,116.0,143.0,101.0
446.59,110.0,94.0,142.0,98.0
446.79,137.0,102.0,144.0,107.0
446.99,108.0,88.0,141.0,95.0
447.19,139.0,108.0,143.0,112.0
447.39,139.0,85.0,141.0,92.0
447.59,156.0,112.0,142.0,116.0
447.79,111.0,86.0,140.0,90.0
447.99,141.0,116.0,142.0,119.0
448.19,108.0,81.0,140.0,89.0
448.39,135.0,111.0,142.0,115.0
448.59,95.0,79.0,140.0,87.0
448.79,126.0,105.0,142.0,109.0
448.99,94.0,78.0,140.0,87.0
449.19,118.0,98.0,142.0,104.0
449.39,116.0,90.0,143.0,97.0
449.59,139.0,93.0,142.0,99.0
449.79,150.0,100.0,144.0,105.0
449.99,142.0,98.0,141.0,96.0
450.19,156.0,107.0,143.0,111.0
450.39,142.0,86.0,141.0,93.0
450.59,157.0,111.0,142.0,115.0
450.79,111.0,83.0,140.0,91.0
450.99,141.0,114.0,142.0,118.0
451.19,109.0,81.0,140.0,89.0
451.39,141.0,116.0,142.0,119.0
451.59,96.0,82.0,140.0,88.0
451.79,129.0,107.0,142.0,112.0
451.99,94.0,79.0,140.0,87.0
452.19,121.0,100.0,142.0,105.0
452.39,107.0,85.0,142.0,92.0
452.59,114.0,94.0,141.0,100.0
452.79,131.0,97.0,144.0,103.0
452.99,108.0,90.0,141.0,97.0
453.19,139.0,104.0,143.0,109.0
453.39,139.0,86.0,141.0,93.0
453.59,155.0,107.0,143.0,111.0
453.79,110.0,85.0,141.0,92.0
453.99,140.0,112.0,142.0,116.0
454.19,125.0,82.0,140.0,114.0
454.39,143.0,115.0,142.0,122.0
454.59,140.0,88.0,140.0,92.0
454.79,145.0,113.0,142.0,116.0
454.99,96.0,80.0,140.0,87.0
455.19,124.0,103.0,142.0,108.0
455.39,94.0,78.0,140.0,87.0
455.59,130.0,99.0,142.0,104.0
455.79,114.0,88.0,142.0,96.0
455.99,113.0,93.0,142.0,100.0
456.19,134.0,100.0,144.0,106.0
456.39,112.0,89.0,141.0,96.0
456.59,139.0,105.0,143.0,110.0
456.79,108.0,86.0,141.0,93.0
456.99,139.0,109.0,143.0,114.0
457.19,108.0,86.0,141.0,91.0
457.39,140.0,113.0,142.0,117.0
457.59,108.0,82.0,140.0,90.0
457.79,141.0,116.0,142.0,119.0
457.99,108.0,80.0,140.0,88.0
458.19,131.0,119.0,142.0,112.0
458.39,94.0,84.0,140.0,87.0
458.59,121.0,101.0,142.0,106.0
458.79,106.0,85.0,142.0,93.0
458.99,122.0,94.0,142.0,101.0
459.19,130.0,96.0,144.0,103.0
459.39,109.0,90.0,141.0,97.0
459.59,138.0,103.0,143.0,109.0
459.79,108.0,86.0,141.0,94.0
459.99,139.0,108.0,143.0,113.0
460.19,123.0,100.0,141.0,92.0
460.39,142.0,115.0,142.0,117.0
460.59,109.0,82.0,141.0,90.0
460.79,140.0,116.0,142.0,119.0
460.99,119.0,80.0,140.0,88.0
461.19,135.0,110.0,142.0,114.0
461.39,95.0,79.0,140.0,87.0
461.59,134.0,102.0,142.0,107.0
461.79,103.0,82.0,141.0,90.0
461.99,115.0,96.0,142.0,102.0
462.19,127.0,96.0,144.0,102.0
462.40,139.0,91.0,141.0,126.0
462.60,164.0,103.0,143.0,115.0
462.80,112.0,87.0,141.0,95.0
463.00,140.0,108.0,143.0,113.0
463.20,108.0,84.0,141.0,92.0
463.40,140.0,112.0,142.0,116.0
463.60,108.0,82.0,141.0,90.0
463.80,140.0,115.0,142.0,119.0
464.00,108.0,80.0,140.0,89.0
464.20,136.0,118.0,142.0,115.0
464.40,95.0,83.0,140.0,87.0
464.60,125.0,103.0,142.0,108.0
464.80,95.0,79.0,141.0,88.0
465.00,117.0,96.0,142.0,103.0
465.20,121.0,93.0,143.0,100.0
465.40,110.0,92.0,142.0,98.0
465.60,131.0,98.0,144.0,104.0
465.80,139.0,90.0,141.0,96.0
466.00,155.0,105.0,143.0,110.0
466.20,110.0,86.0,141.0,106.0
466.40,141.0,110.0,143.0,116.0
466.60,140.0,84.0,141.0,91.0
466.80,154.0,113.0,142.0,117.0
467.00,110.0,81.0,140.0,89.0
467.20,140.0,115.0,142.0,119.0
467.40,96.0,80.0,140.0,88.0
467.60,129.0,107.0,142.0,111.0
467.80,94.0,79.0,140.0,87.0
468.00,120.0,100.0,142.0,124.0
468.20,111.0,87.0,142.0,98.0
468.40,139.0,104.0,142.0,101.0
468.60,148.0,100.0,144.0,105.0
468.80,110.0,108.0,141.0,96.0
469.00,139.0,108.0,143.0,111.0
469.20,108.0,86.0,141.0,93.0
469.40,139.0,110.0,142.0,115.0
469.60,108.0,83.0,141.0,91.0
469.80,140.0,114.0,142.0,118.0
470.00,108.0,81.0,140.0,89.0
470.20,140.0,116.0,142.0,120.0
470.40,140.0,80.0,140.0,88.0
470.60,148.0,108.0,142.0,112.0
470.80,110.0,79.0,140.0,87.0
471.00,122.0,100.0,142.0,106.0
471.20,106.0,85.0,142.0,92.0
471.40,113.0,122.0,142.0,101.0
471.60,129.0,100.0,144.0,103.0
471.80,108.0,91.0,142.0,97.0
472.00,138.0,103.0,144.0,109.0
472.20,119.0,87.0,141.0,94.0
472.40,141.0,108.0,143.0,113.0
472.60,109.0,85.0,141.0,92.0
472.80,140.0,112.0,142.0,116.0
473.00,127.0,82.0,141.0,90.0
473.20,142.0,115.0,142.0,119.0
473.40,140.0,80.0,140.0,89.0
473.60,149.0,109.0,142.0,113.0
473.80,121.0,79.0,140.0,87.0
474.00,143.0,102.0,142.0,107.0
474.20,112.0,80.0,141.0,88.0
474.40,142.0,96.0,142.0,124.0
474.60,158.0,94.0,144.0,106.0
474.80,114.0,91.0,142.0,98.0
475.00,138.0,102.0,144.0,108.0
475.20,120.0,88.0,141.0,95.0
475.40,141.0,107.0,143.0,112.0
475.60,124.0,90.0,141.0,92.0
475.80,142.0,112.0,142.0,116.0
476.00,108.0,83.0,141.0,90.0
476.20,141.0,115.0,142.0,119.0
476.40,140.0,81.0,140.0,89.0
476.60,144.0,111.0,142.0,115.0
476.80,97.0,79.0,140.0,87.0
477.00,125.0,104.0,142.0,109.0
477.20,94.0,78.0,140.0,87.0
477.40,122.0,98.0,142.0,104.0
477.60,116.0,90.0,143.0,97.0
477.80,121.0,92.0,141.0,99.0
478.00,136.0,100.0,144.0,106.0
478.20,108.0,123.0,141.0,110.0
478.40,139.0,113.0,143.0,113.0
478.60,140.0,109.0,141.0,93.0
478.80,157.0,114.0,142.0,115.0
479.00,111.0,84.0,141.0,91.0
479.20,141.0,114.0,142.0,118.0
479.40,140.0,81.0,140.0,89.0
479.60,145.0,117.0,142.0,117.0
479.80,109.0,85.0,140.0,88.0
480.00,128.0,106.0,142.0,110.0
480.20,94.0,79.0,140.0,87.0
480.40,140.0,98.0,142.0,103.0
480.60,130.0,88.0,142.0,95.0
480.80,115.0,94.0,141.0,100.0
481.00,134.0,99.0,144.0,105.0
481.20,126.0,89.0,141.0,96.0
481.40,141.0,105.0,143.0,110.0
481.60,109.0,86.0,141.0,93.0
481.80,140.0,110.0,142.0,114.0
482.00,120.0,83.0,141.0,91.0
482.20,142.0,113.0,142.0,117.0
482.40,122.0,81.0,140.0,89.0
482.60,143.0,116.0,142.0,120.0
482.80,109.0,91.0,140.0,88.0
483.00,141.0,120.0,142.0,112.0
483.20,109.0,84.0,140.0,87.0
483.40,134.0,101.0,142.0,105.0
483.60,108.0,85.0,141.0,92.0
483.80,114.0,94.0,142.0,101.0
484.00,131.0,98.0,144.0,104.0
484.20,108.0,90.0,141.0,105.0
484.40,149.0,110.0,143.0,130.0
484.60,141.0,87.0,141.0,96.0
484.80,158.0,109.0,142.0,114.0
485.00,125.0,84.0,141.0,91.0
485.20,143.0,113.0,142.0,117.0
485.40,109.0,81.0,140.0,89.0
485.60,141.0,116.0,142.0,120.0
485.80,109.0,99.0,140.0,88.0
486.00,132.0,110.0,142.0,112.0
486.20,95.0,79.0,140.0,87.0
486.40,120.0,120.0,142.0,118.0
486.60,106.0,97.0,141.0,94.0
486.80,114.0,105.0,142.0,101.0
487.00,125.0,96.0,144.0,114.0
487.20,127.0,99.0,141.0,99.0
487.40,139.0,103.0,144.0,107.0
487.60,109.0,88.0,141.0,95.0
487.80,139.0,108.0,143.0,112.0
488.00,108.0,85.0,141.0,92.0
488.20,140.0,112.0,142.0,117.0
488.40,109.0,82.0,140.0,90.0
488.60,140.0,115.0,142.0,119.0
488.80,109.0,84.0,140.0,95.0
489.00,134.0,110.0,142.0,115.0
489.20,95.0,79.0,140.0,87.0
489.40,137.0,103.0,142.0,108.0
489.60,97.0,79.0,141.0,88.0
489.80,116.0,121.0,142.0,102.0
490.00,122.0,98.0,143.0,99.0
490.20,110.0,113.0,142.0,107.0
490.40,135.0,104.0,144.0,108.0
490.60,139.0,117.0,141.0,95.0
490.80,162.0,110.0,143.0,111.0
491.00,111.0,86.0,141.0,93.0
491.20,140.0,111.0,142.0,115.0
491.40,108.0,82.0,140.0,90.0
491.60,141.0,114.0,142.0,118.0
491.80,109.0,85.0,140.0,89.0
492.00,139.0,114.0,142.0,117.0
492.20,96.0,80.0,140.0,88.0
492.40,126.0,105.0,142.0,109.0
492.60,94.0,78.0,140.0,87.0
492.80,120.0,99.0,142.0,105.0
493.00,109.0,86.0,142.0,93.0
493.20,114.0,94.0,142.0,100.0
493.40,132.0,98.0,144.0,104.0
493.60,108.0,89.0,141.0,96.0
493.80,139.0,104.0,143.0,110.0
494.00,109.0,86.0,141.0,94.0
494.20,139.0,110.0,142.0,114.0
494.40,140.0,84.0,141.0,91.0
494.60,154.0,113.0,142.0,117.0
494.80,116.0,82.0,140.0,89.0
495.00,142.0,116.0,142.0,119.0
495.20,96.0,80.0,140.0,88.0
495.40,139.0,107.0,142.0,111.0
495.60,108.0,79.0,140.0,87.0
495.80,125.0,102.0,142.0,107.0
496.00,102.0,82.0,141.0,90.0
496.20,115.0,95.0,142.0,102.0
496.40,125.0,94.0,144.0,101.0
496.60,118.0,91.0,142.0,126.0
496.80,138.0,102.0,144.0,111.0
497.00,108.0,88.0,141.0,95.0
497.20,139.0,107.0,143.0,112.0
497.40,126.0,85.0,141.0,92.0
497.60,142.0,112.0,142.0,116.0
497.80,109.0,83.0,141.0,90.0
498.00,140.0,115.0,142.0,119.0
498.20,108.0,81.0,140.0,88.0
498.40,135.0,118.0,142.0,121.0
498.60,95.0,90.0,140.0,89.0
498.80,124.0,104.0,142.0,108.0
499.00,94.0,79.0,141.0,87.0
499.20,117.0,97.0,142.0,103.0
499.40,119.0,91.0,143.0,98.0
499.60,111.0,92.0,142.0,98.0
499.80,134.0,101.0,144.0,107.0
500.00,108.0,88.0,141.0,95.0
500.20,139.0,107.0,143.0,112.0
500.40,139.0,85.0,141.0,92.0
500.60,157.0,110.0,142.0,115.0
500.80,111.0,83.0,141.0,91.0
501.00,141.0,114.0,142.0,118.0
501.20,108.0,90.0,140.0,89.0
501.40,138.0,115.0,142.0,117.0
501.60,96.0,80.0,140.0,88.0
501.80,127.0,119.0,142.0,110.0
502.00,94.0,81.0,140.0,87.0
502.20,119.0,121.0,142.0,104.0
502.40,114.0,93.0,142.0,96.0
502.61,113.0,94.0,142.0,99.0
502.81,133.0,99.0,144.0,105.0
503.01,116.0,89.0,141.0,96.0
503.21,140.0,105.0,143.0,110.0
503.41,109.0,86.0,141.0,93.0
503.61,140.0,109.0,143.0,114.0
503.81,108.0,83.0,141.0,91.0
504.01,140.0,113.0,142.0,117.0
504.21,109.0,82.0,140.0,89.0
504.41,141.0,116.0,142.0,120.0
504.61,140.0,80.0,140.0,88.0
504.81,139.0,108.0,142.0,112.0
505.01,96.0,79.0,140.0,87.0
505.21,140.0,112.0,142.0,106.0
505.41,121.0,85.0,142.0,91.0
505.61,116.0,95.0,142.0,101.0
505.81,126.0,95.0,144.0,102.0
506.01,139.0,91.0,141.0,97.0
506.21,156.0,102.0,144.0,108.0
506.41,123.0,87.0,141.0,126.0
506.61,141.0,107.0,143.0,118.0
506.81,124.0,84.0,141.0,93.0
507.01,142.0,112.0,142.0,116.0
507.21,116.0,92.0,141.0,90.0
507.41,142.0,117.0,142.0,119.0
507.61,109.0,81.0,140.0,88.0
507.81,134.0,110.0,142.0,114.0
508.01,95.0,79.0,140.0,87.0
508.21,123.0,120.0,142.0,108.0
508.41,97.0,87.0,141.0,88.0
508.61,116.0,98.0,142.0,102.0
508.81,120.0,93.0,143.0,99.0
509.01,110.0,92.0,142.0,98.0
509.21,136.0,101.0,144.0,107.0
509.41,118.0,88.0,141.0,95.0
509.61,138.0,108.0,143.0,112.0
509.81,108.0,85.0,141.0,92.0
510.01,139.0,111.0,142.0,116.0
510.21,128.0,83.0,141.0,90.0
510.41,143.0,115.0,142.0,119.0
510.61,127.0,84.0,140.0,89.0
510.81,139.0,112.0,142.0,116.0
511.01,96.0,80.0,140.0,87.0
511.21,126.0,105.0,142.0,109.0
511.41,94.0,79.0,140.0,87.0
511.61,118.0,98.0,142.0,104.0
511.81,117.0,91.0,143.0,97.0
512.01,112.0,93.0,142.0,99.0
512.21,134.0,100.0,144.0,106.0
512.41,123.0,102.0,141.0,95.0
512.61,141.0,107.0,143.0,110.0
512.81,117.0,86.0,141.0,93.0
513.01,141.0,110.0,142.0,115.0
513.21,120.0,83.0,141.0,91.0
513.41,142.0,114.0,142.0,118.0
513.61,108.0,81.0,140.0,89.0
513.81,140.0,115.0,142.0,119.0
514.01,117.0,80.0,140.0,88.0
514.21,142.0,119.0,142.0,112.0
514.41,140.0,81.0,140.0,87.0
514.61,133.0,104.0,142.0,108.0
514.81,95.0,79.0,141.0,87.0
515.01,117.0,97.0,142.0,103.0
515.21,119.0,92.0,143.0,99.0
515.41,110.0,92.0,142.0,98.0
515.61,135.0,101.0,144.0,106.0
515.81,108.0,88.0,141.0,95.0
516.01,138.0,106.0,143.0,110.0
516.21,108.0,86.0,141.0,93.0
516.41,140.0,110.0,143.0,114.0
516.61,108.0,83.0,141.0,91.0
516.81,140.0,114.0,142.0,118.0
517.01,108.0,81.0,140.0,89.0
517.21,139.0,113.0,142.0,117.0
517.41,96.0,79.0,140.0,88.0
517.61,127.0,105.0,142.0,110.0
517.81,94.0,78.0,140.0,87.0
518.01,118.0,98.0,142.0,104.0
518.21,114.0,89.0,143.0,96.0
518.41,139.0,93.0,142.0,125.0
518.61,163.0,99.0,144.0,110.0
518.81,143.0,122.0,141.0,97.0
519.01,163.0,109.0,143.0,110.0
519.21,112.0,86.0,141.0,93.0
519.41,141.0,110.0,142.0,115.0
519.61,132.0,103.0,141.0,91.0
519.81,143.0,116.0,142.0,118.0
520.01,115.0,92.0,140.0,89.0
520.21,142.0,117.0,142.0,119.0
520.41,96.0,80.0,140.0,88.0
520.61,130.0,107.0,142.0,111.0
520.81,94.0,79.0,140.0,87.0
521.01,120.0,100.0,142.0,105.0
521.21,109.0,86.0,142.0,94.0
521.41,139.0,94.0,142.0,100.0
521.61,163.0,98.0,145.0,104.0
521.81,121.0,90.0,141.0,96.0
522.01,141.0,104.0,143.0,110.0
522.21,109.0,124.0,141.0,106.0
522.41,139.0,115.0,142.0,115.0
522.61,140.0,89.0,141.0,91.0
522.81,154.0,114.0,142.0,117.0
523.01,111.0,82.0,140.0,89.0
523.21,142.0,116.0,142.0,120.0
523.41,117.0,80.0,140.0,88.0
523.61,142.0,118.0,142.0,113.0
523.81,109.0,81.0,140.0,87.0
524.01,123.0,101.0,142.0,106.0
524.21,100.0,81.0,141.0,89.0
524.41,125.0,96.0,142.0,102.0
524.61,122.0,93.0,144.0,100.0
524.81,111.0,91.0,142.0,98.0
525.01,136.0,102.0,144.0,107.0
525.21,108.0,87.0,141.0,95.0
525.41,139.0,107.0,143.0,112.0
525.61,123.0,85.0,141.0,103.0
525.81,142.0,111.0,142.0,117.0
526.01,116.0,82.0,141.0,90.0
526.21,142.0,115.0,142.0,119.0
526.41,119.0,88.0,140.0,89.0
526.61,136.0,119.0,142.0,115.0
526.81,95.0,90.0,140.0,87.0
527.01,124.0,105.0,142.0,108.0
527.21,95.0,79.0,141.0,88.0
527.41,116.0,97.0,142.0,103.0
527.61,121.0,93.0,143.0,100.0
527.81,118.0,91.0,142.0,98.0
528.01,135.0,101.0,144.0,107.0
528.21,112.0,88.0,141.0,95.0
528.41,139.0,107.0,143.0,112.0
528.61,116.0,84.0,141.0,92.0
528.81,141.0,112.0,142.0,116.0
529.01,116.0,82.0,141.0,90.0
529.21,142.0,115.0,142.0,119.0
529.41,122.0,80.0,140.0,89.0
529.61,143.0,111.0,142.0,115.0
529.81,140.0,79.0,140.0,87.0
530.01,145.0,103.0,142.0,108.0
530.21,141.0,78.0,140.0,86.0
530.41,124.0,121.0,142.0,114.0
530.61,120.0,102.0,143.0,99.0
530.81,111.0,113.0,142.0,99.0
531.01,135.0,104.0,144.0,107.0
531.21,108.0,88.0,141.0,111.0
531.41,140.0,107.0,143.0,114.0
531.61,108.0,85.0,141.0,93.0
531.81,140.0,111.0,142.0,115.0
532.01,108.0,82.0,141.0,90.0
532.21,140.0,114.0,142.0,118.0
532.41,125.0,81.0,140.0,89.0
532.61,140.0,117.0,142.0,116.0
532.81,96.0,92.0,140.0,88.0
533.01,127.0,107.0,142.0,110.0
533.21,94.0,79.0,140.0,87.0
533.41,119.0,121.0,142.0,104.0
533.61,115.0,94.0,143.0,97.0
533.81,118.0,93.0,142.0,99.0
534.01,134.0,99.0,144.0,105.0
534.21,115.0,110.0,141.0,104.0
534.41,140.0,108.0,143.0,112.0
534.61,139.0,86.0,141.0,93.0
534.81,156.0,110.0,142.0,114.0
535.01,114.0,87.0,141.0,91.0
535.21,141.0,114.0,142.0,118.0
535.41,140.0,81.0,140.0,92.0
535.61,151.0,116.0,142.0,120.0
535.81,110.0,80.0,140.0,88.0
536.01,130.0,107.0,142.0,111.0
536.21,95.0,78.0,140.0,87.0
536.41,120.0,100.0,142.0,105.0
536.61,108.0,86.0,142.0,93.0
536.81,113.0,94.0,142.0,100.0
537.01,119.0,92.0,143.0,98.0
537.21,110.0,92.0,141.0,98.0
537.41,137.0,102.0,144.0,107.0
537.61,108.0,88.0,141.0,94.0
537.81,139.0,108.0,143.0,112.0
538.01,115.0,84.0,141.0,92.0
538.21,141.0,112.0,142.0,116.0
538.41,139.0,82.0,141.0,90.0
538.61,152.0,115.0,142.0,119.0
538.81,121.0,81.0,140.0,89.0
539.01,136.0,110.0,142.0,114.0
539.21,96.0,79.0,140.0,87.0
539.41,122.0,101.0,142.0,107.0
539.61,103.0,83.0,141.0,90.0
539.81,115.0,95.0,142.0,101.0
540.01,125.0,95.0,144.0,101.0
540.21,117.0,91.0,142.0,98.0
540.41,140.0,103.0,144.0,108.0
540.61,110.0,87.0,141.0,94.0
540.81,139.0,108.0,143.0,113.0
541.01,139.0,85.0,141.0,92.0
541.21,155.0,112.0,142.0,116.0
541.41,110.0,82.0,140.0,90.0
541.61,140.0,115.0,142.0,119.0
541.82,110.0,81.0,140.0,89.0
542.02,141.0,110.0,142.0,114.0
542.22,140.0,79.0,140.0,87.0
542.42,147.0,120.0,142.0,123.0
542.62,142.0,87.0,141.0,91.0
542.82,123.0,98.0,142.0,103.0
543.02,117.0,90.0,143.0,97.0
543.22,111.0,92.0,142.0,99.0
543.42,134.0,100.0,144.0,106.0
543.62,108.0,89.0,141.0,96.0
543.82,139.0,106.0,143.0,111.0
544.02,108.0,86.0,141.0,93.0
544.22,140.0,111.0,142.0,115.0
544.42,108.0,83.0,141.0,120.0
544.62,150.0,117.0,142.0,130.0
544.82,110.0,82.0,141.0,91.0
545.02,141.0,116.0,142.0,120.0
545.22,117.0,80.0,140.0,88.0
545.42,133.0,118.0,142.0,113.0
545.62,95.0,84.0,140.0,87.0
545.82,134.0,102.0,142.0,106.0
546.02,107.0,84.0,142.0,92.0
546.22,114.0,122.0,142.0,101.0
546.42,127.0,102.0,144.0,102.0
546.62,139.0,91.0,142.0,97.0
546.82,155.0,102.0,144.0,107.0
547.02,121.0,87.0,141.0,94.0
547.22,157.0,107.0,143.0,112.0
547.42,127.0,85.0,141.0,92.0
547.62,142.0,111.0,142.0,115.0
547.82,110.0,83.0,141.0,91.0
548.02,141.0,114.0,142.0,118.0
548.22,108.0,81.0,140.0,101.0
548.42,141.0,113.0,142.0,118.0
548.62,115.0,80.0,140.0,88.0
548.82,128.0,104.0,142.0,109.0
549.02,94.0,78.0,140.0,87.0
549.22,117.0,121.0,142.0,103.0
549.42,115.0,93.0,143.0,97.0
549.62,139.0,123.0,142.0,99.0
549.82,164.0,105.0,144.0,105.0
550.02,118.0,90.0,141.0,96.0
550.22,141.0,106.0,144.0,111.0
550.42,110.0,102.0,141.0,93.0
550.62,140.0,112.0,143.0,114.0
550.82,127.0,84.0,141.0,91.0
551.02,142.0,113.0,142.0,117.0
551.22,109.0,82.0,141.0,103.0
551.42,141.0,116.0,142.0,121.0
551.62,140.0,80.0,140.0,88.0
551.82,144.0,111.0,142.0,115.0
552.02,96.0,79.0,140.0,87.0
552.22,126.0,104.0,142.0,109.0
552.42,94.0,78.0,140.0,86.0
552.62,131.0,98.0,142.0,104.0
552.82,108.0,85.0,142.0,93.0
553.02,114.0,95.0,142.0,100.0
553.22,132.0,98.0,145.0,104.0
553.42,115.0,90.0,141.0,96.0
553.62,139.0,105.0,143.0,110.0
553.82,108.0,86.0,141.0,93.0
554.02,139.0,110.0,142.0,114.0
554.22,110.0,83.0,141.0,96.0
554.42,141.0,113.0,142.0,118.0
554.62,108.0,86.0,140.0,90.0
554.82,140.0,117.0,142.0,120.0
555.02,109.0,80.0,140.0,88.0
555.22,131.0,108.0,142.0,113.0
555.42,94.0,78.0,140.0,87.0
555.62,121.0,100.0,142.0,106.0
555.82,103.0,83.0,141.0,91.0
556.02,114.0,95.0,142.0,101.0
556.22,127.0,97.0,144.0,102.0
556.42,139.0,109.0,141.0,97.0
556.62,154.0,105.0,144.0,108.0
556.82,112.0,88.0,141.0,95.0
557.02,139.0,107.0,143.0,112.0
557.22,139.0,84.0,141.0,92.0
557.42,156.0,112.0,142.0,116.0
557.62,128.0,82.0,141.0,90.0
557.82,143.0,115.0,142.0,119.0
558.02,109.0,81.0,140.0,88.0
558.22,136.0,118.0,142.0,115.0
558.42,95.0,82.0,140.0,88.0
558.62,139.0,106.0,142.0,110.0
558.82,96.0,78.0,140.0,87.0
559.02,120.0,100.0,142.0,105.0
559.22,100.0,81.0,141.0,90.0
559.42,115.0,96.0,142.0,102.0
559.62,126.0,96.0,144.0,102.0
559.82,109.0,91.0,141.0,97.0
560.02,138.0,104.0,143.0,109.0
560.22,118.0,93.0,141.0,94.0
560.42,140.0,108.0,143.0,112.0
560.62,139.0,85.0,141.0,92.0
560.82,156.0,110.0,142.0,114.0
561.02,111.0,83.0,141.0,91.0
561.22,140.0,112.0,142.0,116.0
561.42,128.0,82.0,141.0,90.0
561.62,143.0,115.0,142.0,118.0
561.82,136.0,81.0,140.0,89.0
562.02,144.0,113.0,142.0,121.0
562.22,109.0,79.0,140.0,103.0
562.42,131.0,119.0,142.0,124.0
562.62,95.0,84.0,140.0,89.0
562.82,124.0,104.0,142.0,108.0
563.02,97.0,79.0,141.0,88.0
563.22,116.0,96.0,142.0,102.0
563.42,112.0,88.0,143.0,96.0
563.62,112.0,93.0,142.0,100.0
563.82,120.0,92.0,143.0,99.0
564.02,110.0,92.0,142.0,98.0
564.22,136.0,101.0,144.0,107.0
564.42,108.0,88.0,141.0,95.0
564.62,138.0,106.0,143.0,111.0
564.82,114.0,85.0,141.0,93.0
565.02,140.0,109.0,143.0,113.0
565.22,139.0,83.0,141.0,91.0
565.42,156.0,111.0,142.0,116.0
565.62,111.0,82.0,141.0,90.0
565.82,140.0,114.0,142.0,118.0
566.02,140.0,81.0,140.0,89.0
566.22,150.0,114.0,142.0,118.0
566.42,138.0,80.0,140.0,88.0
566.62,145.0,119.0,142.0,109.0
566.82,109.0,81.0,140.0,86.0
567.02,123.0,101.0,142.0,106.0
567.22,99.0,81.0,141.0,88.0
567.42,126.0,96.0,142.0,102.0
567.62,115.0,89.0,143.0,96.0
567.82,132.0,93.0,142.0,99.0
568.02,134.0,97.0,144.0,103.0
568.22,108.0,90.0,141.0,96.0
568.42,136.0,101.0,144.0,107.0
568.62,108.0,87.0,141.0,95.0
568.82,139.0,106.0,143.0,111.0
569.02,108.0,91.0,141.0,93.0
569.22,140.0,111.0,142.0,115.0
569.42,131.0,94.0,141.0,91.0
569.62,143.0,113.0,142.0,116.0
569.82,109.0,88.0,140.0,90.0
570.02,140.0,116.0,142.0,119.0
570.22,140.0,81.0,140.0,106.0
570.42,149.0,117.0,142.0,123.0
570.62,141.0,85.0,140.0,90.0
570.82,138.0,108.0,142.0,112.0
571.02,95.0,79.0,140.0,87.0
571.22,122.0,101.0,142.0,106.0
571.42,93.0,77.0,140.0,86.0
571.62,139.0,101.0,142.0,106.0
571.82,113.0,80.0,141.0,88.0
572.02,118.0,96.0,142.0,102.0
572.22,120.0,91.0,143.0,98.0
572.42,119.0,92.0,142.0,98.0
572.62,135.0,100.0,144.0,106.0
572.82,131.0,102.0,141.0,96.0
573.02,142.0,107.0,143.0,110.0
573.22,125.0,86.0,141.0,104.0
573.42,142.0,108.0,143.0,114.0
573.62,114.0,84.0,141.0,92.0
573.82,140.0,110.0,142.0,114.0
574.02,109.0,83.0,141.0,91.0
574.22,140.0,112.0,142.0,116.0
574.42,109.0,82.0,141.0,90.0
574.62,140.0,115.0,142.0,119.0
574.82,108.0,81.0,140.0,89.0
575.02,141.0,111.0,142.0,115.0
575.22,109.0,79.0,140.0,87.0
575.42,126.0,119.0,142.0,108.0
575.62,94.0,83.0,140.0,86.0
575.82,139.0,121.0,142.0,104.0
576.02,120.0,88.0,141.0,91.0
576.22,117.0,96.0,142.0,101.0
576.42,125.0,94.0,144.0,101.0
576.62,109.0,91.0,142.0,97.0
576.82,136.0,102.0,144.0,107.0
577.02,112.0,88.0,141.0,95.0
577.22,139.0,107.0,143.0,112.0
577.42,127.0,85.0,141.0,92.0
577.62,142.0,108.0,143.0,113.0
577.82,109.0,84.0,141.0,92.0
578.02,140.0,109.0,143.0,113.0
578.23,108.0,124.0,141.0,101.0
578.43,140.0,129.0,142.0,119.0
578.63,113.0,87.0,140.0,90.0
578.83,141.0,116.0,142.0,119.0
579.03,121.0,90.0,140.0,88.0
579.23,143.0,111.0,142.0,114.0
579.43,124.0,79.0,140.0,87.0
579.63,144.0,120.0,142.0,108.0
579.83,140.0,83.0,140.0,86.0
580.03,126.0,100.0,142.0,104.0
580.23,104.0,82.0,141.0,90.0
580.43,124.0,95.0,142.0,101.0
580.63,124.0,94.0,144.0,100.0
580.83,109.0,91.0,142.0,98.0
581.03,135.0,101.0,144.0,107.0
581.23,111.0,88.0,141.0,95.0
581.43,140.0,107.0,143.0,112.0
581.63,137.0,85.0,141.0,92.0
581.83,143.0,110.0,142.0,115.0
582.03,109.0,83.0,141.0,91.0
582.23,140.0,114.0,142.0,118.0
582.43,136.0,81.0,140.0,89.0
582.63,144.0,116.0,142.0,120.0
582.83,109.0,80.0,140.0,88.0
583.03,130.0,107.0,142.0,111.0
583.23,95.0,79.0,140.0,87.0
583.43,121.0,101.0,142.0,106.0
583.63,96.0,79.0,141.0,88.0
583.83,116.0,97.0,142.0,103.0
584.03,121.0,93.0,143.0,100.0
584.23,110.0,91.0,142.0,98.0
584.43,136.0,101.0,144.0,107.0
584.63,108.0,88.0,141.0,95.0
584.83,139.0,107.0,143.0,112.0
585.03,108.0,85.0,141.0,92.0
585.23,139.0,109.0,143.0,114.0
585.43,108.0,84.0,141.0,91.0
585.63,139.0,111.0,142.0,116.0
585.83,114.0,82.0,141.0,90.0
586.03,141.0,113.0,142.0,118.0
586.23,108.0,82.0,140.0,103.0
586.43,140.0,117.0,142.0,121.0
586.63,138.0,87.0,140.0,88.0
586.83,145.0,109.0,142.0,112.0
587.03,109.0,79.0,140.0,87.0
587.23,138.0,103.0,142.0,108.0
587.43,98.0,79.0,141.0,87.0
587.63,116.0,97.0,142.0,102.0
587.83,111.0,87.0,142.0,94.0
588.03,121.0,94.0,142.0,99.0
588.23,126.0,95.0,144.0,101.0
588.43,117.0,91.0,141.0,98.0
588.63,133.0,99.0,144.0,104.0
588.83,108.0,89.0,141.0,96.0
589.03,138.0,103.0,143.0,108.0
589.23,132.0,97.0,141.0,94.0
589.43,143.0,110.0,143.0,113.0
589.63,112.0,84.0,141.0,92.0
589.83,141.0,113.0,142.0,117.0
590.03,108.0,82.0,141.0,90.0
590.23,140.0,115.0,142.0,119.0
590.43,139.0,81.0,141.0,88.0
590.63,151.0,114.0,142.0,118.0
590.83,116.0,80.0,140.0,88.0
591.03,142.0,109.0,142.0,121.0
591.23,109.0,79.0,140.0,92.0
591.43,125.0,103.0,142.0,108.0
591.63,94.0,78.0,140.0,86.0
591.83,118.0,98.0,142.0,104.0
592.03,116.0,90.0,143.0,97.0
592.23,111.0,122.0,142.0,99.0
592.43,130.0,102.0,145.0,104.0
592.63,115.0,90.0,141.0,96.0
592.83,140.0,104.0,144.0,109.0
593.03,108.0,86.0,141.0,94.0
593.23,140.0,110.0,142.0,114.0
593.43,112.0,84.0,141.0,91.0
593.63,141.0,112.0,142.0,116.0
593.83,129.0,82.0,141.0,90.0
594.03,143.0,115.0,142.0,119.0
594.23,140.0,81.0,141.0,101.0
594.43,150.0,117.0,142.0,118.0
594.63,115.0,86.0,140.0,88.0
594.83,130.0,120.0,142.0,111.0
595.03,95.0,81.0,140.0,87.0
595.23,121.0,100.0,142.0,105.0
595.43,97.0,80.0,141.0,88.0
595.63,115.0,96.0,142.0,102.0
595.83,114.0,89.0,143.0,96.0
596.03,111.0,93.0,142.0,99.0
596.23,122.0,93.0,144.0,100.0
596.43,119.0,91.0,142.0,98.0
596.63,138.0,101.0,144.0,107.0
596.83,108.0,88.0,141.0,95.0
597.03,139.0,107.0,143.0,112.0
597.23,108.0,84.0,141.0,97.0
597.43,139.0,109.0,143.0,114.0
597.63,108.0,83.0,141.0,91.0
597.83,140.0,112.0,142.0,117.0
598.03,108.0,86.0,141.0,90.0
598.23,140.0,114.0,142.0,118.0
598.43,131.0,81.0,140.0,89.0
598.63,144.0,116.0,142.0,119.0
598.83,109.0,80.0,140.0,88.0
599.03,141.0,108.0,142.0,113.0
599.23,112.0,79.0,140.0,87.0
599.43,129.0,105.0,142.0,110.0
599.63,95.0,79.0,140.0,87.0
599.83,119.0,99.0,142.0,104.0
600.03,104.0,83.0,141.0,91.0
600.23,114.0,95.0,142.0,101.0
600.43,111.0,87.0,142.0,93.0
600.63,114.0,94.0,142.0,100.0
600.83,125.0,94.0,144.0,100.0
601.03,110.0,91.0,142.0,97.0
601.23,136.0,101.0,144.0,106.0
601.43,112.0,88.0,141.0,95.0
601.63,139.0,107.0,143.0,112.0
601.83,108.0,85.0,141.0,92.0
602.03,140.0,110.0,142.0,114.0
602.23,110.0,102.0,141.0,91.0
602.43,140.0,115.0,142.0,117.0
602.63,108.0,86.0,141.0,90.0
602.83,140.0,116.0,142.0,119.0
603.03,109.0,80.0,140.0,88.0
603.23,135.0,110.0,142.0,114.0
603.43,95.0,79.0,140.0,87.0
603.63,124.0,102.0,142.0,108.0
603.83,94.0,78.0,140.0,86.0
604.03,139.0,98.0,142.0,104.0
604.23,128.0,88.0,142.0,95.0
604.43,115.0,116.0,142.0,108.0
604.63,134.0,102.0,145.0,126.0
604.83,140.0,95.0,142.0,103.0
605.03,156.0,92.0,143.0,100.0
605.23,145.0,92.0,142.0,98.0
605.43,155.0,90.0,143.0,97.0
605.63,145.0,93.0,142.0,99.0
605.83,160.0,94.0,144.0,101.0
606.03,144.0,91.0,142.0,98.0
606.23,155.0,90.0,143.0,97.0
606.43,145.0,111.0,142.0,116.0
606.63,158.0,128.0,143.0,102.0
606.83,145.0,107.0,142.0,115.0
607.03,162.0,107.0,144.0,105.0
607.23,145.0,92.0,142.0,98.0
607.43,164.0,99.0,144.0,105.0
607.63,113.0,123.0,142.0,97.0
607.83,155.0,102.0,144.0,127.0
608.03,144.0,92.0,142.0,129.0
608.23,167.0,101.0,144.0,133.0
608.43,145.0,89.0,141.0,130.0
608.63,164.0,103.0,144.0,126.0
608.83,114.0,87.0,141.0,97.0
609.03,141.0,106.0,143.0,112.0
609.23,117.0,86.0,141.0,93.0
609.43,142.0,109.0,143.0,113.0
609.63,109.0,85.0,141.0,92.0
609.83,141.0,112.0,142.0,116.0
610.03,111.0,83.0,141.0,91.0
610.23,142.0,113.0,142.0,117.0
610.43,124.0,82.0,141.0,90.0
610.63,144.0,115.0,142.0,119.0
610.83,109.0,95.0,140.0,89.0
611.03,142.0,118.0,142.0,120.0
611.23,109.0,88.0,141.0,88.0
611.43,142.0,117.0,142.0,120.0
611.63,109.0,80.0,141.0,88.0
611.83,140.0,114.0,142.0,118.0
612.03,96.0,79.0,140.0,88.0
612.23,140.0,109.0,142.0,114.0
612.43,140.0,79.0,140.0,87.0
612.63,149.0,119.0,142.0,113.0
612.83,112.0,88.0,140.0,87.0
613.03,131.0,107.0,142.0,111.0
613.23,95.0,79.0,140.0,87.0
613.43,127.0,105.0,142.0,110.0
613.63,94.0,79.0,140.0,87.0
613.83,127.0,106.0,142.0,110.0
614.03,94.0,79.0,140.0,87.0
614.24,140.0,119.0,142.0,107.0
614.44,139.0,80.0,140.0,86.0
614.64,147.0,100.0,142.0,105.0
614.84,114.0,78.0,140.0,86.0
615.04,143.0,99.0,142.0,105.0
615.24,115.0,80.0,141.0,89.0
615.44,120.0,97.0,142.0,103.0
615.64,98.0,79.0,141.0,88.0
615.84,140.0,111.0,142.0,103.0
616.04,109.0,80.0,141.0,86.0
616.24,121.0,98.0,142.0,104.0
616.44,104.0,83.0,141.0,91.0
616.64,116.0,96.0,142.0,102.0
616.84,115.0,90.0,142.0,96.0
617.04,113.0,94.0,142.0,100.0
617.24,119.0,91.0,143.0,98.0
617.44,112.0,93.0,142.0,99.0
617.64,120.0,92.0,143.0,99.0
617.84,111.0,119.0,142.0,99.0
618.04,124.0,97.0,143.0,100.0
618.24,111.0,102.0,142.0,98.0
618.44,119.0,92.0,143.0,98.0
618.64,112.0,93.0,142.0,99.0
618.84,124.0,94.0,144.0,101.0
619.04,110.0,92.0,142.0,98.0
619.24,121.0,93.0,143.0,100.0
619.44,111.0,92.0,142.0,98.0
619.64,129.0,97.0,144.0,103.0
619.84,118.0,90.0,142.0,97.0
620.04,136.0,100.0,144.0,105.0
620.24,108.0,89.0,142.0,96.0
620.44,136.0,101.0,144.0,106.0
620.64,114.0,89.0,141.0,95.0
620.84,138.0,102.0,144.0,107.0
621.04,114.0,88.0,141.0,95.0
621.24,139.0,103.0,144.0,108.0
621.44,112.0,87.0,141.0,95.0
621.64,140.0,104.0,143.0,109.0
621.84,110.0,87.0,141.0,94.0
622.04,157.0,104.0,143.0,109.0
622.24,142.0,87.0,141.0,94.0
622.44,159.0,106.0,143.0,111.0
622.64,111.0,86.0,141.0,93.0
622.84,141.0,109.0,143.0,114.0
623.04,114.0,84.0,141.0,92.0
623.24,142.0,111.0,142.0,115.0
623.44,110.0,83.0,141.0,91.0
623.64,141.0,112.0,142.0,116.0
623.84,140.0,82.0,141.0,90.0
624.04,154.0,114.0,142.0,118.0
624.24,115.0,81.0,141.0,89.0
624.44,143.0,115.0,142.0,119.0
624.64,110.0,81.0,141.0,89.0
624.84,142.0,116.0,142.0,120.0
625.04,110.0,80.0,140.0,88.0
625.24,141.0,116.0,142.0,120.0
625.44,109.0,80.0,140.0,88.0
625.64,141.0,114.0,142.0,118.0
625.84,140.0,80.0,140.0,88.0
626.04,150.0,111.0,142.0,115.0
626.24,110.0,79.0,140.0,87.0
626.44,142.0,118.0,142.0,113.0
626.64,140.0,85.0,140.0,87.0
626.84,134.0,105.0,142.0,109.0
627.04,95.0,78.0,140.0,87.0
627.24,124.0,102.0,142.0,107.0
627.44,94.0,78.0,141.0,86.0
627.64,119.0,121.0,142.0,104.0
627.84,106.0,89.0,142.0,93.0
628.04,115.0,122.0,142.0,101.0
628.24,119.0,98.0,143.0,98.0
628.44,112.0,94.0,142.0,99.0
628.64,115.0,90.0,143.0,97.0
628.84,112.0,93.0,142.0,100.0
629.04,117.0,90.0,143.0,96.0
629.24,112.0,93.0,142.0,99.0
629.44,125.0,95.0,144.0,101.0
629.64,140.0,92.0,142.0,98.0
629.84,147.0,97.0,144.0,103.0
630.04,112.0,90.0,142.0,97.0
630.24,128.0,95.0,144.0,101.0
630.44,119.0,91.0,142.0,116.0
630.64,124.0,94.0,143.0,103.0
630.84,111.0,92.0,142.0,99.0
631.04,129.0,96.0,144.0,102.0
631.24,110.0,91.0,142.0,97.0
631.44,129.0,97.0,144.0,103.0
631.64,110.0,91.0,142.0,97.0
631.84,136.0,101.0,144.0,106.0
632.04,140.0,89.0,141.0,96.0
632.24,154.0,102.0,144.0,107.0
632.44,126.0,88.0,141.0,95.0
632.64,141.0,103.0,144.0,109.0
632.84,113.0,87.0,141.0,94.0
633.04,140.0,103.0,144.0,109.0
633.24,131.0,102.0,141.0,94.0
633.44,143.0,106.0,143.0,110.0
633.64,111.0,87.0,141.0,94.0
633.84,141.0,106.0,143.0,111.0
634.04,117.0,86.0,141.0,93.0
634.24,142.0,108.0,143.0,113.0
634.44,115.0,85.0,141.0,92.0
634.64,142.0,109.0,143.0,114.0
634.84,114.0,84.0,141.0,92.0
635.04,142.0,109.0,142.0,114.0
635.24,113.0,84.0,141.0,91.0
635.44,142.0,111.0,142.0,115.0
635.64,140.0,83.0,141.0,91.0
635.84,158.0,111.0,142.0,115.0
636.04,111.0,83.0,141.0,91.0
636.24,141.0,111.0,142.0,115.0
636.44,119.0,83.0,141.0,91.0
636.64,142.0,111.0,142.0,115.0
636.84,109.0,83.0,141.0,91.0
637.04,141.0,112.0,142.0,116.0
637.24,117.0,82.0,141.0,90.0
637.44,142.0,112.0,142.0,116.0
637.64,109.0,83.0,141.0,90.0
637.84,141.0,112.0,142.0,116.0
638.04,109.0,82.0,141.0,90.0
638.24,141.0,114.0,142.0,118.0
638.44,122.0,87.0,141.0,89.0
638.64,143.0,115.0,142.0,118.0
638.84,112.0,81.0,141.0,89.0
639.04,142.0,114.0,142.0,118.0
639.24,113.0,81.0,141.0,89.0
639.44,142.0,116.0,142.0,119.0
639.64,110.0,81.0,140.0,88.0
639.84,141.0,115.0,142.0,119.0
640.04,96.0,80.0,140.0,88.0
640.24,135.0,118.0,142.0,116.0
640.44,95.0,96.0,140.0,87.0
640.64,131.0,111.0,142.0,113.0
640.84,95.0,79.0,140.0,87.0
641.04,127.0,105.0,142.0,110.0
641.24,94.0,79.0,140.0,87.0
641.44,125.0,103.0,142.0,108.0
641.64,94.0,78.0,140.0,86.0
641.84,123.0,101.0,142.0,107.0
642.04,94.0,78.0,140.0,86.0
642.24,124.0,117.0,142.0,107.0
642.44,94.0,80.0,140.0,86.0
642.64,140.0,103.0,142.0,107.0
642.84,139.0,78.0,140.0,86.0
643.04,129.0,101.0,142.0,106.0
643.24,94.0,78.0,140.0,86.0
643.44,140.0,114.0,142.0,105.0
643.64,109.0,80.0,140.0,86.0
643.84,121.0,99.0,142.0,104.0
644.04,100.0,81.0,141.0,89.0
644.24,117.0,97.0,142.0,102.0
644.44,108.0,86.0,142.0,93.0
644.64,115.0,95.0,142.0,101.0
644.84,113.0,88.0,142.0,95.0
645.04,113.0,94.0,142.0,100.0
645.24,113.0,88.0,142.0,96.0
645.44,113.0,94.0,142.0,100.0
645.64,121.0,93.0,143.0,99.0
645.84,117.0,92.0,141.0,98.0
646.04,130.0,96.0,144.0,103.0
646.24,140.0,112.0,142.0,97.0
646.44,163.0,103.0,144.0,106.0
646.64,118.0,89.0,142.0,96.0
646.84,139.0,102.0,144.0,107.0
647.04,113.0,88.0,142.0,95.0
647.24,140.0,104.0,144.0,109.0
647.44,120.0,87.0,141.0,94.0
647.64,142.0,106.0,143.0,111.0
647.84,140.0,85.0,141.0,93.0
648.04,153.0,108.0,142.0,113.0
648.24,112.0,83.0,141.0,91.0
648.44,126.0,76.0,142.0,84.0
648.64,114.0,75.0,145.0,83.0
648.84,92.0,74.0,144.0,83.0
649.04,89.0,74.0,144.0,83.0
649.24,89.0,75.0,142.0,83.0
649.44,90.0,74.0,141.0,83.0
649.64,89.0,74.0,140.0,83.0
649.84,89.0,75.0,140.0,83.0
650.04,89.0,75.0,141.0,83.0
650.24,89.0,74.0,140.0,83.0
650.44,89.0,74.0,141.0,83.0
650.64,89.0,74.0,140.0,83.0
650.84,89.0,74.0,141.0,83.0
651.04,89.0,74.0,141.0,83.0
651.24,89.0,74.0,141.0,83.0
651.44,92.0,75.0,141.0,84.0
651.64,136.0,80.0,145.0,87.0
651.84,107.0,75.0,142.0,84.0
652.04,91.0,74.0,141.0,83.0
652.24,89.0,74.0,140.0,83.0
652.44,118.0,75.0,142.0,83.0
652.64,117.0,77.0,143.0,85.0
